
  .   ____          _            __ _ _
 /\\ / ___'_ __ _ _(_)_ __  __ _ \ \ \ \
( ( )\___ | '_ | '_| | '_ \/ _` | \ \ \ \
 \\/  ___)| |_)| | | | | || (_| |  ) ) ) )
  '  |____| .__|_| |_|_| |_\__, | / / / /
 =========|_|==============|___/=/_/_/_/

 :: Spring Boot ::                (v3.3.4)

2026-09-26T17:22:25.668+05:30  INFO 23996 --- [           main] com.stocksense.StockSenseApplication     : Starting StockSenseApplication v1.0.0 using Java 21.0.10 with PID 23996 (C:\Users\Admin\OneDrive\Documents\Stock_sense_odoo\target\stocksense-1.0.0.jar started by Jagan in C:\Users\Admin\OneDrive\Documents\Stock_sense_odoo)
2026-09-26T17:22:25.680+05:30  INFO 23996 --- [           main] com.stocksense.StockSenseApplication     : No active profile set, falling back to 1 default profile: "default"
2026-09-26T17:22:25.682+05:30 DEBUG 23996 --- [           main] o.s.boot.SpringApplication               : Loading source class com.stocksense.StockSenseApplication
2026-09-26T17:22:25.871+05:30 DEBUG 23996 --- [           main] ConfigServletWebServerApplicationContext : Refreshing org.springframework.boot.web.servlet.context.AnnotationConfigServletWebServerApplicationContext@704deff2
2026-09-26T17:22:29.736+05:30  INFO 23996 --- [           main] .s.d.r.c.RepositoryConfigurationDelegate : Bootstrapping Spring Data JPA repositories in DEFAULT mode.
2026-09-26T17:22:29.840+05:30 DEBUG 23996 --- [           main] o.s.b.a.AutoConfigurationPackages        : @EnableAutoConfiguration was declared on a class in the package 'com.stocksense'. Automatic @Repository and @Entity scanning is enabled.
2026-09-26T17:22:30.105+05:30  INFO 23996 --- [           main] .s.d.r.c.RepositoryConfigurationDelegate : Finished Spring Data repository scanning in 309 ms. Found 4 JPA repository interfaces.
2026-09-26T17:22:33.338+05:30 DEBUG 23996 --- [           main] .s.b.w.e.t.TomcatServletWebServerFactory : Code archive: C:\Users\Admin\OneDrive\Documents\Stock_sense_odoo\target\stocksense-1.0.0.jar
2026-09-26T17:22:33.338+05:30 DEBUG 23996 --- [           main] .s.b.w.e.t.TomcatServletWebServerFactory : Code archive: C:\Users\Admin\OneDrive\Documents\Stock_sense_odoo\target\stocksense-1.0.0.jar
2026-09-26T17:22:33.338+05:30 DEBUG 23996 --- [           main] .s.b.w.e.t.TomcatServletWebServerFactory : None of the document roots [src/main/webapp, public, static] point to a directory and will be ignored.
2026-09-26T17:22:33.415+05:30  INFO 23996 --- [           main] o.s.b.w.embedded.tomcat.TomcatWebServer  : Tomcat initialized with port 8080 (http)
2026-09-26T17:22:33.463+05:30  INFO 23996 --- [           main] o.apache.catalina.core.StandardService   : Starting service [Tomcat]
2026-09-26T17:22:33.472+05:30  INFO 23996 --- [           main] o.apache.catalina.core.StandardEngine    : Starting Servlet engine: [Apache Tomcat/10.1.30]
2026-09-26T17:22:33.658+05:30  INFO 23996 --- [           main] o.a.c.c.C.[Tomcat].[localhost].[/]       : Initializing Spring embedded WebApplicationContext
2026-09-26T17:22:33.658+05:30 DEBUG 23996 --- [           main] w.s.c.ServletWebServerApplicationContext : Published root WebApplicationContext as ServletContext attribute with name [org.springframework.web.context.WebApplicationContext.ROOT]
2026-09-26T17:22:33.674+05:30  INFO 23996 --- [           main] w.s.c.ServletWebServerApplicationContext : Root WebApplicationContext: initialization completed in 7800 ms
2026-09-26T17:22:33.887+05:30  INFO 23996 --- [           main] com.zaxxer.hikari.HikariDataSource       : HikariPool-1 - Starting...
2026-09-26T17:22:39.776+05:30  INFO 23996 --- [           main] com.zaxxer.hikari.pool.HikariPool        : HikariPool-1 - Added connection conn1: url=jdbc:h2:file:./data/stocksense user=SA
2026-09-26T17:22:39.783+05:30  INFO 23996 --- [           main] com.zaxxer.hikari.HikariDataSource       : HikariPool-1 - Start completed.
2026-09-26T17:22:39.828+05:30  INFO 23996 --- [           main] o.s.b.a.h2.H2ConsoleAutoConfiguration    : H2 console available at '/h2-console'. Database available at 'jdbc:h2:file:./data/stocksense'
2026-09-26T17:22:39.894+05:30 DEBUG 23996 --- [           main] o.s.b.w.s.ServletContextInitializerBeans : Mapping filters: characterEncodingFilter urls=[/*] order=-2147483648, formContentFilter urls=[/*] order=-9900, requestContextFilter urls=[/*] order=-105
2026-09-26T17:22:39.894+05:30 DEBUG 23996 --- [           main] o.s.b.w.s.ServletContextInitializerBeans : Mapping servlets: dispatcherServlet urls=[/], h2Console urls=[/h2-console/*]
2026-09-26T17:22:40.006+05:30 DEBUG 23996 --- [           main] o.s.b.w.s.f.OrderedRequestContextFilter  : Filter 'requestContextFilter' configured for use
2026-09-26T17:22:40.012+05:30 DEBUG 23996 --- [           main] s.b.w.s.f.OrderedCharacterEncodingFilter : Filter 'characterEncodingFilter' configured for use
2026-09-26T17:22:40.014+05:30 DEBUG 23996 --- [           main] o.s.b.w.s.f.OrderedFormContentFilter     : Filter 'formContentFilter' configured for use
2026-09-26T17:22:40.374+05:30  INFO 23996 --- [           main] o.hibernate.jpa.internal.util.LogHelper  : HHH000204: Processing PersistenceUnitInfo [name: default]
2026-09-26T17:22:40.798+05:30  INFO 23996 --- [           main] org.hibernate.Version                    : HHH000412: Hibernate ORM core version 6.5.3.Final
2026-09-26T17:22:40.995+05:30  INFO 23996 --- [           main] o.h.c.internal.RegionFactoryInitiator    : HHH000026: Second-level cache disabled
2026-09-26T17:22:42.848+05:30  INFO 23996 --- [           main] o.s.o.j.p.SpringPersistenceUnitInfo      : No LoadTimeWeaver setup: ignoring JPA class transformer
2026-09-26T17:22:43.069+05:30  WARN 23996 --- [           main] org.hibernate.orm.deprecation            : HHH90000025: H2Dialect does not need to be specified explicitly using 'hibernate.dialect' (remove the property setting and it will be selected by default)
2026-09-26T17:22:47.681+05:30  INFO 23996 --- [           main] o.h.e.t.j.p.i.JtaPlatformInitiator       : HHH000489: No JTA platform available (set 'hibernate.transaction.jta.platform' to enable JTA platform integration)
2026-09-26T17:22:48.003+05:30  INFO 23996 --- [           main] j.LocalContainerEntityManagerFactoryBean : Initialized JPA EntityManagerFactory for persistence unit 'default'
2026-09-26T17:22:50.373+05:30  INFO 23996 --- [           main] o.s.d.j.r.query.QueryEnhancerFactory     : Hibernate is in classpath; If applicable, HQL parser will be used.
2026-09-26T17:22:54.625+05:30  INFO 23996 --- [           main] o.s.b.a.w.s.WelcomePageHandlerMapping    : Adding welcome page: URL [file:frontend/index.html]
2026-09-26T17:22:54.909+05:30 DEBUG 23996 --- [           main] s.w.s.m.m.a.RequestMappingHandlerMapping : 26 mappings in 'requestMappingHandlerMapping'
2026-09-26T17:22:54.932+05:30 DEBUG 23996 --- [           main] o.s.w.s.handler.SimpleUrlHandlerMapping  : Patterns [/] in 'viewControllerHandlerMapping'
2026-09-26T17:22:55.154+05:30 DEBUG 23996 --- [           main] o.s.w.s.handler.SimpleUrlHandlerMapping  : Patterns [/webjars/**, /**] in 'resourceHandlerMapping'
2026-09-26T17:22:55.230+05:30 DEBUG 23996 --- [           main] s.w.s.m.m.a.RequestMappingHandlerAdapter : ControllerAdvice beans: 0 @ModelAttribute, 0 @InitBinder, 1 RequestBodyAdvice, 1 ResponseBodyAdvice
2026-09-26T17:22:55.428+05:30 DEBUG 23996 --- [           main] .m.m.a.ExceptionHandlerExceptionResolver : ControllerAdvice beans: 1 @ExceptionHandler, 1 ResponseBodyAdvice
2026-09-26T17:22:55.793+05:30  INFO 23996 --- [           main] o.s.b.w.embedded.tomcat.TomcatWebServer  : Tomcat started on port 8080 (http) with context path '/'
2026-09-26T17:22:55.816+05:30 DEBUG 23996 --- [           main] .s.b.a.l.ConditionEvaluationReportLogger : 


============================
CONDITIONS EVALUATION REPORT
============================


Positive matches:
-----------------

   AopAutoConfiguration matched:
      - @ConditionalOnProperty (spring.aop.auto=true) matched (OnPropertyCondition)

   AopAutoConfiguration.AspectJAutoProxyingConfiguration matched:
      - @ConditionalOnClass found required class 'org.aspectj.weaver.Advice' (OnClassCondition)

   AopAutoConfiguration.AspectJAutoProxyingConfiguration.CglibAutoProxyConfiguration matched:
      - @ConditionalOnProperty (spring.aop.proxy-target-class=true) matched (OnPropertyCondition)

   ApplicationAvailabilityAutoConfiguration#applicationAvailability matched:
      - @ConditionalOnMissingBean (types: org.springframework.boot.availability.ApplicationAvailability; SearchStrategy: all) did not find any beans (OnBeanCondition)

   DataSourceAutoConfiguration matched:
      - @ConditionalOnClass found required classes 'javax.sql.DataSource', 'org.springframework.jdbc.datasource.embedded.EmbeddedDatabaseType' (OnClassCondition)
      - @ConditionalOnMissingBean (types: io.r2dbc.spi.ConnectionFactory; SearchStrategy: all) did not find any beans (OnBeanCondition)

   DataSourceAutoConfiguration.PooledDataSourceConfiguration matched:
      - AnyNestedCondition 1 matched 1 did not; NestedCondition on DataSourceAutoConfiguration.PooledDataSourceCondition.PooledDataSourceAvailable PooledDataSource found supported DataSource; NestedCondition on DataSourceAutoConfiguration.PooledDataSourceCondition.ExplicitType @ConditionalOnProperty (spring.datasource.type) did not find property 'type' (DataSourceAutoConfiguration.PooledDataSourceCondition)
      - @ConditionalOnMissingBean (types: javax.sql.DataSource,javax.sql.XADataSource; SearchStrategy: all) did not find any beans (OnBeanCondition)

   DataSourceAutoConfiguration.PooledDataSourceConfiguration#jdbcConnectionDetails matched:
      - @ConditionalOnMissingBean (types: org.springframework.boot.autoconfigure.jdbc.JdbcConnectionDetails; SearchStrategy: all) did not find any beans (OnBeanCondition)

   DataSourceConfiguration.Hikari matched:
      - @ConditionalOnClass found required class 'com.zaxxer.hikari.HikariDataSource' (OnClassCondition)
      - @ConditionalOnProperty (spring.datasource.type=com.zaxxer.hikari.HikariDataSource) matched (OnPropertyCondition)
      - @ConditionalOnMissingBean (types: javax.sql.DataSource; SearchStrategy: all) did not find any beans (OnBeanCondition)

   DataSourceInitializationConfiguration matched:
      - @ConditionalOnClass found required class 'org.springframework.jdbc.datasource.init.DatabasePopulator' (OnClassCondition)
      - @ConditionalOnSingleCandidate (types: javax.sql.DataSource; SearchStrategy: all) found a single bean 'dataSource'; @ConditionalOnMissingBean (types: org.springframework.boot.autoconfigure.sql.init.SqlDataSourceScriptDatabaseInitializer,org.springframework.boot.autoconfigure.sql.init.SqlR2dbcScriptDatabaseInitializer; SearchStrategy: all) did not find any beans (OnBeanCondition)

   DataSourceJmxConfiguration matched:
      - @ConditionalOnProperty (spring.jmx.enabled=true) matched (OnPropertyCondition)

   DataSourceJmxConfiguration.Hikari matched:
      - @ConditionalOnClass found required class 'com.zaxxer.hikari.HikariDataSource' (OnClassCondition)
      - @ConditionalOnSingleCandidate (types: javax.sql.DataSource; SearchStrategy: all) found a single bean 'dataSource' (OnBeanCondition)

   DataSourcePoolMetadataProvidersConfiguration.HikariPoolDataSourceMetadataProviderConfiguration matched:
      - @ConditionalOnClass found required class 'com.zaxxer.hikari.HikariDataSource' (OnClassCondition)

   DataSourceTransactionManagerAutoConfiguration matched:
      - @ConditionalOnClass found required classes 'javax.sql.DataSource', 'org.springframework.jdbc.core.JdbcTemplate', 'org.springframework.transaction.TransactionManager' (OnClassCondition)

   DataSourceTransactionManagerAutoConfiguration.JdbcTransactionManagerConfiguration matched:
      - @ConditionalOnSingleCandidate (types: javax.sql.DataSource; SearchStrategy: all) found a single bean 'dataSource' (OnBeanCondition)

   DispatcherServletAutoConfiguration matched:
      - @ConditionalOnClass found required class 'org.springframework.web.servlet.DispatcherServlet' (OnClassCondition)
      - found 'session' scope (OnWebApplicationCondition)

   DispatcherServletAutoConfiguration.DispatcherServletConfiguration matched:
      - @ConditionalOnClass found required class 'jakarta.servlet.ServletRegistration' (OnClassCondition)
      - Default DispatcherServlet did not find dispatcher servlet beans (DispatcherServletAutoConfiguration.DefaultDispatcherServletCondition)

   DispatcherServletAutoConfiguration.DispatcherServletRegistrationConfiguration matched:
      - @ConditionalOnClass found required class 'jakarta.servlet.ServletRegistration' (OnClassCondition)
      - DispatcherServlet Registration did not find servlet registration bean (DispatcherServletAutoConfiguration.DispatcherServletRegistrationCondition)

   DispatcherServletAutoConfiguration.DispatcherServletRegistrationConfiguration#dispatcherServletRegistration matched:
      - @ConditionalOnBean (names: dispatcherServlet types: org.springframework.web.servlet.DispatcherServlet; SearchStrategy: all) found bean 'dispatcherServlet' (OnBeanCondition)

   EmbeddedWebServerFactoryCustomizerAutoConfiguration matched:
      - @ConditionalOnWebApplication (required) found 'session' scope (OnWebApplicationCondition)
      - @ConditionalOnWarDeployment the application is not deployed as a WAR file. (OnWarDeploymentCondition)

   EmbeddedWebServerFactoryCustomizerAutoConfiguration.TomcatWebServerFactoryCustomizerConfiguration matched:
      - @ConditionalOnClass found required classes 'org.apache.catalina.startup.Tomcat', 'org.apache.coyote.UpgradeProtocol' (OnClassCondition)

   ErrorMvcAutoConfiguration matched:
      - @ConditionalOnClass found required classes 'jakarta.servlet.Servlet', 'org.springframework.web.servlet.DispatcherServlet' (OnClassCondition)
      - found 'session' scope (OnWebApplicationCondition)

   ErrorMvcAutoConfiguration#basicErrorController matched:
      - @ConditionalOnMissingBean (types: org.springframework.boot.web.servlet.error.ErrorController; SearchStrategy: current) did not find any beans (OnBeanCondition)

   ErrorMvcAutoConfiguration#errorAttributes matched:
      - @ConditionalOnMissingBean (types: org.springframework.boot.web.servlet.error.ErrorAttributes; SearchStrategy: current) did not find any beans (OnBeanCondition)

   ErrorMvcAutoConfiguration.DefaultErrorViewResolverConfiguration#conventionErrorViewResolver matched:
      - @ConditionalOnBean (types: org.springframework.web.servlet.DispatcherServlet; SearchStrategy: all) found bean 'dispatcherServlet'; @ConditionalOnMissingBean (types: org.springframework.boot.autoconfigure.web.servlet.error.ErrorViewResolver; SearchStrategy: all) did not find any beans (OnBeanCondition)

   ErrorMvcAutoConfiguration.WhitelabelErrorViewConfiguration matched:
      - @ConditionalOnProperty (server.error.whitelabel.enabled) matched (OnPropertyCondition)
      - ErrorTemplate Missing did not find error template view (ErrorMvcAutoConfiguration.ErrorTemplateMissingCondition)

   ErrorMvcAutoConfiguration.WhitelabelErrorViewConfiguration#beanNameViewResolver matched:
      - @ConditionalOnMissingBean (types: org.springframework.web.servlet.view.BeanNameViewResolver; SearchStrategy: all) did not find any beans (OnBeanCondition)

   ErrorMvcAutoConfiguration.WhitelabelErrorViewConfiguration#defaultErrorView matched:
      - @ConditionalOnMissingBean (names: error; SearchStrategy: all) did not find any beans (OnBeanCondition)

   GenericCacheConfiguration matched:
      - Cache org.springframework.boot.autoconfigure.cache.GenericCacheConfiguration automatic cache type (CacheCondition)

   H2ConsoleAutoConfiguration matched:
      - @ConditionalOnClass found required class 'org.h2.server.web.JakartaWebServlet' (OnClassCondition)
      - found 'session' scope (OnWebApplicationCondition)
      - @ConditionalOnProperty (spring.h2.console.enabled=true) matched (OnPropertyCondition)

   HibernateJpaAutoConfiguration matched:
      - @ConditionalOnClass found required classes 'org.springframework.orm.jpa.LocalContainerEntityManagerFactoryBean', 'jakarta.persistence.EntityManager', 'org.hibernate.engine.spi.SessionImplementor' (OnClassCondition)

   HibernateJpaConfiguration matched:
      - @ConditionalOnSingleCandidate (types: javax.sql.DataSource; SearchStrategy: all) found a single bean 'dataSource' (OnBeanCondition)

   HttpEncodingAutoConfiguration matched:
      - @ConditionalOnClass found required class 'org.springframework.web.filter.CharacterEncodingFilter' (OnClassCondition)
      - found 'session' scope (OnWebApplicationCondition)
      - @ConditionalOnProperty (server.servlet.encoding.enabled) matched (OnPropertyCondition)

   HttpEncodingAutoConfiguration#characterEncodingFilter matched:
      - @ConditionalOnMissingBean (types: org.springframework.web.filter.CharacterEncodingFilter; SearchStrategy: all) did not find any beans (OnBeanCondition)

   HttpMessageConvertersAutoConfiguration matched:
      - @ConditionalOnClass found required class 'org.springframework.http.converter.HttpMessageConverter' (OnClassCondition)
      - NoneNestedConditions 0 matched 1 did not; NestedCondition on HttpMessageConvertersAutoConfiguration.NotReactiveWebApplicationCondition.ReactiveWebApplication did not find reactive web application classes (HttpMessageConvertersAutoConfiguration.NotReactiveWebApplicationCondition)

   HttpMessageConvertersAutoConfiguration#messageConverters matched:
      - @ConditionalOnMissingBean (types: org.springframework.boot.autoconfigure.http.HttpMessageConverters; SearchStrategy: all) did not find any beans (OnBeanCondition)

   HttpMessageConvertersAutoConfiguration.StringHttpMessageConverterConfiguration matched:
      - @ConditionalOnClass found required class 'org.springframework.http.converter.StringHttpMessageConverter' (OnClassCondition)

   HttpMessageConvertersAutoConfiguration.StringHttpMessageConverterConfiguration#stringHttpMessageConverter matched:
      - @ConditionalOnMissingBean (types: org.springframework.http.converter.StringHttpMessageConverter; SearchStrategy: all) did not find any beans (OnBeanCondition)

   JacksonAutoConfiguration matched:
      - @ConditionalOnClass found required class 'com.fasterxml.jackson.databind.ObjectMapper' (OnClassCondition)

   JacksonAutoConfiguration.Jackson2ObjectMapperBuilderCustomizerConfiguration matched:
      - @ConditionalOnClass found required class 'org.springframework.http.converter.json.Jackson2ObjectMapperBuilder' (OnClassCondition)

   JacksonAutoConfiguration.JacksonObjectMapperBuilderConfiguration matched:
      - @ConditionalOnClass found required class 'org.springframework.http.converter.json.Jackson2ObjectMapperBuilder' (OnClassCondition)

   JacksonAutoConfiguration.JacksonObjectMapperBuilderConfiguration#jacksonObjectMapperBuilder matched:
      - @ConditionalOnMissingBean (types: org.springframework.http.converter.json.Jackson2ObjectMapperBuilder; SearchStrategy: all) did not find any beans (OnBeanCondition)

   JacksonAutoConfiguration.JacksonObjectMapperConfiguration matched:
      - @ConditionalOnClass found required class 'org.springframework.http.converter.json.Jackson2ObjectMapperBuilder' (OnClassCondition)

   JacksonAutoConfiguration.JacksonObjectMapperConfiguration#jacksonObjectMapper matched:
      - @ConditionalOnMissingBean (types: com.fasterxml.jackson.databind.ObjectMapper; SearchStrategy: all) did not find any beans (OnBeanCondition)

   JacksonAutoConfiguration.ParameterNamesModuleConfiguration matched:
      - @ConditionalOnClass found required class 'com.fasterxml.jackson.module.paramnames.ParameterNamesModule' (OnClassCondition)

   JacksonAutoConfiguration.ParameterNamesModuleConfiguration#parameterNamesModule matched:
      - @ConditionalOnMissingBean (types: com.fasterxml.jackson.module.paramnames.ParameterNamesModule; SearchStrategy: all) did not find any beans (OnBeanCondition)

   JacksonHttpMessageConvertersConfiguration.MappingJackson2HttpMessageConverterConfiguration matched:
      - @ConditionalOnClass found required class 'com.fasterxml.jackson.databind.ObjectMapper' (OnClassCondition)
      - @ConditionalOnProperty (spring.mvc.converters.preferred-json-mapper=jackson) matched (OnPropertyCondition)
      - @ConditionalOnBean (types: com.fasterxml.jackson.databind.ObjectMapper; SearchStrategy: all) found bean 'jacksonObjectMapper' (OnBeanCondition)

   JacksonHttpMessageConvertersConfiguration.MappingJackson2HttpMessageConverterConfiguration#mappingJackson2HttpMessageConverter matched:
      - @ConditionalOnMissingBean (types: org.springframework.http.converter.json.MappingJackson2HttpMessageConverter ignored: org.springframework.hateoas.server.mvc.TypeConstrainedMappingJackson2HttpMessageConverter,org.springframework.data.rest.webmvc.alps.AlpsJsonHttpMessageConverter; SearchStrategy: all) did not find any beans (OnBeanCondition)

   JdbcClientAutoConfiguration matched:
      - @ConditionalOnSingleCandidate (types: org.springframework.jdbc.core.namedparam.NamedParameterJdbcTemplate; SearchStrategy: all) found a single bean 'namedParameterJdbcTemplate'; @ConditionalOnMissingBean (types: org.springframework.jdbc.core.simple.JdbcClient; SearchStrategy: all) did not find any beans (OnBeanCondition)

   JdbcTemplateAutoConfiguration matched:
      - @ConditionalOnClass found required classes 'javax.sql.DataSource', 'org.springframework.jdbc.core.JdbcTemplate' (OnClassCondition)
      - @ConditionalOnSingleCandidate (types: javax.sql.DataSource; SearchStrategy: all) found a single bean 'dataSource' (OnBeanCondition)

   JdbcTemplateConfiguration matched:
      - @ConditionalOnMissingBean (types: org.springframework.jdbc.core.JdbcOperations; SearchStrategy: all) did not find any beans (OnBeanCondition)

   JpaBaseConfiguration#entityManagerFactory matched:
      - @ConditionalOnMissingBean (types: org.springframework.orm.jpa.LocalContainerEntityManagerFactoryBean,jakarta.persistence.EntityManagerFactory; SearchStrategy: all) did not find any beans (OnBeanCondition)

   JpaBaseConfiguration#entityManagerFactoryBuilder matched:
      - @ConditionalOnMissingBean (types: org.springframework.boot.orm.jpa.EntityManagerFactoryBuilder; SearchStrategy: all) did not find any beans (OnBeanCondition)

   JpaBaseConfiguration#jpaVendorAdapter matched:
      - @ConditionalOnMissingBean (types: org.springframework.orm.jpa.JpaVendorAdapter; SearchStrategy: all) did not find any beans (OnBeanCondition)

   JpaBaseConfiguration#transactionManager matched:
      - @ConditionalOnMissingBean (types: org.springframework.transaction.TransactionManager; SearchStrategy: all) did not find any beans (OnBeanCondition)

   JpaBaseConfiguration.PersistenceManagedTypesConfiguration matched:
      - @ConditionalOnMissingBean (types: org.springframework.orm.jpa.LocalContainerEntityManagerFactoryBean,jakarta.persistence.EntityManagerFactory; SearchStrategy: all) did not find any beans (OnBeanCondition)

   JpaBaseConfiguration.PersistenceManagedTypesConfiguration#persistenceManagedTypes matched:
      - @ConditionalOnMissingBean (types: org.springframework.orm.jpa.persistenceunit.PersistenceManagedTypes; SearchStrategy: all) did not find any beans (OnBeanCondition)

   JpaRepositoriesAutoConfiguration matched:
      - @ConditionalOnClass found required class 'org.springframework.data.jpa.repository.JpaRepository' (OnClassCondition)
      - @ConditionalOnProperty (spring.data.jpa.repositories.enabled=true) matched (OnPropertyCondition)
      - @ConditionalOnBean (types: javax.sql.DataSource; SearchStrategy: all) found bean 'dataSource'; @ConditionalOnMissingBean (types: org.springframework.data.jpa.repository.support.JpaRepositoryFactoryBean,org.springframework.data.jpa.repository.config.JpaRepositoryConfigExtension; SearchStrategy: all) did not find any beans (OnBeanCondition)

   JtaAutoConfiguration matched:
      - @ConditionalOnClass found required class 'jakarta.transaction.Transaction' (OnClassCondition)
      - @ConditionalOnProperty (spring.jta.enabled) matched (OnPropertyCondition)

   LifecycleAutoConfiguration#defaultLifecycleProcessor matched:
      - @ConditionalOnMissingBean (names: lifecycleProcessor; SearchStrategy: current) did not find any beans (OnBeanCondition)

   MultipartAutoConfiguration matched:
      - @ConditionalOnClass found required classes 'jakarta.servlet.Servlet', 'org.springframework.web.multipart.support.StandardServletMultipartResolver', 'jakarta.servlet.MultipartConfigElement' (OnClassCondition)
      - found 'session' scope (OnWebApplicationCondition)
      - @ConditionalOnProperty (spring.servlet.multipart.enabled) matched (OnPropertyCondition)

   MultipartAutoConfiguration#multipartConfigElement matched:
      - @ConditionalOnMissingBean (types: jakarta.servlet.MultipartConfigElement; SearchStrategy: all) did not find any beans (OnBeanCondition)

   MultipartAutoConfiguration#multipartResolver matched:
      - @ConditionalOnMissingBean (types: org.springframework.web.multipart.MultipartResolver; SearchStrategy: all) did not find any beans (OnBeanCondition)

   NamedParameterJdbcTemplateConfiguration matched:
      - @ConditionalOnSingleCandidate (types: org.springframework.jdbc.core.JdbcTemplate; SearchStrategy: all) found a single bean 'jdbcTemplate'; @ConditionalOnMissingBean (types: org.springframework.jdbc.core.namedparam.NamedParameterJdbcOperations; SearchStrategy: all) did not find any beans (OnBeanCondition)

   NoOpCacheConfiguration matched:
      - Cache org.springframework.boot.autoconfigure.cache.NoOpCacheConfiguration automatic cache type (CacheCondition)

   PersistenceExceptionTranslationAutoConfiguration matched:
      - @ConditionalOnClass found required class 'org.springframework.dao.annotation.PersistenceExceptionTranslationPostProcessor' (OnClassCondition)

   PersistenceExceptionTranslationAutoConfiguration#persistenceExceptionTranslationPostProcessor matched:
      - @ConditionalOnProperty (spring.dao.exceptiontranslation.enabled) matched (OnPropertyCondition)
      - @ConditionalOnMissingBean (types: org.springframework.dao.annotation.PersistenceExceptionTranslationPostProcessor; SearchStrategy: all) did not find any beans (OnBeanCondition)

   PropertyPlaceholderAutoConfiguration#propertySourcesPlaceholderConfigurer matched:
      - @ConditionalOnMissingBean (types: org.springframework.context.support.PropertySourcesPlaceholderConfigurer; SearchStrategy: current) did not find any beans (OnBeanCondition)

   RestClientAutoConfiguration matched:
      - @ConditionalOnClass found required class 'org.springframework.web.client.RestClient' (OnClassCondition)
      - NoneNestedConditions 0 matched 1 did not; NestedCondition on NotReactiveWebApplicationCondition.ReactiveWebApplication did not find reactive web application classes (NotReactiveWebApplicationCondition)

   RestClientAutoConfiguration#httpMessageConvertersRestClientCustomizer matched:
      - @ConditionalOnMissingBean (types: org.springframework.boot.autoconfigure.web.client.HttpMessageConvertersRestClientCustomizer; SearchStrategy: all) did not find any beans (OnBeanCondition)

   RestClientAutoConfiguration#restClientBuilder matched:
      - @ConditionalOnMissingBean (types: org.springframework.web.client.RestClient$Builder; SearchStrategy: all) did not find any beans (OnBeanCondition)

   RestClientAutoConfiguration#restClientBuilderConfigurer matched:
      - @ConditionalOnMissingBean (types: org.springframework.boot.autoconfigure.web.client.RestClientBuilderConfigurer; SearchStrategy: all) did not find any beans (OnBeanCondition)

   RestClientAutoConfiguration#restClientSsl matched:
      - @ConditionalOnBean (types: org.springframework.boot.ssl.SslBundles; SearchStrategy: all) found bean 'sslBundleRegistry'; @ConditionalOnMissingBean (types: org.springframework.boot.autoconfigure.web.client.RestClientSsl; SearchStrategy: all) did not find any beans (OnBeanCondition)

   RestTemplateAutoConfiguration matched:
      - @ConditionalOnClass found required class 'org.springframework.web.client.RestTemplate' (OnClassCondition)
      - NoneNestedConditions 0 matched 1 did not; NestedCondition on NotReactiveWebApplicationCondition.ReactiveWebApplication did not find reactive web application classes (NotReactiveWebApplicationCondition)

   RestTemplateAutoConfiguration#restTemplateBuilder matched:
      - @ConditionalOnMissingBean (types: org.springframework.boot.web.client.RestTemplateBuilder; SearchStrategy: all) did not find any beans (OnBeanCondition)

   ServletWebServerFactoryAutoConfiguration matched:
      - @ConditionalOnClass found required class 'jakarta.servlet.ServletRequest' (OnClassCondition)
      - found 'session' scope (OnWebApplicationCondition)

   ServletWebServerFactoryAutoConfiguration#tomcatServletWebServerFactoryCustomizer matched:
      - @ConditionalOnClass found required class 'org.apache.catalina.startup.Tomcat' (OnClassCondition)

   ServletWebServerFactoryConfiguration.EmbeddedTomcat matched:
      - @ConditionalOnClass found required classes 'jakarta.servlet.Servlet', 'org.apache.catalina.startup.Tomcat', 'org.apache.coyote.UpgradeProtocol' (OnClassCondition)
      - @ConditionalOnMissingBean (types: org.springframework.boot.web.servlet.server.ServletWebServerFactory; SearchStrategy: current) did not find any beans (OnBeanCondition)

   SimpleCacheConfiguration matched:
      - Cache org.springframework.boot.autoconfigure.cache.SimpleCacheConfiguration automatic cache type (CacheCondition)

   SpringDataWebAutoConfiguration matched:
      - @ConditionalOnClass found required classes 'org.springframework.data.web.PageableHandlerMethodArgumentResolver', 'org.springframework.web.servlet.config.annotation.WebMvcConfigurer' (OnClassCondition)
      - found 'session' scope (OnWebApplicationCondition)
      - @ConditionalOnMissingBean (types: org.springframework.data.web.PageableHandlerMethodArgumentResolver; SearchStrategy: all) did not find any beans (OnBeanCondition)

   SpringDataWebAutoConfiguration#pageableCustomizer matched:
      - @ConditionalOnMissingBean (types: org.springframework.data.web.config.PageableHandlerMethodArgumentResolverCustomizer; SearchStrategy: all) did not find any beans (OnBeanCondition)

   SpringDataWebAutoConfiguration#sortCustomizer matched:
      - @ConditionalOnMissingBean (types: org.springframework.data.web.config.SortHandlerMethodArgumentResolverCustomizer; SearchStrategy: all) did not find any beans (OnBeanCondition)

   SqlInitializationAutoConfiguration matched:
      - @ConditionalOnProperty (spring.sql.init.enabled) matched (OnPropertyCondition)
      - NoneNestedConditions 0 matched 1 did not; NestedCondition on SqlInitializationAutoConfiguration.SqlInitializationModeCondition.ModeIsNever @ConditionalOnProperty (spring.sql.init.mode=never) did not find property 'mode' (SqlInitializationAutoConfiguration.SqlInitializationModeCondition)

   SslAutoConfiguration#sslBundleRegistry matched:
      - @ConditionalOnMissingBean (types: org.springframework.boot.ssl.SslBundleRegistry,org.springframework.boot.ssl.SslBundles; SearchStrategy: all) did not find any beans (OnBeanCondition)

   TaskExecutionAutoConfiguration matched:
      - @ConditionalOnClass found required class 'org.springframework.scheduling.concurrent.ThreadPoolTaskExecutor' (OnClassCondition)

   TaskExecutorConfigurations.SimpleAsyncTaskExecutorBuilderConfiguration#simpleAsyncTaskExecutorBuilder matched:
      - @ConditionalOnMissingBean (types: org.springframework.boot.task.SimpleAsyncTaskExecutorBuilder; SearchStrategy: all) did not find any beans (OnBeanCondition)
      - @ConditionalOnThreading found PLATFORM (OnThreadingCondition)

   TaskExecutorConfigurations.TaskExecutorBuilderConfiguration#taskExecutorBuilder matched:
      - @ConditionalOnMissingBean (types: org.springframework.boot.task.TaskExecutorBuilder; SearchStrategy: all) did not find any beans (OnBeanCondition)

   TaskExecutorConfigurations.TaskExecutorConfiguration matched:
      - @ConditionalOnMissingBean (types: java.util.concurrent.Executor; SearchStrategy: all) did not find any beans (OnBeanCondition)

   TaskExecutorConfigurations.TaskExecutorConfiguration#applicationTaskExecutor matched:
      - @ConditionalOnThreading found PLATFORM (OnThreadingCondition)

   TaskExecutorConfigurations.ThreadPoolTaskExecutorBuilderConfiguration#threadPoolTaskExecutorBuilder matched:
      - @ConditionalOnMissingBean (types: org.springframework.boot.task.TaskExecutorBuilder,org.springframework.boot.task.ThreadPoolTaskExecutorBuilder; SearchStrategy: all) did not find any beans (OnBeanCondition)

   TaskSchedulingAutoConfiguration matched:
      - @ConditionalOnClass found required class 'org.springframework.scheduling.concurrent.ThreadPoolTaskScheduler' (OnClassCondition)

   TaskSchedulingConfigurations.SimpleAsyncTaskSchedulerBuilderConfiguration#simpleAsyncTaskSchedulerBuilder matched:
      - @ConditionalOnMissingBean (types: org.springframework.boot.task.SimpleAsyncTaskSchedulerBuilder; SearchStrategy: all) did not find any beans (OnBeanCondition)
      - @ConditionalOnThreading found PLATFORM (OnThreadingCondition)

   TaskSchedulingConfigurations.TaskSchedulerBuilderConfiguration#taskSchedulerBuilder matched:
      - @ConditionalOnMissingBean (types: org.springframework.boot.task.TaskSchedulerBuilder; SearchStrategy: all) did not find any beans (OnBeanCondition)

   TaskSchedulingConfigurations.ThreadPoolTaskSchedulerBuilderConfiguration#threadPoolTaskSchedulerBuilder matched:
      - @ConditionalOnMissingBean (types: org.springframework.boot.task.TaskSchedulerBuilder,org.springframework.boot.task.ThreadPoolTaskSchedulerBuilder; SearchStrategy: all) did not find any beans (OnBeanCondition)

   TransactionAutoConfiguration matched:
      - @ConditionalOnClass found required class 'org.springframework.transaction.PlatformTransactionManager' (OnClassCondition)

   TransactionAutoConfiguration.EnableTransactionManagementConfiguration matched:
      - @ConditionalOnBean (types: org.springframework.transaction.TransactionManager; SearchStrategy: all) found bean 'transactionManager'; @ConditionalOnMissingBean (types: org.springframework.transaction.annotation.AbstractTransactionManagementConfiguration; SearchStrategy: all) did not find any beans (OnBeanCondition)

   TransactionAutoConfiguration.EnableTransactionManagementConfiguration.CglibAutoProxyConfiguration matched:
      - @ConditionalOnProperty (spring.aop.proxy-target-class=true) matched (OnPropertyCondition)

   TransactionAutoConfiguration.TransactionTemplateConfiguration matched:
      - @ConditionalOnSingleCandidate (types: org.springframework.transaction.PlatformTransactionManager; SearchStrategy: all) found a single bean 'transactionManager' (OnBeanCondition)

   TransactionAutoConfiguration.TransactionTemplateConfiguration#transactionTemplate matched:
      - @ConditionalOnMissingBean (types: org.springframework.transaction.support.TransactionOperations; SearchStrategy: all) did not find any beans (OnBeanCondition)

   TransactionManagerCustomizationAutoConfiguration matched:
      - @ConditionalOnClass found required class 'org.springframework.transaction.PlatformTransactionManager' (OnClassCondition)

   TransactionManagerCustomizationAutoConfiguration#platformTransactionManagerCustomizers matched:
      - @ConditionalOnMissingBean (types: org.springframework.boot.autoconfigure.transaction.TransactionManagerCustomizers; SearchStrategy: all) did not find any beans (OnBeanCondition)

   ValidationAutoConfiguration matched:
      - @ConditionalOnClass found required class 'jakarta.validation.executable.ExecutableValidator' (OnClassCondition)
      - @ConditionalOnResource found location classpath:META-INF/services/jakarta.validation.spi.ValidationProvider (OnResourceCondition)

   ValidationAutoConfiguration#defaultValidator matched:
      - @ConditionalOnMissingBean (types: jakarta.validation.Validator; SearchStrategy: all) did not find any beans (OnBeanCondition)

   ValidationAutoConfiguration#methodValidationPostProcessor matched:
      - @ConditionalOnMissingBean (types: org.springframework.validation.beanvalidation.MethodValidationPostProcessor; SearchStrategy: current) did not find any beans (OnBeanCondition)

   WebMvcAutoConfiguration matched:
      - @ConditionalOnClass found required classes 'jakarta.servlet.Servlet', 'org.springframework.web.servlet.DispatcherServlet', 'org.springframework.web.servlet.config.annotation.WebMvcConfigurer' (OnClassCondition)
      - found 'session' scope (OnWebApplicationCondition)
      - @ConditionalOnMissingBean (types: org.springframework.web.servlet.config.annotation.WebMvcConfigurationSupport; SearchStrategy: all) did not find any beans (OnBeanCondition)

   WebMvcAutoConfiguration#formContentFilter matched:
      - @ConditionalOnProperty (spring.mvc.formcontent.filter.enabled) matched (OnPropertyCondition)
      - @ConditionalOnMissingBean (types: org.springframework.web.filter.FormContentFilter; SearchStrategy: all) did not find any beans (OnBeanCondition)

   WebMvcAutoConfiguration.EnableWebMvcConfiguration#flashMapManager matched:
      - @ConditionalOnMissingBean (names: flashMapManager; SearchStrategy: all) did not find any beans (OnBeanCondition)

   WebMvcAutoConfiguration.EnableWebMvcConfiguration#localeResolver matched:
      - @ConditionalOnMissingBean (names: localeResolver; SearchStrategy: all) did not find any beans (OnBeanCondition)

   WebMvcAutoConfiguration.EnableWebMvcConfiguration#themeResolver matched:
      - @ConditionalOnMissingBean (names: themeResolver; SearchStrategy: all) did not find any beans (OnBeanCondition)

   WebMvcAutoConfiguration.WebMvcAutoConfigurationAdapter#defaultViewResolver matched:
      - @ConditionalOnMissingBean (types: org.springframework.web.servlet.view.InternalResourceViewResolver; SearchStrategy: all) did not find any beans (OnBeanCondition)

   WebMvcAutoConfiguration.WebMvcAutoConfigurationAdapter#requestContextFilter matched:
      - @ConditionalOnMissingBean (types: org.springframework.web.context.request.RequestContextListener,org.springframework.web.filter.RequestContextFilter; SearchStrategy: all) did not find any beans (OnBeanCondition)

   WebMvcAutoConfiguration.WebMvcAutoConfigurationAdapter#viewResolver matched:
      - @ConditionalOnBean (types: org.springframework.web.servlet.ViewResolver; SearchStrategy: all) found beans 'defaultViewResolver', 'beanNameViewResolver', 'mvcViewResolver'; @ConditionalOnMissingBean (names: viewResolver types: org.springframework.web.servlet.view.ContentNegotiatingViewResolver; SearchStrategy: all) did not find any beans (OnBeanCondition)

   WebSocketServletAutoConfiguration matched:
      - @ConditionalOnClass found required classes 'jakarta.servlet.Servlet', 'jakarta.websocket.server.ServerContainer' (OnClassCondition)
      - found 'session' scope (OnWebApplicationCondition)

   WebSocketServletAutoConfiguration.TomcatWebSocketConfiguration matched:
      - @ConditionalOnClass found required classes 'org.apache.catalina.startup.Tomcat', 'org.apache.tomcat.websocket.server.WsSci' (OnClassCondition)

   WebSocketServletAutoConfiguration.TomcatWebSocketConfiguration#websocketServletWebServerCustomizer matched:
      - @ConditionalOnMissingBean (names: websocketServletWebServerCustomizer; SearchStrategy: all) did not find any beans (OnBeanCondition)


Negative matches:
-----------------

   ActiveMQAutoConfiguration:
      Did not match:
         - @ConditionalOnClass did not find required class 'jakarta.jms.ConnectionFactory' (OnClassCondition)

   AopAutoConfiguration.AspectJAutoProxyingConfiguration.JdkDynamicAutoProxyConfiguration:
      Did not match:
         - @ConditionalOnProperty (spring.aop.proxy-target-class=false) did not find property 'proxy-target-class' (OnPropertyCondition)

   AopAutoConfiguration.ClassProxyingConfiguration:
      Did not match:
         - @ConditionalOnMissingClass found unwanted class 'org.aspectj.weaver.Advice' (OnClassCondition)

   ArtemisAutoConfiguration:
      Did not match:
         - @ConditionalOnClass did not find required class 'jakarta.jms.ConnectionFactory' (OnClassCondition)

   BatchAutoConfiguration:
      Did not match:
         - @ConditionalOnClass did not find required class 'org.springframework.batch.core.launch.JobLauncher' (OnClassCondition)

   Cache2kCacheConfiguration:
      Did not match:
         - @ConditionalOnClass did not find required class 'org.cache2k.Cache2kBuilder' (OnClassCondition)

   CacheAutoConfiguration:
      Did not match:
         - @ConditionalOnBean (types: org.springframework.cache.interceptor.CacheAspectSupport; SearchStrategy: all) did not find any beans of type org.springframework.cache.interceptor.CacheAspectSupport (OnBeanCondition)
      Matched:
         - @ConditionalOnClass found required class 'org.springframework.cache.CacheManager' (OnClassCondition)

   CacheAutoConfiguration.CacheManagerEntityManagerFactoryDependsOnPostProcessor:
      Did not match:
         - Ancestor org.springframework.boot.autoconfigure.cache.CacheAutoConfiguration did not match (ConditionEvaluationReport.AncestorsMatchedCondition)
      Matched:
         - @ConditionalOnClass found required class 'org.springframework.orm.jpa.LocalContainerEntityManagerFactoryBean' (OnClassCondition)

   CaffeineCacheConfiguration:
      Did not match:
         - @ConditionalOnClass did not find required class 'com.github.benmanes.caffeine.cache.Caffeine' (OnClassCondition)

   CassandraAutoConfiguration:
      Did not match:
         - @ConditionalOnClass did not find required class 'com.datastax.oss.driver.api.core.CqlSession' (OnClassCondition)

   CassandraDataAutoConfiguration:
      Did not match:
         - @ConditionalOnClass did not find required class 'com.datastax.oss.driver.api.core.CqlSession' (OnClassCondition)

   CassandraReactiveDataAutoConfiguration:
      Did not match:
         - @ConditionalOnClass did not find required class 'com.datastax.oss.driver.api.core.CqlSession' (OnClassCondition)

   CassandraReactiveRepositoriesAutoConfiguration:
      Did not match:
         - @ConditionalOnClass did not find required class 'org.springframework.data.cassandra.ReactiveSession' (OnClassCondition)

   CassandraRepositoriesAutoConfiguration:
      Did not match:
         - @ConditionalOnClass did not find required class 'com.datastax.oss.driver.api.core.CqlSession' (OnClassCondition)

   ClientHttpConnectorAutoConfiguration:
      Did not match:
         - @ConditionalOnClass did not find required class 'org.springframework.web.reactive.function.client.WebClient' (OnClassCondition)

   CodecsAutoConfiguration:
      Did not match:
         - @ConditionalOnClass did not find required class 'org.springframework.web.reactive.function.client.WebClient' (OnClassCondition)

   CouchbaseAutoConfiguration:
      Did not match:
         - @ConditionalOnClass did not find required class 'com.couchbase.client.java.Cluster' (OnClassCondition)

   CouchbaseCacheConfiguration:
      Did not match:
         - @ConditionalOnClass did not find required class 'com.couchbase.client.java.Cluster' (OnClassCondition)

   CouchbaseDataAutoConfiguration:
      Did not match:
         - @ConditionalOnClass did not find required class 'com.couchbase.client.java.Bucket' (OnClassCondition)

   CouchbaseReactiveDataAutoConfiguration:
      Did not match:
         - @ConditionalOnClass did not find required class 'com.couchbase.client.java.Cluster' (OnClassCondition)

   CouchbaseReactiveRepositoriesAutoConfiguration:
      Did not match:
         - @ConditionalOnClass did not find required class 'com.couchbase.client.java.Cluster' (OnClassCondition)

   CouchbaseRepositoriesAutoConfiguration:
      Did not match:
         - @ConditionalOnClass did not find required class 'com.couchbase.client.java.Bucket' (OnClassCondition)

   DataSourceAutoConfiguration.EmbeddedDatabaseConfiguration:
      Did not match:
         - EmbeddedDataSource spring.datasource.url is set (DataSourceAutoConfiguration.EmbeddedDatabaseCondition)

   DataSourceCheckpointRestoreConfiguration:
      Did not match:
         - @ConditionalOnClass did not find required class 'org.crac.Resource' (OnClassCondition)

   DataSourceConfiguration.Dbcp2:
      Did not match:
         - @ConditionalOnClass did not find required class 'org.apache.commons.dbcp2.BasicDataSource' (OnClassCondition)

   DataSourceConfiguration.Generic:
      Did not match:
         - @ConditionalOnProperty (spring.datasource.type) did not find property 'spring.datasource.type' (OnPropertyCondition)

   DataSourceConfiguration.OracleUcp:
      Did not match:
         - @ConditionalOnClass did not find required classes 'oracle.ucp.jdbc.PoolDataSourceImpl', 'oracle.jdbc.OracleConnection' (OnClassCondition)

   DataSourceConfiguration.Tomcat:
      Did not match:
         - @ConditionalOnClass did not find required class 'org.apache.tomcat.jdbc.pool.DataSource' (OnClassCondition)

   DataSourceJmxConfiguration.TomcatDataSourceJmxConfiguration:
      Did not match:
         - @ConditionalOnClass did not find required class 'org.apache.tomcat.jdbc.pool.DataSourceProxy' (OnClassCondition)

   DataSourcePoolMetadataProvidersConfiguration.CommonsDbcp2PoolDataSourceMetadataProviderConfiguration:
      Did not match:
         - @ConditionalOnClass did not find required class 'org.apache.commons.dbcp2.BasicDataSource' (OnClassCondition)

   DataSourcePoolMetadataProvidersConfiguration.OracleUcpPoolDataSourceMetadataProviderConfiguration:
      Did not match:
         - @ConditionalOnClass did not find required classes 'oracle.ucp.jdbc.PoolDataSource', 'oracle.jdbc.OracleConnection' (OnClassCondition)

   DataSourcePoolMetadataProvidersConfiguration.TomcatDataSourcePoolMetadataProviderConfiguration:
      Did not match:
         - @ConditionalOnClass did not find required class 'org.apache.tomcat.jdbc.pool.DataSource' (OnClassCondition)

   DataSourceTransactionManagerAutoConfiguration.JdbcTransactionManagerConfiguration#transactionManager:
      Did not match:
         - @ConditionalOnMissingBean (types: org.springframework.transaction.TransactionManager; SearchStrategy: all) found beans of type 'org.springframework.transaction.TransactionManager' transactionManager (OnBeanCondition)

   DispatcherServletAutoConfiguration.DispatcherServletConfiguration#multipartResolver:
      Did not match:
         - @ConditionalOnBean (types: org.springframework.web.multipart.MultipartResolver; SearchStrategy: all) did not find any beans of type org.springframework.web.multipart.MultipartResolver (OnBeanCondition)

   ElasticsearchClientAutoConfiguration:
      Did not match:
         - @ConditionalOnClass did not find required class 'co.elastic.clients.elasticsearch.ElasticsearchClient' (OnClassCondition)

   ElasticsearchDataAutoConfiguration:
      Did not match:
         - @ConditionalOnClass did not find required class 'org.springframework.data.elasticsearch.client.elc.ElasticsearchTemplate' (OnClassCondition)

   ElasticsearchRepositoriesAutoConfiguration:
      Did not match:
         - @ConditionalOnClass did not find required class 'org.springframework.data.elasticsearch.repository.ElasticsearchRepository' (OnClassCondition)

   ElasticsearchRestClientAutoConfiguration:
      Did not match:
         - @ConditionalOnClass did not find required class 'org.elasticsearch.client.RestClientBuilder' (OnClassCondition)

   EmbeddedLdapAutoConfiguration:
      Did not match:
         - @ConditionalOnClass did not find required class 'com.unboundid.ldap.listener.InMemoryDirectoryServer' (OnClassCondition)

   EmbeddedWebServerFactoryCustomizerAutoConfiguration.JettyWebServerFactoryCustomizerConfiguration:
      Did not match:
         - @ConditionalOnClass did not find required classes 'org.eclipse.jetty.server.Server', 'org.eclipse.jetty.util.Loader', 'org.eclipse.jetty.ee10.webapp.WebAppContext' (OnClassCondition)

   EmbeddedWebServerFactoryCustomizerAutoConfiguration.NettyWebServerFactoryCustomizerConfiguration:
      Did not match:
         - @ConditionalOnClass did not find required class 'reactor.netty.http.server.HttpServer' (OnClassCondition)

   EmbeddedWebServerFactoryCustomizerAutoConfiguration.TomcatWebServerFactoryCustomizerConfiguration#tomcatVirtualThreadsProtocolHandlerCustomizer:
      Did not match:
         - @ConditionalOnThreading did not find VIRTUAL (OnThreadingCondition)

   EmbeddedWebServerFactoryCustomizerAutoConfiguration.UndertowWebServerFactoryCustomizerConfiguration:
      Did not match:
         - @ConditionalOnClass did not find required classes 'io.undertow.Undertow', 'org.xnio.SslClientAuthMode' (OnClassCondition)

   ErrorWebFluxAutoConfiguration:
      Did not match:
         - @ConditionalOnClass did not find required class 'org.springframework.web.reactive.config.WebFluxConfigurer' (OnClassCondition)

   FlywayAutoConfiguration:
      Did not match:
         - @ConditionalOnClass did not find required class 'org.flywaydb.core.Flyway' (OnClassCondition)

   FreeMarkerAutoConfiguration:
      Did not match:
         - @ConditionalOnClass did not find required class 'freemarker.template.Configuration' (OnClassCondition)

   GraphQlAutoConfiguration:
      Did not match:
         - @ConditionalOnClass did not find required class 'graphql.GraphQL' (OnClassCondition)

   GraphQlQueryByExampleAutoConfiguration:
      Did not match:
         - @ConditionalOnClass did not find required class 'graphql.GraphQL' (OnClassCondition)

   GraphQlQuerydslAutoConfiguration:
      Did not match:
         - @ConditionalOnClass did not find required class 'com.querydsl.core.Query' (OnClassCondition)

   GraphQlRSocketAutoConfiguration:
      Did not match:
         - @ConditionalOnClass did not find required class 'graphql.GraphQL' (OnClassCondition)

   GraphQlReactiveQueryByExampleAutoConfiguration:
      Did not match:
         - @ConditionalOnClass did not find required class 'graphql.GraphQL' (OnClassCondition)

   GraphQlReactiveQuerydslAutoConfiguration:
      Did not match:
         - @ConditionalOnClass did not find required class 'com.querydsl.core.Query' (OnClassCondition)

   GraphQlWebFluxAutoConfiguration:
      Did not match:
         - @ConditionalOnClass did not find required class 'graphql.GraphQL' (OnClassCondition)

   GraphQlWebFluxSecurityAutoConfiguration:
      Did not match:
         - @ConditionalOnClass did not find required class 'graphql.GraphQL' (OnClassCondition)

   GraphQlWebMvcAutoConfiguration:
      Did not match:
         - @ConditionalOnClass did not find required class 'graphql.GraphQL' (OnClassCondition)

   GraphQlWebMvcSecurityAutoConfiguration:
      Did not match:
         - @ConditionalOnClass did not find required class 'graphql.GraphQL' (OnClassCondition)

   GroovyTemplateAutoConfiguration:
      Did not match:
         - @ConditionalOnClass did not find required class 'groovy.text.markup.MarkupTemplateEngine' (OnClassCondition)

   GsonAutoConfiguration:
      Did not match:
         - @ConditionalOnClass did not find required class 'com.google.gson.Gson' (OnClassCondition)

   GsonHttpMessageConvertersConfiguration:
      Did not match:
         - @ConditionalOnClass did not find required class 'com.google.gson.Gson' (OnClassCondition)

   HazelcastAutoConfiguration:
      Did not match:
         - @ConditionalOnClass did not find required class 'com.hazelcast.core.HazelcastInstance' (OnClassCondition)

   HazelcastCacheConfiguration:
      Did not match:
         - @ConditionalOnClass did not find required class 'com.hazelcast.core.HazelcastInstance' (OnClassCondition)

   HazelcastJpaDependencyAutoConfiguration:
      Did not match:
         - @ConditionalOnClass did not find required class 'com.hazelcast.core.HazelcastInstance' (OnClassCondition)

   HttpHandlerAutoConfiguration:
      Did not match:
         - @ConditionalOnClass did not find required class 'org.springframework.web.reactive.DispatcherHandler' (OnClassCondition)

   HypermediaAutoConfiguration:
      Did not match:
         - @ConditionalOnClass did not find required class 'org.springframework.hateoas.EntityModel' (OnClassCondition)

   InfinispanCacheConfiguration:
      Did not match:
         - @ConditionalOnClass did not find required class 'org.infinispan.spring.embedded.provider.SpringEmbeddedCacheManager' (OnClassCondition)

   InfluxDbAutoConfiguration:
      Did not match:
         - @ConditionalOnClass did not find required class 'org.influxdb.InfluxDB' (OnClassCondition)

   IntegrationAutoConfiguration:
      Did not match:
         - @ConditionalOnClass did not find required class 'org.springframework.integration.config.EnableIntegration' (OnClassCondition)

   JCacheCacheConfiguration:
      Did not match:
         - @ConditionalOnClass did not find required class 'javax.cache.Caching' (OnClassCondition)

   JacksonHttpMessageConvertersConfiguration.MappingJackson2XmlHttpMessageConverterConfiguration:
      Did not match:
         - @ConditionalOnClass did not find required class 'com.fasterxml.jackson.dataformat.xml.XmlMapper' (OnClassCondition)

   JdbcRepositoriesAutoConfiguration:
      Did not match:
         - @ConditionalOnClass did not find required class 'org.springframework.data.jdbc.repository.config.AbstractJdbcConfiguration' (OnClassCondition)

   JerseyAutoConfiguration:
      Did not match:
         - @ConditionalOnClass did not find required class 'org.glassfish.jersey.server.spring.SpringComponentProvider' (OnClassCondition)

   JmsAutoConfiguration:
      Did not match:
         - @ConditionalOnClass did not find required class 'jakarta.jms.Message' (OnClassCondition)

   JmxAutoConfiguration:
      Did not match:
         - @ConditionalOnProperty (spring.jmx.enabled=true) did not find property 'enabled' (OnPropertyCondition)
      Matched:
         - @ConditionalOnClass found required class 'org.springframework.jmx.export.MBeanExporter' (OnClassCondition)

   JndiConnectionFactoryAutoConfiguration:
      Did not match:
         - @ConditionalOnClass did not find required class 'org.springframework.jms.core.JmsTemplate' (OnClassCondition)

   JndiDataSourceAutoConfiguration:
      Did not match:
         - @ConditionalOnProperty (spring.datasource.jndi-name) did not find property 'jndi-name' (OnPropertyCondition)
      Matched:
         - @ConditionalOnClass found required classes 'javax.sql.DataSource', 'org.springframework.jdbc.datasource.embedded.EmbeddedDatabaseType' (OnClassCondition)

   JndiJtaConfiguration:
      Did not match:
         - @ConditionalOnJndi JNDI environment is not available (OnJndiCondition)
      Matched:
         - @ConditionalOnClass found required class 'org.springframework.transaction.jta.JtaTransactionManager' (OnClassCondition)

   JooqAutoConfiguration:
      Did not match:
         - @ConditionalOnClass did not find required class 'org.jooq.DSLContext' (OnClassCondition)

   JpaBaseConfiguration.JpaWebConfiguration:
      Did not match:
         - @ConditionalOnProperty (spring.jpa.open-in-view=true) found different value in property 'open-in-view' (OnPropertyCondition)
      Matched:
         - @ConditionalOnClass found required class 'org.springframework.web.servlet.config.annotation.WebMvcConfigurer' (OnClassCondition)
         - found 'session' scope (OnWebApplicationCondition)

   JpaRepositoriesAutoConfiguration#entityManagerFactoryBootstrapExecutorCustomizer:
      Did not match:
         - AnyNestedCondition 0 matched 2 did not; NestedCondition on JpaRepositoriesAutoConfiguration.BootstrapExecutorCondition.LazyBootstrapMode @ConditionalOnProperty (spring.data.jpa.repositories.bootstrap-mode=lazy) did not find property 'bootstrap-mode'; NestedCondition on JpaRepositoriesAutoConfiguration.BootstrapExecutorCondition.DeferredBootstrapMode @ConditionalOnProperty (spring.data.jpa.repositories.bootstrap-mode=deferred) did not find property 'bootstrap-mode' (JpaRepositoriesAutoConfiguration.BootstrapExecutorCondition)

   JsonbAutoConfiguration:
      Did not match:
         - @ConditionalOnClass did not find required class 'jakarta.json.bind.Jsonb' (OnClassCondition)

   JsonbHttpMessageConvertersConfiguration:
      Did not match:
         - @ConditionalOnClass did not find required class 'jakarta.json.bind.Jsonb' (OnClassCondition)

   KafkaAutoConfiguration:
      Did not match:
         - @ConditionalOnClass did not find required class 'org.springframework.kafka.core.KafkaTemplate' (OnClassCondition)

   LdapAutoConfiguration:
      Did not match:
         - @ConditionalOnClass did not find required class 'org.springframework.ldap.core.ContextSource' (OnClassCondition)

   LdapRepositoriesAutoConfiguration:
      Did not match:
         - @ConditionalOnClass did not find required class 'org.springframework.data.ldap.repository.LdapRepository' (OnClassCondition)

   LiquibaseAutoConfiguration:
      Did not match:
         - @ConditionalOnClass did not find required class 'liquibase.change.DatabaseChange' (OnClassCondition)

   MailSenderAutoConfiguration:
      Did not match:
         - @ConditionalOnClass did not find required class 'jakarta.mail.internet.MimeMessage' (OnClassCondition)

   MailSenderValidatorAutoConfiguration:
      Did not match:
         - @ConditionalOnSingleCandidate did not find required type 'org.springframework.mail.javamail.JavaMailSenderImpl' (OnBeanCondition)

   MessageSourceAutoConfiguration:
      Did not match:
         - ResourceBundle did not find bundle with basename messages (MessageSourceAutoConfiguration.ResourceBundleCondition)

   MongoAutoConfiguration:
      Did not match:
         - @ConditionalOnClass did not find required class 'com.mongodb.client.MongoClient' (OnClassCondition)

   MongoDataAutoConfiguration:
      Did not match:
         - @ConditionalOnClass did not find required class 'com.mongodb.client.MongoClient' (OnClassCondition)

   MongoReactiveAutoConfiguration:
      Did not match:
         - @ConditionalOnClass did not find required class 'com.mongodb.reactivestreams.client.MongoClient' (OnClassCondition)

   MongoReactiveDataAutoConfiguration:
      Did not match:
         - @ConditionalOnClass did not find required class 'com.mongodb.reactivestreams.client.MongoClient' (OnClassCondition)

   MongoReactiveRepositoriesAutoConfiguration:
      Did not match:
         - @ConditionalOnClass did not find required class 'com.mongodb.reactivestreams.client.MongoClient' (OnClassCondition)

   MongoRepositoriesAutoConfiguration:
      Did not match:
         - @ConditionalOnClass did not find required class 'com.mongodb.client.MongoClient' (OnClassCondition)

   MustacheAutoConfiguration:
      Did not match:
         - @ConditionalOnClass did not find required class 'com.samskivert.mustache.Mustache' (OnClassCondition)

   Neo4jAutoConfiguration:
      Did not match:
         - @ConditionalOnClass did not find required class 'org.neo4j.driver.Driver' (OnClassCondition)

   Neo4jDataAutoConfiguration:
      Did not match:
         - @ConditionalOnClass did not find required class 'org.neo4j.driver.Driver' (OnClassCondition)

   Neo4jReactiveDataAutoConfiguration:
      Did not match:
         - @ConditionalOnClass did not find required class 'org.neo4j.driver.Driver' (OnClassCondition)

   Neo4jReactiveRepositoriesAutoConfiguration:
      Did not match:
         - @ConditionalOnClass did not find required class 'org.neo4j.driver.Driver' (OnClassCondition)

   Neo4jRepositoriesAutoConfiguration:
      Did not match:
         - @ConditionalOnClass did not find required class 'org.neo4j.driver.Driver' (OnClassCondition)

   NettyAutoConfiguration:
      Did not match:
         - @ConditionalOnClass did not find required class 'io.netty.util.NettyRuntime' (OnClassCondition)

   OAuth2AuthorizationServerAutoConfiguration:
      Did not match:
         - @ConditionalOnClass did not find required class 'org.springframework.security.oauth2.server.authorization.OAuth2Authorization' (OnClassCondition)

   OAuth2AuthorizationServerJwtAutoConfiguration:
      Did not match:
         - @ConditionalOnClass did not find required class 'org.springframework.security.oauth2.server.authorization.OAuth2Authorization' (OnClassCondition)

   OAuth2ClientAutoConfiguration:
      Did not match:
         - @ConditionalOnClass did not find required class 'org.springframework.security.config.annotation.web.configuration.EnableWebSecurity' (OnClassCondition)

   OAuth2ResourceServerAutoConfiguration:
      Did not match:
         - @ConditionalOnClass did not find required class 'org.springframework.security.oauth2.server.resource.authentication.BearerTokenAuthenticationToken' (OnClassCondition)

   ProjectInfoAutoConfiguration#buildProperties:
      Did not match:
         - @ConditionalOnResource did not find resource '${spring.info.build.location:classpath:META-INF/build-info.properties}' (OnResourceCondition)

   ProjectInfoAutoConfiguration#gitProperties:
      Did not match:
         - GitResource did not find git info at classpath:git.properties (ProjectInfoAutoConfiguration.GitResourceAvailableCondition)

   PulsarAutoConfiguration:
      Did not match:
         - @ConditionalOnClass did not find required class 'org.apache.pulsar.client.api.PulsarClient' (OnClassCondition)

   PulsarReactiveAutoConfiguration:
      Did not match:
         - @ConditionalOnClass did not find required class 'org.apache.pulsar.client.api.PulsarClient' (OnClassCondition)

   QuartzAutoConfiguration:
      Did not match:
         - @ConditionalOnClass did not find required class 'org.quartz.Scheduler' (OnClassCondition)

   R2dbcAutoConfiguration:
      Did not match:
         - @ConditionalOnClass did not find required class 'io.r2dbc.spi.ConnectionFactory' (OnClassCondition)

   R2dbcDataAutoConfiguration:
      Did not match:
         - @ConditionalOnClass did not find required class 'org.springframework.data.r2dbc.core.R2dbcEntityTemplate' (OnClassCondition)

   R2dbcInitializationConfiguration:
      Did not match:
         - @ConditionalOnClass did not find required classes 'io.r2dbc.spi.ConnectionFactory', 'org.springframework.r2dbc.connection.init.DatabasePopulator' (OnClassCondition)

   R2dbcRepositoriesAutoConfiguration:
      Did not match:
         - @ConditionalOnClass did not find required class 'io.r2dbc.spi.ConnectionFactory' (OnClassCondition)

   R2dbcTransactionManagerAutoConfiguration:
      Did not match:
         - @ConditionalOnClass did not find required class 'org.springframework.r2dbc.connection.R2dbcTransactionManager' (OnClassCondition)

   RSocketGraphQlClientAutoConfiguration:
      Did not match:
         - @ConditionalOnClass did not find required class 'graphql.GraphQL' (OnClassCondition)

   RSocketMessagingAutoConfiguration:
      Did not match:
         - @ConditionalOnClass did not find required class 'io.rsocket.RSocket' (OnClassCondition)

   RSocketRequesterAutoConfiguration:
      Did not match:
         - @ConditionalOnClass did not find required class 'io.rsocket.RSocket' (OnClassCondition)

   RSocketSecurityAutoConfiguration:
      Did not match:
         - @ConditionalOnClass did not find required class 'org.springframework.security.rsocket.core.SecuritySocketAcceptorInterceptor' (OnClassCondition)

   RSocketServerAutoConfiguration:
      Did not match:
         - @ConditionalOnClass did not find required class 'io.rsocket.core.RSocketServer' (OnClassCondition)

   RSocketStrategiesAutoConfiguration:
      Did not match:
         - @ConditionalOnClass did not find required class 'io.netty.buffer.PooledByteBufAllocator' (OnClassCondition)

   RabbitAutoConfiguration:
      Did not match:
         - @ConditionalOnClass did not find required class 'com.rabbitmq.client.Channel' (OnClassCondition)

   ReactiveElasticsearchClientAutoConfiguration:
      Did not match:
         - @ConditionalOnClass did not find required class 'co.elastic.clients.transport.ElasticsearchTransport' (OnClassCondition)

   ReactiveElasticsearchRepositoriesAutoConfiguration:
      Did not match:
         - @ConditionalOnClass did not find required class 'reactor.core.publisher.Mono' (OnClassCondition)

   ReactiveMultipartAutoConfiguration:
      Did not match:
         - @ConditionalOnClass did not find required class 'org.springframework.web.reactive.config.WebFluxConfigurer' (OnClassCondition)

   ReactiveOAuth2ClientAutoConfiguration:
      Did not match:
         - @ConditionalOnClass did not find required class 'reactor.core.publisher.Flux' (OnClassCondition)

   ReactiveOAuth2ResourceServerAutoConfiguration:
      Did not match:
         - @ConditionalOnClass did not find required class 'org.springframework.security.config.annotation.web.reactive.EnableWebFluxSecurity' (OnClassCondition)

   ReactiveSecurityAutoConfiguration:
      Did not match:
         - @ConditionalOnClass did not find required class 'reactor.core.publisher.Flux' (OnClassCondition)

   ReactiveUserDetailsServiceAutoConfiguration:
      Did not match:
         - @ConditionalOnClass did not find required class 'org.springframework.security.authentication.ReactiveAuthenticationManager' (OnClassCondition)

   ReactiveWebServerFactoryAutoConfiguration:
      Did not match:
         - @ConditionalOnWebApplication did not find reactive web application classes (OnWebApplicationCondition)

   ReactorAutoConfiguration:
      Did not match:
         - @ConditionalOnClass did not find required class 'reactor.core.publisher.Hooks' (OnClassCondition)

   RedisAutoConfiguration:
      Did not match:
         - @ConditionalOnClass did not find required class 'org.springframework.data.redis.core.RedisOperations' (OnClassCondition)

   RedisCacheConfiguration:
      Did not match:
         - @ConditionalOnClass did not find required class 'org.springframework.data.redis.connection.RedisConnectionFactory' (OnClassCondition)

   RedisReactiveAutoConfiguration:
      Did not match:
         - @ConditionalOnClass did not find required class 'reactor.core.publisher.Flux' (OnClassCondition)

   RedisRepositoriesAutoConfiguration:
      Did not match:
         - @ConditionalOnClass did not find required class 'org.springframework.data.redis.repository.configuration.EnableRedisRepositories' (OnClassCondition)

   RepositoryRestMvcAutoConfiguration:
      Did not match:
         - @ConditionalOnClass did not find required class 'org.springframework.data.rest.webmvc.config.RepositoryRestMvcConfiguration' (OnClassCondition)

   Saml2RelyingPartyAutoConfiguration:
      Did not match:
         - @ConditionalOnClass did not find required class 'org.springframework.security.saml2.provider.service.registration.RelyingPartyRegistrationRepository' (OnClassCondition)

   SecurityAutoConfiguration:
      Did not match:
         - @ConditionalOnClass did not find required class 'org.springframework.security.authentication.DefaultAuthenticationEventPublisher' (OnClassCondition)

   SecurityFilterAutoConfiguration:
      Did not match:
         - @ConditionalOnClass did not find required class 'org.springframework.security.config.http.SessionCreationPolicy' (OnClassCondition)

   SendGridAutoConfiguration:
      Did not match:
         - @ConditionalOnClass did not find required class 'com.sendgrid.SendGrid' (OnClassCondition)

   ServletWebServerFactoryAutoConfiguration.ForwardedHeaderFilterConfiguration:
      Did not match:
         - @ConditionalOnProperty (server.forward-headers-strategy=framework) did not find property 'server.forward-headers-strategy' (OnPropertyCondition)

   ServletWebServerFactoryConfiguration.EmbeddedJetty:
      Did not match:
         - @ConditionalOnClass did not find required classes 'org.eclipse.jetty.server.Server', 'org.eclipse.jetty.util.Loader', 'org.eclipse.jetty.ee10.webapp.WebAppContext' (OnClassCondition)

   ServletWebServerFactoryConfiguration.EmbeddedUndertow:
      Did not match:
         - @ConditionalOnClass did not find required classes 'io.undertow.Undertow', 'org.xnio.SslClientAuthMode' (OnClassCondition)

   SessionAutoConfiguration:
      Did not match:
         - @ConditionalOnClass did not find required class 'org.springframework.session.Session' (OnClassCondition)

   SpringApplicationAdminJmxAutoConfiguration:
      Did not match:
         - @ConditionalOnProperty (spring.application.admin.enabled=true) did not find property 'enabled' (OnPropertyCondition)

   TaskExecutorConfigurations.SimpleAsyncTaskExecutorBuilderConfiguration#simpleAsyncTaskExecutorBuilderVirtualThreads:
      Did not match:
         - @ConditionalOnMissingBean (types: org.springframework.boot.task.SimpleAsyncTaskExecutorBuilder; SearchStrategy: all) found beans of type 'org.springframework.boot.task.SimpleAsyncTaskExecutorBuilder' simpleAsyncTaskExecutorBuilder (OnBeanCondition)

   TaskExecutorConfigurations.TaskExecutorConfiguration#applicationTaskExecutorVirtualThreads:
      Did not match:
         - @ConditionalOnThreading did not find VIRTUAL (OnThreadingCondition)

   TaskSchedulingAutoConfiguration#scheduledBeanLazyInitializationExcludeFilter:
      Did not match:
         - @ConditionalOnBean (names: org.springframework.context.annotation.internalScheduledAnnotationProcessor; SearchStrategy: all) did not find any beans named org.springframework.context.annotation.internalScheduledAnnotationProcessor (OnBeanCondition)

   TaskSchedulingConfigurations.SimpleAsyncTaskSchedulerBuilderConfiguration#simpleAsyncTaskSchedulerBuilderVirtualThreads:
      Did not match:
         - @ConditionalOnMissingBean (types: org.springframework.boot.task.SimpleAsyncTaskSchedulerBuilder; SearchStrategy: all) found beans of type 'org.springframework.boot.task.SimpleAsyncTaskSchedulerBuilder' simpleAsyncTaskSchedulerBuilder (OnBeanCondition)

   TaskSchedulingConfigurations.TaskSchedulerConfiguration:
      Did not match:
         - @ConditionalOnBean (names: org.springframework.context.annotation.internalScheduledAnnotationProcessor; SearchStrategy: all) did not find any beans named org.springframework.context.annotation.internalScheduledAnnotationProcessor (OnBeanCondition)

   ThymeleafAutoConfiguration:
      Did not match:
         - @ConditionalOnClass did not find required class 'org.thymeleaf.spring6.SpringTemplateEngine' (OnClassCondition)

   TransactionAutoConfiguration#transactionalOperator:
      Did not match:
         - @ConditionalOnSingleCandidate (types: org.springframework.transaction.ReactiveTransactionManager; SearchStrategy: all) did not find any beans (OnBeanCondition)

   TransactionAutoConfiguration.AspectJTransactionManagementConfiguration:
      Did not match:
         - @ConditionalOnBean (types: org.springframework.transaction.aspectj.AbstractTransactionAspect; SearchStrategy: all) did not find any beans of type org.springframework.transaction.aspectj.AbstractTransactionAspect (OnBeanCondition)

   TransactionAutoConfiguration.EnableTransactionManagementConfiguration.JdkDynamicAutoProxyConfiguration:
      Did not match:
         - @ConditionalOnProperty (spring.aop.proxy-target-class=false) did not find property 'proxy-target-class' (OnPropertyCondition)

   UserDetailsServiceAutoConfiguration:
      Did not match:
         - @ConditionalOnClass did not find required class 'org.springframework.security.authentication.AuthenticationManager' (OnClassCondition)

   WebClientAutoConfiguration:
      Did not match:
         - @ConditionalOnClass did not find required class 'org.springframework.web.reactive.function.client.WebClient' (OnClassCondition)

   WebFluxAutoConfiguration:
      Did not match:
         - @ConditionalOnClass did not find required class 'org.springframework.web.reactive.config.WebFluxConfigurer' (OnClassCondition)

   WebMvcAutoConfiguration#hiddenHttpMethodFilter:
      Did not match:
         - @ConditionalOnProperty (spring.mvc.hiddenmethod.filter.enabled) did not find property 'enabled' (OnPropertyCondition)

   WebMvcAutoConfiguration.ProblemDetailsErrorHandlingConfiguration:
      Did not match:
         - @ConditionalOnProperty (spring.mvc.problemdetails.enabled=true) did not find property 'enabled' (OnPropertyCondition)

   WebMvcAutoConfiguration.ResourceChainCustomizerConfiguration:
      Did not match:
         - @ConditionalOnEnabledResourceChain did not find class org.webjars.WebJarAssetLocator (OnEnabledResourceChainCondition)

   WebMvcAutoConfiguration.WebMvcAutoConfigurationAdapter#beanNameViewResolver:
      Did not match:
         - @ConditionalOnMissingBean (types: org.springframework.web.servlet.view.BeanNameViewResolver; SearchStrategy: all) found beans of type 'org.springframework.web.servlet.view.BeanNameViewResolver' beanNameViewResolver (OnBeanCondition)

   WebServiceTemplateAutoConfiguration:
      Did not match:
         - @ConditionalOnClass did not find required class 'org.springframework.oxm.Marshaller' (OnClassCondition)

   WebServicesAutoConfiguration:
      Did not match:
         - @ConditionalOnClass did not find required class 'org.springframework.ws.transport.http.MessageDispatcherServlet' (OnClassCondition)

   WebSessionIdResolverAutoConfiguration:
      Did not match:
         - @ConditionalOnClass did not find required class 'reactor.core.publisher.Mono' (OnClassCondition)

   WebSocketMessagingAutoConfiguration:
      Did not match:
         - @ConditionalOnClass did not find required class 'org.springframework.web.socket.config.annotation.WebSocketMessageBrokerConfigurer' (OnClassCondition)

   WebSocketReactiveAutoConfiguration:
      Did not match:
         - @ConditionalOnWebApplication did not find reactive web application classes (OnWebApplicationCondition)

   WebSocketServletAutoConfiguration.JettyWebSocketConfiguration:
      Did not match:
         - @ConditionalOnClass did not find required class 'org.eclipse.jetty.ee10.websocket.jakarta.server.config.JakartaWebSocketServletContainerInitializer' (OnClassCondition)

   WebSocketServletAutoConfiguration.UndertowWebSocketConfiguration:
      Did not match:
         - @ConditionalOnClass did not find required class 'io.undertow.websockets.jsr.Bootstrap' (OnClassCondition)

   XADataSourceAutoConfiguration:
      Did not match:
         - @ConditionalOnBean (types: org.springframework.boot.jdbc.XADataSourceWrapper; SearchStrategy: all) did not find any beans of type org.springframework.boot.jdbc.XADataSourceWrapper (OnBeanCondition)
      Matched:
         - @ConditionalOnClass found required classes 'javax.sql.DataSource', 'jakarta.transaction.TransactionManager', 'org.springframework.jdbc.datasource.embedded.EmbeddedDatabaseType' (OnClassCondition)


Exclusions:
-----------

    None


Unconditional classes:
----------------------

    org.springframework.boot.autoconfigure.context.ConfigurationPropertiesAutoConfiguration

    org.springframework.boot.autoconfigure.ssl.SslAutoConfiguration

    org.springframework.boot.autoconfigure.context.LifecycleAutoConfiguration

    org.springframework.boot.autoconfigure.context.PropertyPlaceholderAutoConfiguration

    org.springframework.boot.autoconfigure.availability.ApplicationAvailabilityAutoConfiguration

    org.springframework.boot.autoconfigure.info.ProjectInfoAutoConfiguration



2026-09-26T17:22:55.862+05:30  INFO 23996 --- [           main] com.stocksense.StockSenseApplication     : Started StockSenseApplication in 32.356 seconds (process running for 34.795)
2026-09-26T17:22:55.863+05:30 DEBUG 23996 --- [           main] o.s.b.a.ApplicationAvailabilityBean      : Application availability state LivenessState changed to CORRECT
2026-09-26T17:22:56.266+05:30 DEBUG 23996 --- [           main] org.hibernate.SQL                        : select l1_0.id from locations l1_0 where upper(l1_0.name)=upper(?) fetch first ? rows only
2026-09-26T17:22:56.303+05:30 DEBUG 23996 --- [           main] org.hibernate.SQL                        : select l1_0.id from locations l1_0 where upper(l1_0.name)=upper(?) fetch first ? rows only
2026-09-26T17:22:56.307+05:30 DEBUG 23996 --- [           main] o.s.b.a.ApplicationAvailabilityBean      : Application availability state ReadinessState changed to ACCEPTING_TRAFFIC
2026-09-26T17:23:11.392+05:30  INFO 23996 --- [nio-8080-exec-1] o.a.c.c.C.[Tomcat].[localhost].[/]       : Initializing Spring DispatcherServlet 'dispatcherServlet'
2026-09-26T17:23:11.392+05:30  INFO 23996 --- [nio-8080-exec-1] o.s.web.servlet.DispatcherServlet        : Initializing Servlet 'dispatcherServlet'
2026-09-26T17:23:11.392+05:30 DEBUG 23996 --- [nio-8080-exec-1] o.s.web.servlet.DispatcherServlet        : Detected StandardServletMultipartResolver
2026-09-26T17:23:11.392+05:30 DEBUG 23996 --- [nio-8080-exec-1] o.s.web.servlet.DispatcherServlet        : Detected AcceptHeaderLocaleResolver
2026-09-26T17:23:11.392+05:30 DEBUG 23996 --- [nio-8080-exec-1] o.s.web.servlet.DispatcherServlet        : Detected FixedThemeResolver
2026-09-26T17:23:11.401+05:30 DEBUG 23996 --- [nio-8080-exec-1] o.s.web.servlet.DispatcherServlet        : Detected org.springframework.web.servlet.view.DefaultRequestToViewNameTranslator@4cc5c43b
2026-09-26T17:23:11.401+05:30 DEBUG 23996 --- [nio-8080-exec-1] o.s.web.servlet.DispatcherServlet        : Detected org.springframework.web.servlet.support.SessionFlashMapManager@544ee437
2026-09-26T17:23:11.401+05:30 DEBUG 23996 --- [nio-8080-exec-1] o.s.web.servlet.DispatcherServlet        : enableLoggingRequestDetails='false': request parameters and headers will be masked to prevent unsafe logging of potentially sensitive data
2026-09-26T17:23:11.404+05:30  INFO 23996 --- [nio-8080-exec-1] o.s.web.servlet.DispatcherServlet        : Completed initialization in 12 ms
2026-09-26T17:23:11.420+05:30 DEBUG 23996 --- [nio-8080-exec-1] o.s.web.servlet.DispatcherServlet        : GET "/", parameters={}
2026-09-26T17:23:11.437+05:30 DEBUG 23996 --- [nio-8080-exec-1] o.s.w.s.handler.SimpleUrlHandlerMapping  : Mapped to ParameterizableViewController [view="forward:/index.html"]
2026-09-26T17:23:11.465+05:30 DEBUG 23996 --- [nio-8080-exec-1] o.s.w.s.v.ContentNegotiatingViewResolver : Selected '*/*' given [*/*]
2026-09-26T17:23:11.465+05:30 DEBUG 23996 --- [nio-8080-exec-1] o.s.w.servlet.view.InternalResourceView  : View name [forward:], model {}
2026-09-26T17:23:11.470+05:30 DEBUG 23996 --- [nio-8080-exec-1] o.s.w.servlet.view.InternalResourceView  : Forwarding to [/index.html]
2026-09-26T17:23:11.475+05:30 DEBUG 23996 --- [nio-8080-exec-1] o.s.web.servlet.DispatcherServlet        : "FORWARD" dispatch for GET "/index.html", parameters={}
2026-09-26T17:23:11.517+05:30 DEBUG 23996 --- [nio-8080-exec-1] o.s.w.s.handler.SimpleUrlHandlerMapping  : Mapped to ResourceHttpRequestHandler [URL [file:frontend/], classpath [static/]]
2026-09-26T17:23:11.555+05:30 DEBUG 23996 --- [nio-8080-exec-1] o.s.web.servlet.DispatcherServlet        : Exiting from "FORWARD" dispatch, status 200
2026-09-26T17:23:11.557+05:30 DEBUG 23996 --- [nio-8080-exec-1] o.s.web.servlet.DispatcherServlet        : Completed 200 OK
2026-09-26T17:23:19.193+05:30 DEBUG 23996 --- [nio-8080-exec-3] o.s.web.servlet.DispatcherServlet        : GET "/", parameters={}
2026-09-26T17:23:19.197+05:30 DEBUG 23996 --- [nio-8080-exec-3] o.s.w.s.handler.SimpleUrlHandlerMapping  : Mapped to ParameterizableViewController [view="forward:/index.html"]
2026-09-26T17:23:19.199+05:30 DEBUG 23996 --- [nio-8080-exec-3] o.s.w.s.v.ContentNegotiatingViewResolver : Selected 'text/html' given [text/html, application/xhtml+xml, image/avif, image/webp, image/apng, application/xml;q=0.9, */*;q=0.8, application/signed-exchange;v=b3;q=0.7]
2026-09-26T17:23:19.199+05:30 DEBUG 23996 --- [nio-8080-exec-3] o.s.w.servlet.view.InternalResourceView  : View name [forward:], model {}
2026-09-26T17:23:19.201+05:30 DEBUG 23996 --- [nio-8080-exec-3] o.s.w.servlet.view.InternalResourceView  : Forwarding to [/index.html]
2026-09-26T17:23:19.202+05:30 DEBUG 23996 --- [nio-8080-exec-3] o.s.web.servlet.DispatcherServlet        : "FORWARD" dispatch for GET "/index.html", parameters={}
2026-09-26T17:23:19.204+05:30 DEBUG 23996 --- [nio-8080-exec-3] o.s.w.s.handler.SimpleUrlHandlerMapping  : Mapped to ResourceHttpRequestHandler [URL [file:frontend/], classpath [static/]]
2026-09-26T17:23:19.209+05:30 DEBUG 23996 --- [nio-8080-exec-3] o.s.web.servlet.DispatcherServlet        : Exiting from "FORWARD" dispatch, status 200
2026-09-26T17:23:19.211+05:30 DEBUG 23996 --- [nio-8080-exec-3] o.s.web.servlet.DispatcherServlet        : Completed 200 OK
2026-09-26T17:23:19.456+05:30 DEBUG 23996 --- [nio-8080-exec-4] o.s.web.servlet.DispatcherServlet        : GET "/style.css", parameters={}
2026-09-26T17:23:19.458+05:30 DEBUG 23996 --- [nio-8080-exec-4] o.s.w.s.handler.SimpleUrlHandlerMapping  : Mapped to ResourceHttpRequestHandler [URL [file:frontend/], classpath [static/]]
2026-09-26T17:23:19.466+05:30 DEBUG 23996 --- [nio-8080-exec-4] o.s.web.servlet.DispatcherServlet        : Completed 200 OK
2026-09-26T17:23:19.483+05:30 DEBUG 23996 --- [nio-8080-exec-5] o.s.web.servlet.DispatcherServlet        : GET "/style.css", parameters={}
2026-09-26T17:23:19.485+05:30 DEBUG 23996 --- [nio-8080-exec-5] o.s.w.s.handler.SimpleUrlHandlerMapping  : Mapped to ResourceHttpRequestHandler [URL [file:frontend/], classpath [static/]]
2026-09-26T17:23:19.489+05:30 DEBUG 23996 --- [nio-8080-exec-5] o.s.web.servlet.DispatcherServlet        : Completed 200 OK
2026-09-26T17:23:19.932+05:30 DEBUG 23996 --- [nio-8080-exec-6] o.s.web.servlet.DispatcherServlet        : GET "/api.js", parameters={}
2026-09-26T17:23:19.933+05:30 DEBUG 23996 --- [nio-8080-exec-7] o.s.web.servlet.DispatcherServlet        : GET "/utils.js", parameters={}
2026-09-26T17:23:19.937+05:30 DEBUG 23996 --- [nio-8080-exec-6] o.s.w.s.handler.SimpleUrlHandlerMapping  : Mapped to ResourceHttpRequestHandler [URL [file:frontend/], classpath [static/]]
2026-09-26T17:23:19.945+05:30 DEBUG 23996 --- [nio-8080-exec-7] o.s.w.s.handler.SimpleUrlHandlerMapping  : Mapped to ResourceHttpRequestHandler [URL [file:frontend/], classpath [static/]]
2026-09-26T17:23:19.984+05:30 DEBUG 23996 --- [nio-8080-exec-6] o.s.web.servlet.DispatcherServlet        : Completed 200 OK
2026-09-26T17:23:19.984+05:30 DEBUG 23996 --- [nio-8080-exec-7] o.s.web.servlet.DispatcherServlet        : Completed 200 OK
2026-09-26T17:23:20.045+05:30 DEBUG 23996 --- [nio-8080-exec-8] o.s.web.servlet.DispatcherServlet        : GET "/login.html", parameters={}
2026-09-26T17:23:20.049+05:30 DEBUG 23996 --- [nio-8080-exec-8] o.s.w.s.handler.SimpleUrlHandlerMapping  : Mapped to ResourceHttpRequestHandler [URL [file:frontend/], classpath [static/]]
2026-09-26T17:23:20.053+05:30 DEBUG 23996 --- [nio-8080-exec-8] o.s.web.servlet.DispatcherServlet        : Completed 200 OK
2026-09-26T17:23:20.081+05:30 DEBUG 23996 --- [nio-8080-exec-9] o.s.web.servlet.DispatcherServlet        : GET "/style.css", parameters={}
2026-09-26T17:23:20.084+05:30 DEBUG 23996 --- [nio-8080-exec-9] o.s.w.s.handler.SimpleUrlHandlerMapping  : Mapped to ResourceHttpRequestHandler [URL [file:frontend/], classpath [static/]]
2026-09-26T17:23:20.093+05:30 DEBUG 23996 --- [nio-8080-exec-9] o.s.web.servlet.DispatcherServlet        : Completed 200 OK
2026-09-26T17:23:20.105+05:30 DEBUG 23996 --- [io-8080-exec-10] o.s.web.servlet.DispatcherServlet        : GET "/favicon.ico", parameters={}
2026-09-26T17:23:20.107+05:30 DEBUG 23996 --- [io-8080-exec-10] o.s.w.s.handler.SimpleUrlHandlerMapping  : Mapped to ResourceHttpRequestHandler [URL [file:frontend/], classpath [static/]]
2026-09-26T17:23:20.111+05:30 DEBUG 23996 --- [io-8080-exec-10] o.s.w.s.r.ResourceHttpRequestHandler     : Resource not found
2026-09-26T17:23:20.123+05:30 DEBUG 23996 --- [io-8080-exec-10] .m.m.a.ExceptionHandlerExceptionResolver : Using @ExceptionHandler com.stocksense.controller.GlobalExceptionHandler#handleGenericException(Exception)
2026-09-26T17:23:20.157+05:30 DEBUG 23996 --- [nio-8080-exec-1] o.s.web.servlet.DispatcherServlet        : GET "/api.js", parameters={}
2026-09-26T17:23:20.159+05:30 DEBUG 23996 --- [nio-8080-exec-2] o.s.web.servlet.DispatcherServlet        : GET "/utils.js", parameters={}
2026-09-26T17:23:20.159+05:30 DEBUG 23996 --- [nio-8080-exec-1] o.s.w.s.handler.SimpleUrlHandlerMapping  : Mapped to ResourceHttpRequestHandler [URL [file:frontend/], classpath [static/]]
2026-09-26T17:23:20.162+05:30 DEBUG 23996 --- [nio-8080-exec-2] o.s.w.s.handler.SimpleUrlHandlerMapping  : Mapped to ResourceHttpRequestHandler [URL [file:frontend/], classpath [static/]]
2026-09-26T17:23:20.164+05:30 DEBUG 23996 --- [nio-8080-exec-1] o.s.web.servlet.DispatcherServlet        : Completed 200 OK
2026-09-26T17:23:20.164+05:30 DEBUG 23996 --- [nio-8080-exec-3] o.s.web.servlet.DispatcherServlet        : GET "/style.css", parameters={}
2026-09-26T17:23:20.166+05:30 DEBUG 23996 --- [nio-8080-exec-2] o.s.web.servlet.DispatcherServlet        : Completed 200 OK
2026-09-26T17:23:20.167+05:30 DEBUG 23996 --- [nio-8080-exec-3] o.s.w.s.handler.SimpleUrlHandlerMapping  : Mapped to ResourceHttpRequestHandler [URL [file:frontend/], classpath [static/]]
2026-09-26T17:23:20.172+05:30 DEBUG 23996 --- [nio-8080-exec-3] o.s.web.servlet.DispatcherServlet        : Completed 200 OK
2026-09-26T17:23:20.301+05:30 DEBUG 23996 --- [io-8080-exec-10] o.s.w.s.m.m.a.HttpEntityMethodProcessor  : Using 'application/json', given [*/*] and supported [application/json, application/*+json]
2026-09-26T17:23:20.308+05:30 DEBUG 23996 --- [io-8080-exec-10] o.s.w.s.m.m.a.HttpEntityMethodProcessor  : Writing [com.stocksense.dto.ErrorResponseDto@2add76af]
2026-09-26T17:23:20.398+05:30 DEBUG 23996 --- [io-8080-exec-10] .m.m.a.ExceptionHandlerExceptionResolver : Resolved [org.springframework.web.servlet.resource.NoResourceFoundException: No static resource favicon.ico.]
2026-09-26T17:23:20.399+05:30 DEBUG 23996 --- [io-8080-exec-10] o.s.web.servlet.DispatcherServlet        : Completed 500 INTERNAL_SERVER_ERROR
2026-09-26T17:23:40.489+05:30 DEBUG 23996 --- [nio-8080-exec-4] o.s.web.servlet.DispatcherServlet        : GET "/", parameters={}
2026-09-26T17:23:40.489+05:30 DEBUG 23996 --- [nio-8080-exec-4] o.s.w.s.handler.SimpleUrlHandlerMapping  : Mapped to ParameterizableViewController [view="forward:/index.html"]
2026-09-26T17:23:40.489+05:30 DEBUG 23996 --- [nio-8080-exec-4] o.s.w.s.v.ContentNegotiatingViewResolver : Selected 'text/html' given [text/html, application/xhtml+xml, image/avif, image/webp, image/apng, application/xml;q=0.9, */*;q=0.8, application/signed-exchange;v=b3;q=0.7]
2026-09-26T17:23:40.493+05:30 DEBUG 23996 --- [nio-8080-exec-4] o.s.w.servlet.view.InternalResourceView  : View name [forward:], model {}
2026-09-26T17:23:40.493+05:30 DEBUG 23996 --- [nio-8080-exec-4] o.s.w.servlet.view.InternalResourceView  : Forwarding to [/index.html]
2026-09-26T17:23:40.495+05:30 DEBUG 23996 --- [nio-8080-exec-4] o.s.web.servlet.DispatcherServlet        : "FORWARD" dispatch for GET "/index.html", parameters={}
2026-09-26T17:23:40.497+05:30 DEBUG 23996 --- [nio-8080-exec-4] o.s.w.s.handler.SimpleUrlHandlerMapping  : Mapped to ResourceHttpRequestHandler [URL [file:frontend/], classpath [static/]]
2026-09-26T17:23:40.501+05:30 DEBUG 23996 --- [nio-8080-exec-4] o.s.web.servlet.DispatcherServlet        : Exiting from "FORWARD" dispatch, status 200
2026-09-26T17:23:40.503+05:30 DEBUG 23996 --- [nio-8080-exec-4] o.s.web.servlet.DispatcherServlet        : Completed 200 OK
2026-09-26T17:23:40.919+05:30 DEBUG 23996 --- [nio-8080-exec-5] o.s.web.servlet.DispatcherServlet        : GET "/style.css", parameters={}
2026-09-26T17:23:40.922+05:30 DEBUG 23996 --- [nio-8080-exec-5] o.s.w.s.handler.SimpleUrlHandlerMapping  : Mapped to ResourceHttpRequestHandler [URL [file:frontend/], classpath [static/]]
2026-09-26T17:23:40.936+05:30 DEBUG 23996 --- [nio-8080-exec-5] o.s.web.servlet.DispatcherServlet        : Completed 200 OK
2026-09-26T17:23:40.965+05:30 DEBUG 23996 --- [nio-8080-exec-6] o.s.web.servlet.DispatcherServlet        : GET "/api.js", parameters={}
2026-09-26T17:23:40.966+05:30 DEBUG 23996 --- [nio-8080-exec-7] o.s.web.servlet.DispatcherServlet        : GET "/utils.js", parameters={}
2026-09-26T17:23:40.967+05:30 DEBUG 23996 --- [nio-8080-exec-7] o.s.w.s.handler.SimpleUrlHandlerMapping  : Mapped to ResourceHttpRequestHandler [URL [file:frontend/], classpath [static/]]
2026-09-26T17:23:40.967+05:30 DEBUG 23996 --- [nio-8080-exec-6] o.s.w.s.handler.SimpleUrlHandlerMapping  : Mapped to ResourceHttpRequestHandler [URL [file:frontend/], classpath [static/]]
2026-09-26T17:23:40.975+05:30 DEBUG 23996 --- [nio-8080-exec-6] o.s.web.servlet.DispatcherServlet        : Completed 200 OK
2026-09-26T17:23:40.975+05:30 DEBUG 23996 --- [nio-8080-exec-7] o.s.web.servlet.DispatcherServlet        : Completed 200 OK
2026-09-26T17:23:41.151+05:30 DEBUG 23996 --- [nio-8080-exec-8] o.s.web.servlet.DispatcherServlet        : GET "/dashboard", parameters={}
2026-09-26T17:23:41.151+05:30 DEBUG 23996 --- [nio-8080-exec-9] o.s.web.servlet.DispatcherServlet        : GET "/products", parameters={}
2026-09-26T17:23:41.157+05:30 DEBUG 23996 --- [nio-8080-exec-8] s.w.s.m.m.a.RequestMappingHandlerMapping : Mapped to com.stocksense.controller.DashboardController#getDashboard()
2026-09-26T17:23:41.157+05:30 DEBUG 23996 --- [nio-8080-exec-9] s.w.s.m.m.a.RequestMappingHandlerMapping : Mapped to com.stocksense.controller.ProductController#listProducts()
2026-09-26T17:23:41.266+05:30 DEBUG 23996 --- [nio-8080-exec-1] o.s.web.servlet.DispatcherServlet        : GET "/favicon.ico", parameters={}
2026-09-26T17:23:41.268+05:30 DEBUG 23996 --- [nio-8080-exec-1] o.s.w.s.handler.SimpleUrlHandlerMapping  : Mapped to ResourceHttpRequestHandler [URL [file:frontend/], classpath [static/]]
2026-09-26T17:23:41.268+05:30 DEBUG 23996 --- [nio-8080-exec-1] o.s.w.s.r.ResourceHttpRequestHandler     : Resource not found
2026-09-26T17:23:41.271+05:30 DEBUG 23996 --- [nio-8080-exec-1] .m.m.a.ExceptionHandlerExceptionResolver : Using @ExceptionHandler com.stocksense.controller.GlobalExceptionHandler#handleGenericException(Exception)
2026-09-26T17:23:41.275+05:30 DEBUG 23996 --- [nio-8080-exec-1] o.s.w.s.m.m.a.HttpEntityMethodProcessor  : Using 'application/json;q=0.8', given [image/avif, image/webp, image/apng, image/svg+xml, image/*, */*;q=0.8] and supported [application/json, application/*+json]
2026-09-26T17:23:41.278+05:30 DEBUG 23996 --- [nio-8080-exec-1] o.s.w.s.m.m.a.HttpEntityMethodProcessor  : Writing [com.stocksense.dto.ErrorResponseDto@301c9b19]
2026-09-26T17:23:41.280+05:30 DEBUG 23996 --- [nio-8080-exec-9] org.hibernate.SQL                        : select p1_0.id,p1_0.category,p1_0.name,p1_0.sku,p1_0.unit_of_measure from products p1_0 order by p1_0.name
2026-09-26T17:23:41.282+05:30 DEBUG 23996 --- [nio-8080-exec-1] .m.m.a.ExceptionHandlerExceptionResolver : Resolved [org.springframework.web.servlet.resource.NoResourceFoundException: No static resource favicon.ico.]
2026-09-26T17:23:41.280+05:30 DEBUG 23996 --- [nio-8080-exec-8] org.hibernate.SQL                        : select p1_0.id,p1_0.category,p1_0.name,p1_0.sku,p1_0.unit_of_measure from products p1_0 order by p1_0.name
2026-09-26T17:23:41.283+05:30 DEBUG 23996 --- [nio-8080-exec-1] o.s.web.servlet.DispatcherServlet        : Completed 500 INTERNAL_SERVER_ERROR
2026-09-26T17:23:41.336+05:30 DEBUG 23996 --- [nio-8080-exec-8] org.hibernate.SQL                        : select sm1_0.product_id,cast(coalesce(sum(sm1_0.quantity_change),0) as integer) from stock_moves sm1_0 where sm1_0.status='CONFIRMED' group by sm1_0.product_id
2026-09-26T17:23:41.336+05:30 DEBUG 23996 --- [nio-8080-exec-9] org.hibernate.SQL                        : select sm1_0.product_id,cast(coalesce(sum(sm1_0.quantity_change),0) as integer) from stock_moves sm1_0 where sm1_0.status='CONFIRMED' group by sm1_0.product_id
2026-09-26T17:23:41.367+05:30 DEBUG 23996 --- [nio-8080-exec-8] org.hibernate.SQL                        : select sm1_0.product_id,sm1_0.location_id,l1_0.name,cast(coalesce(sum(sm1_0.quantity_change),0) as integer) from stock_moves sm1_0 join locations l1_0 on l1_0.id=sm1_0.location_id where sm1_0.status='CONFIRMED' group by sm1_0.product_id,sm1_0.location_id,l1_0.name
2026-09-26T17:23:41.367+05:30 DEBUG 23996 --- [nio-8080-exec-9] org.hibernate.SQL                        : select sm1_0.product_id,sm1_0.location_id,l1_0.name,cast(coalesce(sum(sm1_0.quantity_change),0) as integer) from stock_moves sm1_0 join locations l1_0 on l1_0.id=sm1_0.location_id where sm1_0.status='CONFIRMED' group by sm1_0.product_id,sm1_0.location_id,l1_0.name
2026-09-26T17:23:41.395+05:30 DEBUG 23996 --- [nio-8080-exec-9] o.s.w.s.m.m.a.HttpEntityMethodProcessor  : Using 'application/json', given [*/*] and supported [application/json, application/*+json]
2026-09-26T17:23:41.395+05:30 DEBUG 23996 --- [nio-8080-exec-9] o.s.w.s.m.m.a.HttpEntityMethodProcessor  : Writing [[com.stocksense.dto.ProductResponseDto@2e59654a, com.stocksense.dto.ProductResponseDto@4f402775, com (truncated)...]
2026-09-26T17:23:41.402+05:30 DEBUG 23996 --- [nio-8080-exec-8] org.hibernate.SQL                        : select count(sm1_0.id) from stock_moves sm1_0 where sm1_0.status=? and sm1_0.move_type=?
2026-09-26T17:23:41.411+05:30 DEBUG 23996 --- [nio-8080-exec-8] org.hibernate.SQL                        : select count(sm1_0.id) from stock_moves sm1_0 where sm1_0.status=? and sm1_0.move_type=?
2026-09-26T17:23:41.419+05:30 DEBUG 23996 --- [nio-8080-exec-8] o.s.w.s.m.m.a.HttpEntityMethodProcessor  : Using 'application/json', given [*/*] and supported [application/json, application/*+json]
2026-09-26T17:23:41.419+05:30 DEBUG 23996 --- [nio-8080-exec-8] o.s.w.s.m.m.a.HttpEntityMethodProcessor  : Writing [com.stocksense.dto.DashboardResponseDto@66594fc1]
2026-09-26T17:23:41.427+05:30 DEBUG 23996 --- [nio-8080-exec-8] o.s.web.servlet.DispatcherServlet        : Completed 200 OK
2026-09-26T17:23:41.427+05:30 DEBUG 23996 --- [nio-8080-exec-9] o.s.web.servlet.DispatcherServlet        : Completed 200 OK
2026-09-26T17:24:11.156+05:30 DEBUG 23996 --- [nio-8080-exec-2] o.s.web.servlet.DispatcherServlet        : GET "/dashboard", parameters={}
2026-09-26T17:24:11.156+05:30 DEBUG 23996 --- [nio-8080-exec-3] o.s.web.servlet.DispatcherServlet        : GET "/products", parameters={}
2026-09-26T17:24:11.168+05:30 DEBUG 23996 --- [nio-8080-exec-2] s.w.s.m.m.a.RequestMappingHandlerMapping : Mapped to com.stocksense.controller.DashboardController#getDashboard()
2026-09-26T17:24:11.168+05:30 DEBUG 23996 --- [nio-8080-exec-3] s.w.s.m.m.a.RequestMappingHandlerMapping : Mapped to com.stocksense.controller.ProductController#listProducts()
2026-09-26T17:24:11.177+05:30 DEBUG 23996 --- [nio-8080-exec-3] org.hibernate.SQL                        : select p1_0.id,p1_0.category,p1_0.name,p1_0.sku,p1_0.unit_of_measure from products p1_0 order by p1_0.name
2026-09-26T17:24:11.177+05:30 DEBUG 23996 --- [nio-8080-exec-2] org.hibernate.SQL                        : select p1_0.id,p1_0.category,p1_0.name,p1_0.sku,p1_0.unit_of_measure from products p1_0 order by p1_0.name
2026-09-26T17:24:11.194+05:30 DEBUG 23996 --- [nio-8080-exec-3] org.hibernate.SQL                        : select sm1_0.product_id,cast(coalesce(sum(sm1_0.quantity_change),0) as integer) from stock_moves sm1_0 where sm1_0.status='CONFIRMED' group by sm1_0.product_id
2026-09-26T17:24:11.194+05:30 DEBUG 23996 --- [nio-8080-exec-2] org.hibernate.SQL                        : select sm1_0.product_id,cast(coalesce(sum(sm1_0.quantity_change),0) as integer) from stock_moves sm1_0 where sm1_0.status='CONFIRMED' group by sm1_0.product_id
2026-09-26T17:24:11.207+05:30 DEBUG 23996 --- [nio-8080-exec-3] org.hibernate.SQL                        : select sm1_0.product_id,sm1_0.location_id,l1_0.name,cast(coalesce(sum(sm1_0.quantity_change),0) as integer) from stock_moves sm1_0 join locations l1_0 on l1_0.id=sm1_0.location_id where sm1_0.status='CONFIRMED' group by sm1_0.product_id,sm1_0.location_id,l1_0.name
2026-09-26T17:24:11.207+05:30 DEBUG 23996 --- [nio-8080-exec-2] org.hibernate.SQL                        : select sm1_0.product_id,sm1_0.location_id,l1_0.name,cast(coalesce(sum(sm1_0.quantity_change),0) as integer) from stock_moves sm1_0 join locations l1_0 on l1_0.id=sm1_0.location_id where sm1_0.status='CONFIRMED' group by sm1_0.product_id,sm1_0.location_id,l1_0.name
2026-09-26T17:24:11.226+05:30 DEBUG 23996 --- [nio-8080-exec-2] org.hibernate.SQL                        : select count(sm1_0.id) from stock_moves sm1_0 where sm1_0.status=? and sm1_0.move_type=?
2026-09-26T17:24:11.226+05:30 DEBUG 23996 --- [nio-8080-exec-3] o.s.w.s.m.m.a.HttpEntityMethodProcessor  : Using 'application/json', given [*/*] and supported [application/json, application/*+json]
2026-09-26T17:24:11.234+05:30 DEBUG 23996 --- [nio-8080-exec-3] o.s.w.s.m.m.a.HttpEntityMethodProcessor  : Writing [[com.stocksense.dto.ProductResponseDto@7e6ad1ec, com.stocksense.dto.ProductResponseDto@61d5aeb5, com (truncated)...]
2026-09-26T17:24:11.239+05:30 DEBUG 23996 --- [nio-8080-exec-2] org.hibernate.SQL                        : select count(sm1_0.id) from stock_moves sm1_0 where sm1_0.status=? and sm1_0.move_type=?
2026-09-26T17:24:11.242+05:30 DEBUG 23996 --- [nio-8080-exec-3] o.s.web.servlet.DispatcherServlet        : Completed 200 OK
2026-09-26T17:24:11.250+05:30 DEBUG 23996 --- [nio-8080-exec-2] o.s.w.s.m.m.a.HttpEntityMethodProcessor  : Using 'application/json', given [*/*] and supported [application/json, application/*+json]
2026-09-26T17:24:11.252+05:30 DEBUG 23996 --- [nio-8080-exec-2] o.s.w.s.m.m.a.HttpEntityMethodProcessor  : Writing [com.stocksense.dto.DashboardResponseDto@1c3f2719]
2026-09-26T17:24:11.257+05:30 DEBUG 23996 --- [nio-8080-exec-2] o.s.web.servlet.DispatcherServlet        : Completed 200 OK
2026-09-26T17:24:41.152+05:30 DEBUG 23996 --- [nio-8080-exec-7] o.s.web.servlet.DispatcherServlet        : GET "/products", parameters={}
2026-09-26T17:24:41.155+05:30 DEBUG 23996 --- [nio-8080-exec-6] o.s.web.servlet.DispatcherServlet        : GET "/dashboard", parameters={}
2026-09-26T17:24:41.158+05:30 DEBUG 23996 --- [nio-8080-exec-7] s.w.s.m.m.a.RequestMappingHandlerMapping : Mapped to com.stocksense.controller.ProductController#listProducts()
2026-09-26T17:24:41.158+05:30 DEBUG 23996 --- [nio-8080-exec-6] s.w.s.m.m.a.RequestMappingHandlerMapping : Mapped to com.stocksense.controller.DashboardController#getDashboard()
2026-09-26T17:24:41.159+05:30 DEBUG 23996 --- [nio-8080-exec-7] org.hibernate.SQL                        : select p1_0.id,p1_0.category,p1_0.name,p1_0.sku,p1_0.unit_of_measure from products p1_0 order by p1_0.name
2026-09-26T17:24:41.159+05:30 DEBUG 23996 --- [nio-8080-exec-6] org.hibernate.SQL                        : select p1_0.id,p1_0.category,p1_0.name,p1_0.sku,p1_0.unit_of_measure from products p1_0 order by p1_0.name
2026-09-26T17:24:41.166+05:30 DEBUG 23996 --- [nio-8080-exec-6] org.hibernate.SQL                        : select sm1_0.product_id,cast(coalesce(sum(sm1_0.quantity_change),0) as integer) from stock_moves sm1_0 where sm1_0.status='CONFIRMED' group by sm1_0.product_id
2026-09-26T17:24:41.166+05:30 DEBUG 23996 --- [nio-8080-exec-7] org.hibernate.SQL                        : select sm1_0.product_id,cast(coalesce(sum(sm1_0.quantity_change),0) as integer) from stock_moves sm1_0 where sm1_0.status='CONFIRMED' group by sm1_0.product_id
2026-09-26T17:24:41.170+05:30 DEBUG 23996 --- [nio-8080-exec-7] org.hibernate.SQL                        : select sm1_0.product_id,sm1_0.location_id,l1_0.name,cast(coalesce(sum(sm1_0.quantity_change),0) as integer) from stock_moves sm1_0 join locations l1_0 on l1_0.id=sm1_0.location_id where sm1_0.status='CONFIRMED' group by sm1_0.product_id,sm1_0.location_id,l1_0.name
2026-09-26T17:24:41.170+05:30 DEBUG 23996 --- [nio-8080-exec-6] org.hibernate.SQL                        : select sm1_0.product_id,sm1_0.location_id,l1_0.name,cast(coalesce(sum(sm1_0.quantity_change),0) as integer) from stock_moves sm1_0 join locations l1_0 on l1_0.id=sm1_0.location_id where sm1_0.status='CONFIRMED' group by sm1_0.product_id,sm1_0.location_id,l1_0.name
2026-09-26T17:24:41.176+05:30 DEBUG 23996 --- [nio-8080-exec-7] o.s.w.s.m.m.a.HttpEntityMethodProcessor  : Using 'application/json', given [*/*] and supported [application/json, application/*+json]
2026-09-26T17:24:41.176+05:30 DEBUG 23996 --- [nio-8080-exec-7] o.s.w.s.m.m.a.HttpEntityMethodProcessor  : Writing [[com.stocksense.dto.ProductResponseDto@54d301dd, com.stocksense.dto.ProductResponseDto@16c9e9dc, com (truncated)...]
2026-09-26T17:24:41.180+05:30 DEBUG 23996 --- [nio-8080-exec-6] org.hibernate.SQL                        : select count(sm1_0.id) from stock_moves sm1_0 where sm1_0.status=? and sm1_0.move_type=?
2026-09-26T17:24:41.180+05:30 DEBUG 23996 --- [nio-8080-exec-7] o.s.web.servlet.DispatcherServlet        : Completed 200 OK
2026-09-26T17:24:41.185+05:30 DEBUG 23996 --- [nio-8080-exec-6] org.hibernate.SQL                        : select count(sm1_0.id) from stock_moves sm1_0 where sm1_0.status=? and sm1_0.move_type=?
2026-09-26T17:24:41.189+05:30 DEBUG 23996 --- [nio-8080-exec-6] o.s.w.s.m.m.a.HttpEntityMethodProcessor  : Using 'application/json', given [*/*] and supported [application/json, application/*+json]
2026-09-26T17:24:41.189+05:30 DEBUG 23996 --- [nio-8080-exec-6] o.s.w.s.m.m.a.HttpEntityMethodProcessor  : Writing [com.stocksense.dto.DashboardResponseDto@2173f498]
2026-09-26T17:24:41.193+05:30 DEBUG 23996 --- [nio-8080-exec-6] o.s.web.servlet.DispatcherServlet        : Completed 200 OK
2026-09-26T17:25:11.158+05:30 DEBUG 23996 --- [nio-8080-exec-1] o.s.web.servlet.DispatcherServlet        : GET "/dashboard", parameters={}
2026-09-26T17:25:11.158+05:30 DEBUG 23996 --- [nio-8080-exec-8] o.s.web.servlet.DispatcherServlet        : GET "/products", parameters={}
2026-09-26T17:25:11.161+05:30 DEBUG 23996 --- [nio-8080-exec-1] s.w.s.m.m.a.RequestMappingHandlerMapping : Mapped to com.stocksense.controller.DashboardController#getDashboard()
2026-09-26T17:25:11.161+05:30 DEBUG 23996 --- [nio-8080-exec-8] s.w.s.m.m.a.RequestMappingHandlerMapping : Mapped to com.stocksense.controller.ProductController#listProducts()
2026-09-26T17:25:11.172+05:30 DEBUG 23996 --- [nio-8080-exec-1] org.hibernate.SQL                        : select p1_0.id,p1_0.category,p1_0.name,p1_0.sku,p1_0.unit_of_measure from products p1_0 order by p1_0.name
2026-09-26T17:25:11.172+05:30 DEBUG 23996 --- [nio-8080-exec-8] org.hibernate.SQL                        : select p1_0.id,p1_0.category,p1_0.name,p1_0.sku,p1_0.unit_of_measure from products p1_0 order by p1_0.name
2026-09-26T17:25:11.182+05:30 DEBUG 23996 --- [nio-8080-exec-1] org.hibernate.SQL                        : select sm1_0.product_id,cast(coalesce(sum(sm1_0.quantity_change),0) as integer) from stock_moves sm1_0 where sm1_0.status='CONFIRMED' group by sm1_0.product_id
2026-09-26T17:25:11.184+05:30 DEBUG 23996 --- [nio-8080-exec-8] org.hibernate.SQL                        : select sm1_0.product_id,cast(coalesce(sum(sm1_0.quantity_change),0) as integer) from stock_moves sm1_0 where sm1_0.status='CONFIRMED' group by sm1_0.product_id
2026-09-26T17:25:11.188+05:30 DEBUG 23996 --- [nio-8080-exec-1] org.hibernate.SQL                        : select sm1_0.product_id,sm1_0.location_id,l1_0.name,cast(coalesce(sum(sm1_0.quantity_change),0) as integer) from stock_moves sm1_0 join locations l1_0 on l1_0.id=sm1_0.location_id where sm1_0.status='CONFIRMED' group by sm1_0.product_id,sm1_0.location_id,l1_0.name
2026-09-26T17:25:11.193+05:30 DEBUG 23996 --- [nio-8080-exec-8] org.hibernate.SQL                        : select sm1_0.product_id,sm1_0.location_id,l1_0.name,cast(coalesce(sum(sm1_0.quantity_change),0) as integer) from stock_moves sm1_0 join locations l1_0 on l1_0.id=sm1_0.location_id where sm1_0.status='CONFIRMED' group by sm1_0.product_id,sm1_0.location_id,l1_0.name
2026-09-26T17:25:11.206+05:30 DEBUG 23996 --- [nio-8080-exec-1] org.hibernate.SQL                        : select count(sm1_0.id) from stock_moves sm1_0 where sm1_0.status=? and sm1_0.move_type=?
2026-09-26T17:25:11.208+05:30 DEBUG 23996 --- [nio-8080-exec-8] o.s.w.s.m.m.a.HttpEntityMethodProcessor  : Using 'application/json', given [*/*] and supported [application/json, application/*+json]
2026-09-26T17:25:11.208+05:30 DEBUG 23996 --- [nio-8080-exec-8] o.s.w.s.m.m.a.HttpEntityMethodProcessor  : Writing [[com.stocksense.dto.ProductResponseDto@1d01253b, com.stocksense.dto.ProductResponseDto@4759df46, com (truncated)...]
2026-09-26T17:25:11.217+05:30 DEBUG 23996 --- [nio-8080-exec-1] org.hibernate.SQL                        : select count(sm1_0.id) from stock_moves sm1_0 where sm1_0.status=? and sm1_0.move_type=?
2026-09-26T17:25:11.217+05:30 DEBUG 23996 --- [nio-8080-exec-8] o.s.web.servlet.DispatcherServlet        : Completed 200 OK
2026-09-26T17:25:11.221+05:30 DEBUG 23996 --- [nio-8080-exec-1] o.s.w.s.m.m.a.HttpEntityMethodProcessor  : Using 'application/json', given [*/*] and supported [application/json, application/*+json]
2026-09-26T17:25:11.225+05:30 DEBUG 23996 --- [nio-8080-exec-1] o.s.w.s.m.m.a.HttpEntityMethodProcessor  : Writing [com.stocksense.dto.DashboardResponseDto@c484aae]
2026-09-26T17:25:11.229+05:30 DEBUG 23996 --- [nio-8080-exec-1] o.s.web.servlet.DispatcherServlet        : Completed 200 OK
2026-09-26T17:25:41.156+05:30 DEBUG 23996 --- [nio-8080-exec-3] o.s.web.servlet.DispatcherServlet        : GET "/products", parameters={}
2026-09-26T17:25:41.158+05:30 DEBUG 23996 --- [nio-8080-exec-3] s.w.s.m.m.a.RequestMappingHandlerMapping : Mapped to com.stocksense.controller.ProductController#listProducts()
2026-09-26T17:25:41.160+05:30 DEBUG 23996 --- [nio-8080-exec-9] o.s.web.servlet.DispatcherServlet        : GET "/dashboard", parameters={}
2026-09-26T17:25:41.163+05:30 DEBUG 23996 --- [nio-8080-exec-9] s.w.s.m.m.a.RequestMappingHandlerMapping : Mapped to com.stocksense.controller.DashboardController#getDashboard()
2026-09-26T17:25:41.164+05:30 DEBUG 23996 --- [nio-8080-exec-3] org.hibernate.SQL                        : select p1_0.id,p1_0.category,p1_0.name,p1_0.sku,p1_0.unit_of_measure from products p1_0 order by p1_0.name
2026-09-26T17:25:41.172+05:30 DEBUG 23996 --- [nio-8080-exec-3] org.hibernate.SQL                        : select sm1_0.product_id,cast(coalesce(sum(sm1_0.quantity_change),0) as integer) from stock_moves sm1_0 where sm1_0.status='CONFIRMED' group by sm1_0.product_id
2026-09-26T17:25:41.170+05:30 DEBUG 23996 --- [nio-8080-exec-9] org.hibernate.SQL                        : select p1_0.id,p1_0.category,p1_0.name,p1_0.sku,p1_0.unit_of_measure from products p1_0 order by p1_0.name
2026-09-26T17:25:41.176+05:30 DEBUG 23996 --- [nio-8080-exec-3] org.hibernate.SQL                        : select sm1_0.product_id,sm1_0.location_id,l1_0.name,cast(coalesce(sum(sm1_0.quantity_change),0) as integer) from stock_moves sm1_0 join locations l1_0 on l1_0.id=sm1_0.location_id where sm1_0.status='CONFIRMED' group by sm1_0.product_id,sm1_0.location_id,l1_0.name
2026-09-26T17:25:41.178+05:30 DEBUG 23996 --- [nio-8080-exec-9] org.hibernate.SQL                        : select sm1_0.product_id,cast(coalesce(sum(sm1_0.quantity_change),0) as integer) from stock_moves sm1_0 where sm1_0.status='CONFIRMED' group by sm1_0.product_id
2026-09-26T17:25:41.182+05:30 DEBUG 23996 --- [nio-8080-exec-3] o.s.w.s.m.m.a.HttpEntityMethodProcessor  : Using 'application/json', given [*/*] and supported [application/json, application/*+json]
2026-09-26T17:25:41.182+05:30 DEBUG 23996 --- [nio-8080-exec-3] o.s.w.s.m.m.a.HttpEntityMethodProcessor  : Writing [[com.stocksense.dto.ProductResponseDto@6b4fa638, com.stocksense.dto.ProductResponseDto@2020e128, com (truncated)...]
2026-09-26T17:25:41.182+05:30 DEBUG 23996 --- [nio-8080-exec-9] org.hibernate.SQL                        : select sm1_0.product_id,sm1_0.location_id,l1_0.name,cast(coalesce(sum(sm1_0.quantity_change),0) as integer) from stock_moves sm1_0 join locations l1_0 on l1_0.id=sm1_0.location_id where sm1_0.status='CONFIRMED' group by sm1_0.product_id,sm1_0.location_id,l1_0.name
2026-09-26T17:25:41.184+05:30 DEBUG 23996 --- [nio-8080-exec-3] o.s.web.servlet.DispatcherServlet        : Completed 200 OK
2026-09-26T17:25:41.202+05:30 DEBUG 23996 --- [nio-8080-exec-9] org.hibernate.SQL                        : select count(sm1_0.id) from stock_moves sm1_0 where sm1_0.status=? and sm1_0.move_type=?
2026-09-26T17:25:41.208+05:30 DEBUG 23996 --- [nio-8080-exec-9] org.hibernate.SQL                        : select count(sm1_0.id) from stock_moves sm1_0 where sm1_0.status=? and sm1_0.move_type=?
2026-09-26T17:25:41.211+05:30 DEBUG 23996 --- [nio-8080-exec-9] o.s.w.s.m.m.a.HttpEntityMethodProcessor  : Using 'application/json', given [*/*] and supported [application/json, application/*+json]
2026-09-26T17:25:41.214+05:30 DEBUG 23996 --- [nio-8080-exec-9] o.s.w.s.m.m.a.HttpEntityMethodProcessor  : Writing [com.stocksense.dto.DashboardResponseDto@613389f5]
2026-09-26T17:25:41.217+05:30 DEBUG 23996 --- [nio-8080-exec-9] o.s.web.servlet.DispatcherServlet        : Completed 200 OK
2026-09-26T17:25:56.953+05:30 DEBUG 23996 --- [nio-8080-exec-2] o.s.web.servlet.DispatcherServlet        : GET "/", parameters={}
2026-09-26T17:25:56.956+05:30 DEBUG 23996 --- [nio-8080-exec-2] o.s.w.s.handler.SimpleUrlHandlerMapping  : Mapped to ParameterizableViewController [view="forward:/index.html"]
2026-09-26T17:25:56.962+05:30 DEBUG 23996 --- [nio-8080-exec-2] o.s.w.s.v.ContentNegotiatingViewResolver : Selected 'text/html' given [text/html, application/xhtml+xml, image/avif, image/webp, image/apng, application/xml;q=0.9, */*;q=0.8, application/signed-exchange;v=b3;q=0.7]
2026-09-26T17:25:56.962+05:30 DEBUG 23996 --- [nio-8080-exec-2] o.s.w.servlet.view.InternalResourceView  : View name [forward:], model {}
2026-09-26T17:25:56.962+05:30 DEBUG 23996 --- [nio-8080-exec-2] o.s.w.servlet.view.InternalResourceView  : Forwarding to [/index.html]
2026-09-26T17:25:56.967+05:30 DEBUG 23996 --- [nio-8080-exec-2] o.s.web.servlet.DispatcherServlet        : "FORWARD" dispatch for GET "/index.html", parameters={}
2026-09-26T17:25:56.973+05:30 DEBUG 23996 --- [nio-8080-exec-2] o.s.w.s.handler.SimpleUrlHandlerMapping  : Mapped to ResourceHttpRequestHandler [URL [file:frontend/], classpath [static/]]
2026-09-26T17:25:56.983+05:30 DEBUG 23996 --- [nio-8080-exec-2] o.s.web.servlet.DispatcherServlet        : Exiting from "FORWARD" dispatch, status 200
2026-09-26T17:25:56.986+05:30 DEBUG 23996 --- [nio-8080-exec-2] o.s.web.servlet.DispatcherServlet        : Completed 200 OK
2026-09-26T17:25:57.422+05:30 DEBUG 23996 --- [nio-8080-exec-4] o.s.web.servlet.DispatcherServlet        : GET "/style.css", parameters={}
2026-09-26T17:25:57.424+05:30 DEBUG 23996 --- [nio-8080-exec-4] o.s.w.s.handler.SimpleUrlHandlerMapping  : Mapped to ResourceHttpRequestHandler [URL [file:frontend/], classpath [static/]]
2026-09-26T17:25:57.429+05:30 DEBUG 23996 --- [nio-8080-exec-4] o.s.web.servlet.DispatcherServlet        : Completed 200 OK
2026-09-26T17:25:57.458+05:30 DEBUG 23996 --- [io-8080-exec-10] o.s.web.servlet.DispatcherServlet        : GET "/utils.js", parameters={}
2026-09-26T17:25:57.458+05:30 DEBUG 23996 --- [nio-8080-exec-5] o.s.web.servlet.DispatcherServlet        : GET "/api.js", parameters={}
2026-09-26T17:25:57.464+05:30 DEBUG 23996 --- [io-8080-exec-10] o.s.w.s.handler.SimpleUrlHandlerMapping  : Mapped to ResourceHttpRequestHandler [URL [file:frontend/], classpath [static/]]
2026-09-26T17:25:57.464+05:30 DEBUG 23996 --- [nio-8080-exec-5] o.s.w.s.handler.SimpleUrlHandlerMapping  : Mapped to ResourceHttpRequestHandler [URL [file:frontend/], classpath [static/]]
2026-09-26T17:25:57.467+05:30 DEBUG 23996 --- [nio-8080-exec-5] o.s.web.servlet.DispatcherServlet        : Completed 200 OK
2026-09-26T17:25:57.467+05:30 DEBUG 23996 --- [io-8080-exec-10] o.s.web.servlet.DispatcherServlet        : Completed 200 OK
2026-09-26T17:25:57.482+05:30 DEBUG 23996 --- [nio-8080-exec-7] o.s.web.servlet.DispatcherServlet        : GET "/dashboard", parameters={}
2026-09-26T17:25:57.482+05:30 DEBUG 23996 --- [nio-8080-exec-6] o.s.web.servlet.DispatcherServlet        : GET "/products", parameters={}
2026-09-26T17:25:57.482+05:30 DEBUG 23996 --- [nio-8080-exec-7] s.w.s.m.m.a.RequestMappingHandlerMapping : Mapped to com.stocksense.controller.DashboardController#getDashboard()
2026-09-26T17:25:57.482+05:30 DEBUG 23996 --- [nio-8080-exec-6] s.w.s.m.m.a.RequestMappingHandlerMapping : Mapped to com.stocksense.controller.ProductController#listProducts()
2026-09-26T17:25:57.488+05:30 DEBUG 23996 --- [nio-8080-exec-6] org.hibernate.SQL                        : select p1_0.id,p1_0.category,p1_0.name,p1_0.sku,p1_0.unit_of_measure from products p1_0 order by p1_0.name
2026-09-26T17:25:57.488+05:30 DEBUG 23996 --- [nio-8080-exec-7] org.hibernate.SQL                        : select p1_0.id,p1_0.category,p1_0.name,p1_0.sku,p1_0.unit_of_measure from products p1_0 order by p1_0.name
2026-09-26T17:25:57.494+05:30 DEBUG 23996 --- [nio-8080-exec-7] org.hibernate.SQL                        : select sm1_0.product_id,cast(coalesce(sum(sm1_0.quantity_change),0) as integer) from stock_moves sm1_0 where sm1_0.status='CONFIRMED' group by sm1_0.product_id
2026-09-26T17:25:57.494+05:30 DEBUG 23996 --- [nio-8080-exec-6] org.hibernate.SQL                        : select sm1_0.product_id,cast(coalesce(sum(sm1_0.quantity_change),0) as integer) from stock_moves sm1_0 where sm1_0.status='CONFIRMED' group by sm1_0.product_id
2026-09-26T17:25:57.500+05:30 DEBUG 23996 --- [nio-8080-exec-6] org.hibernate.SQL                        : select sm1_0.product_id,sm1_0.location_id,l1_0.name,cast(coalesce(sum(sm1_0.quantity_change),0) as integer) from stock_moves sm1_0 join locations l1_0 on l1_0.id=sm1_0.location_id where sm1_0.status='CONFIRMED' group by sm1_0.product_id,sm1_0.location_id,l1_0.name
2026-09-26T17:25:57.500+05:30 DEBUG 23996 --- [nio-8080-exec-7] org.hibernate.SQL                        : select sm1_0.product_id,sm1_0.location_id,l1_0.name,cast(coalesce(sum(sm1_0.quantity_change),0) as integer) from stock_moves sm1_0 join locations l1_0 on l1_0.id=sm1_0.location_id where sm1_0.status='CONFIRMED' group by sm1_0.product_id,sm1_0.location_id,l1_0.name
2026-09-26T17:25:57.505+05:30 DEBUG 23996 --- [nio-8080-exec-6] o.s.w.s.m.m.a.HttpEntityMethodProcessor  : Using 'application/json', given [*/*] and supported [application/json, application/*+json]
2026-09-26T17:25:57.506+05:30 DEBUG 23996 --- [nio-8080-exec-6] o.s.w.s.m.m.a.HttpEntityMethodProcessor  : Writing [[com.stocksense.dto.ProductResponseDto@5506023c, com.stocksense.dto.ProductResponseDto@d17ef2a, com. (truncated)...]
2026-09-26T17:25:57.506+05:30 DEBUG 23996 --- [nio-8080-exec-7] org.hibernate.SQL                        : select count(sm1_0.id) from stock_moves sm1_0 where sm1_0.status=? and sm1_0.move_type=?
2026-09-26T17:25:57.506+05:30 DEBUG 23996 --- [nio-8080-exec-6] o.s.web.servlet.DispatcherServlet        : Completed 200 OK
2026-09-26T17:25:57.506+05:30 DEBUG 23996 --- [nio-8080-exec-7] org.hibernate.SQL                        : select count(sm1_0.id) from stock_moves sm1_0 where sm1_0.status=? and sm1_0.move_type=?
2026-09-26T17:25:57.512+05:30 DEBUG 23996 --- [nio-8080-exec-7] o.s.w.s.m.m.a.HttpEntityMethodProcessor  : Using 'application/json', given [*/*] and supported [application/json, application/*+json]
2026-09-26T17:25:57.514+05:30 DEBUG 23996 --- [nio-8080-exec-7] o.s.w.s.m.m.a.HttpEntityMethodProcessor  : Writing [com.stocksense.dto.DashboardResponseDto@37515db5]
2026-09-26T17:25:57.514+05:30 DEBUG 23996 --- [nio-8080-exec-7] o.s.web.servlet.DispatcherServlet        : Completed 200 OK
2026-09-26T17:25:58.556+05:30 DEBUG 23996 --- [nio-8080-exec-8] o.s.web.servlet.DispatcherServlet        : GET "/favicon.ico", parameters={}
2026-09-26T17:25:58.561+05:30 DEBUG 23996 --- [nio-8080-exec-8] o.s.w.s.handler.SimpleUrlHandlerMapping  : Mapped to ResourceHttpRequestHandler [URL [file:frontend/], classpath [static/]]
2026-09-26T17:25:58.566+05:30 DEBUG 23996 --- [nio-8080-exec-8] o.s.w.s.r.ResourceHttpRequestHandler     : Resource not found
2026-09-26T17:25:58.569+05:30 DEBUG 23996 --- [nio-8080-exec-8] .m.m.a.ExceptionHandlerExceptionResolver : Using @ExceptionHandler com.stocksense.controller.GlobalExceptionHandler#handleGenericException(Exception)
2026-09-26T17:25:58.571+05:30 DEBUG 23996 --- [nio-8080-exec-8] o.s.w.s.m.m.a.HttpEntityMethodProcessor  : Using 'application/json;q=0.8', given [image/avif, image/webp, image/apng, image/svg+xml, image/*, */*;q=0.8] and supported [application/json, application/*+json]
2026-09-26T17:25:58.571+05:30 DEBUG 23996 --- [nio-8080-exec-8] o.s.w.s.m.m.a.HttpEntityMethodProcessor  : Writing [com.stocksense.dto.ErrorResponseDto@506ae7e8]
2026-09-26T17:25:58.571+05:30 DEBUG 23996 --- [nio-8080-exec-8] .m.m.a.ExceptionHandlerExceptionResolver : Resolved [org.springframework.web.servlet.resource.NoResourceFoundException: No static resource favicon.ico.]
2026-09-26T17:25:58.576+05:30 DEBUG 23996 --- [nio-8080-exec-8] o.s.web.servlet.DispatcherServlet        : Completed 500 INTERNAL_SERVER_ERROR
2026-09-26T17:26:07.917+05:30 DEBUG 23996 --- [nio-8080-exec-1] o.s.web.servlet.DispatcherServlet        : GET "/admin", parameters={}
2026-09-26T17:26:07.919+05:30 DEBUG 23996 --- [nio-8080-exec-1] o.s.w.s.handler.SimpleUrlHandlerMapping  : Mapped to ResourceHttpRequestHandler [URL [file:frontend/], classpath [static/]]
2026-09-26T17:26:07.921+05:30 DEBUG 23996 --- [nio-8080-exec-1] o.s.w.s.r.ResourceHttpRequestHandler     : Resource not found
2026-09-26T17:26:07.923+05:30 DEBUG 23996 --- [nio-8080-exec-1] .m.m.a.ExceptionHandlerExceptionResolver : Using @ExceptionHandler com.stocksense.controller.GlobalExceptionHandler#handleGenericException(Exception)
2026-09-26T17:26:07.925+05:30 DEBUG 23996 --- [nio-8080-exec-1] o.s.w.s.m.m.a.HttpEntityMethodProcessor  : Using 'application/json;q=0.8', given [text/html, application/xhtml+xml, image/avif, image/webp, image/apng, application/xml;q=0.9, */*;q=0.8, application/signed-exchange;v=b3;q=0.7] and supported [application/json, application/*+json]
2026-09-26T17:26:07.927+05:30 DEBUG 23996 --- [nio-8080-exec-1] o.s.w.s.m.m.a.HttpEntityMethodProcessor  : Writing [com.stocksense.dto.ErrorResponseDto@1b5ced0d]
2026-09-26T17:26:07.929+05:30 DEBUG 23996 --- [nio-8080-exec-1] .m.m.a.ExceptionHandlerExceptionResolver : Resolved [org.springframework.web.servlet.resource.NoResourceFoundException: No static resource admin.]
2026-09-26T17:26:07.931+05:30 DEBUG 23996 --- [nio-8080-exec-1] o.s.web.servlet.DispatcherServlet        : Completed 500 INTERNAL_SERVER_ERROR
2026-09-26T17:26:08.000+05:30 DEBUG 23996 --- [nio-8080-exec-3] o.s.web.servlet.DispatcherServlet        : GET "/favicon.ico", parameters={}
2026-09-26T17:26:08.005+05:30 DEBUG 23996 --- [nio-8080-exec-3] o.s.w.s.handler.SimpleUrlHandlerMapping  : Mapped to ResourceHttpRequestHandler [URL [file:frontend/], classpath [static/]]
2026-09-26T17:26:08.007+05:30 DEBUG 23996 --- [nio-8080-exec-3] o.s.w.s.r.ResourceHttpRequestHandler     : Resource not found
2026-09-26T17:26:08.007+05:30 DEBUG 23996 --- [nio-8080-exec-3] .m.m.a.ExceptionHandlerExceptionResolver : Using @ExceptionHandler com.stocksense.controller.GlobalExceptionHandler#handleGenericException(Exception)
2026-09-26T17:26:08.009+05:30 DEBUG 23996 --- [nio-8080-exec-3] o.s.w.s.m.m.a.HttpEntityMethodProcessor  : Using 'application/json;q=0.8', given [image/avif, image/webp, image/apng, image/svg+xml, image/*, */*;q=0.8] and supported [application/json, application/*+json]
2026-09-26T17:26:08.009+05:30 DEBUG 23996 --- [nio-8080-exec-3] o.s.w.s.m.m.a.HttpEntityMethodProcessor  : Writing [com.stocksense.dto.ErrorResponseDto@923db25]
2026-09-26T17:26:08.012+05:30 DEBUG 23996 --- [nio-8080-exec-3] .m.m.a.ExceptionHandlerExceptionResolver : Resolved [org.springframework.web.servlet.resource.NoResourceFoundException: No static resource favicon.ico.]
2026-09-26T17:26:08.012+05:30 DEBUG 23996 --- [nio-8080-exec-3] o.s.web.servlet.DispatcherServlet        : Completed 500 INTERNAL_SERVER_ERROR
2026-09-26T17:26:17.680+05:30 DEBUG 23996 --- [nio-8080-exec-9] o.s.web.servlet.DispatcherServlet        : GET "/products.html", parameters={}
2026-09-26T17:26:17.684+05:30 DEBUG 23996 --- [nio-8080-exec-9] o.s.w.s.handler.SimpleUrlHandlerMapping  : Mapped to ResourceHttpRequestHandler [URL [file:frontend/], classpath [static/]]
2026-09-26T17:26:17.695+05:30 DEBUG 23996 --- [nio-8080-exec-9] o.s.web.servlet.DispatcherServlet        : Completed 200 OK
2026-09-26T17:26:17.721+05:30 DEBUG 23996 --- [nio-8080-exec-2] o.s.web.servlet.DispatcherServlet        : GET "/style.css", parameters={}
2026-09-26T17:26:17.726+05:30 DEBUG 23996 --- [nio-8080-exec-2] o.s.w.s.handler.SimpleUrlHandlerMapping  : Mapped to ResourceHttpRequestHandler [URL [file:frontend/], classpath [static/]]
2026-09-26T17:26:17.739+05:30 DEBUG 23996 --- [nio-8080-exec-2] o.s.web.servlet.DispatcherServlet        : Completed 200 OK
2026-09-26T17:26:17.759+05:30 DEBUG 23996 --- [nio-8080-exec-4] o.s.web.servlet.DispatcherServlet        : GET "/api.js", parameters={}
2026-09-26T17:26:17.759+05:30 DEBUG 23996 --- [nio-8080-exec-5] o.s.web.servlet.DispatcherServlet        : GET "/utils.js", parameters={}
2026-09-26T17:26:17.763+05:30 DEBUG 23996 --- [nio-8080-exec-4] o.s.w.s.handler.SimpleUrlHandlerMapping  : Mapped to ResourceHttpRequestHandler [URL [file:frontend/], classpath [static/]]
2026-09-26T17:26:17.766+05:30 DEBUG 23996 --- [nio-8080-exec-5] o.s.w.s.handler.SimpleUrlHandlerMapping  : Mapped to ResourceHttpRequestHandler [URL [file:frontend/], classpath [static/]]
2026-09-26T17:26:17.773+05:30 DEBUG 23996 --- [nio-8080-exec-4] o.s.web.servlet.DispatcherServlet        : Completed 200 OK
2026-09-26T17:26:17.778+05:30 DEBUG 23996 --- [nio-8080-exec-5] o.s.web.servlet.DispatcherServlet        : Completed 200 OK
2026-09-26T17:26:17.951+05:30 DEBUG 23996 --- [io-8080-exec-10] o.s.web.servlet.DispatcherServlet        : GET "/products", parameters={}
2026-09-26T17:26:17.955+05:30 DEBUG 23996 --- [io-8080-exec-10] s.w.s.m.m.a.RequestMappingHandlerMapping : Mapped to com.stocksense.controller.ProductController#listProducts()
2026-09-26T17:26:17.971+05:30 DEBUG 23996 --- [io-8080-exec-10] org.hibernate.SQL                        : select p1_0.id,p1_0.category,p1_0.name,p1_0.sku,p1_0.unit_of_measure from products p1_0 order by p1_0.name
2026-09-26T17:26:17.986+05:30 DEBUG 23996 --- [io-8080-exec-10] org.hibernate.SQL                        : select sm1_0.product_id,cast(coalesce(sum(sm1_0.quantity_change),0) as integer) from stock_moves sm1_0 where sm1_0.status='CONFIRMED' group by sm1_0.product_id
2026-09-26T17:26:17.995+05:30 DEBUG 23996 --- [nio-8080-exec-6] o.s.web.servlet.DispatcherServlet        : GET "/favicon.ico", parameters={}
2026-09-26T17:26:18.004+05:30 DEBUG 23996 --- [nio-8080-exec-6] o.s.w.s.handler.SimpleUrlHandlerMapping  : Mapped to ResourceHttpRequestHandler [URL [file:frontend/], classpath [static/]]
2026-09-26T17:26:18.005+05:30 DEBUG 23996 --- [io-8080-exec-10] org.hibernate.SQL                        : select sm1_0.product_id,sm1_0.location_id,l1_0.name,cast(coalesce(sum(sm1_0.quantity_change),0) as integer) from stock_moves sm1_0 join locations l1_0 on l1_0.id=sm1_0.location_id where sm1_0.status='CONFIRMED' group by sm1_0.product_id,sm1_0.location_id,l1_0.name
2026-09-26T17:26:18.006+05:30 DEBUG 23996 --- [nio-8080-exec-6] o.s.w.s.r.ResourceHttpRequestHandler     : Resource not found
2026-09-26T17:26:18.007+05:30 DEBUG 23996 --- [nio-8080-exec-6] .m.m.a.ExceptionHandlerExceptionResolver : Using @ExceptionHandler com.stocksense.controller.GlobalExceptionHandler#handleGenericException(Exception)
2026-09-26T17:26:18.009+05:30 DEBUG 23996 --- [nio-8080-exec-6] o.s.w.s.m.m.a.HttpEntityMethodProcessor  : Using 'application/json;q=0.8', given [image/avif, image/webp, image/apng, image/svg+xml, image/*, */*;q=0.8] and supported [application/json, application/*+json]
2026-09-26T17:26:18.014+05:30 DEBUG 23996 --- [nio-8080-exec-6] o.s.w.s.m.m.a.HttpEntityMethodProcessor  : Writing [com.stocksense.dto.ErrorResponseDto@4940bbfa]
2026-09-26T17:26:18.017+05:30 DEBUG 23996 --- [nio-8080-exec-6] .m.m.a.ExceptionHandlerExceptionResolver : Resolved [org.springframework.web.servlet.resource.NoResourceFoundException: No static resource favicon.ico.]
2026-09-26T17:26:18.019+05:30 DEBUG 23996 --- [nio-8080-exec-6] o.s.web.servlet.DispatcherServlet        : Completed 500 INTERNAL_SERVER_ERROR
2026-09-26T17:26:18.019+05:30 DEBUG 23996 --- [io-8080-exec-10] o.s.w.s.m.m.a.HttpEntityMethodProcessor  : Using 'application/json', given [*/*] and supported [application/json, application/*+json]
2026-09-26T17:26:18.021+05:30 DEBUG 23996 --- [io-8080-exec-10] o.s.w.s.m.m.a.HttpEntityMethodProcessor  : Writing [[com.stocksense.dto.ProductResponseDto@6f94ebe8, com.stocksense.dto.ProductResponseDto@49a47097, com (truncated)...]
2026-09-26T17:26:18.026+05:30 DEBUG 23996 --- [io-8080-exec-10] o.s.web.servlet.DispatcherServlet        : Completed 200 OK
2026-09-26T17:26:18.975+05:30 DEBUG 23996 --- [nio-8080-exec-7] o.s.web.servlet.DispatcherServlet        : GET "/index.html", parameters={}
2026-09-26T17:26:18.982+05:30 DEBUG 23996 --- [nio-8080-exec-7] o.s.w.s.handler.SimpleUrlHandlerMapping  : Mapped to ResourceHttpRequestHandler [URL [file:frontend/], classpath [static/]]
2026-09-26T17:26:18.991+05:30 DEBUG 23996 --- [nio-8080-exec-7] o.s.web.servlet.DispatcherServlet        : Completed 200 OK
2026-09-26T17:26:19.014+05:30 DEBUG 23996 --- [nio-8080-exec-8] o.s.web.servlet.DispatcherServlet        : GET "/style.css", parameters={}
2026-09-26T17:26:19.017+05:30 DEBUG 23996 --- [nio-8080-exec-8] o.s.w.s.handler.SimpleUrlHandlerMapping  : Mapped to ResourceHttpRequestHandler [URL [file:frontend/], classpath [static/]]
2026-09-26T17:26:19.025+05:30 DEBUG 23996 --- [nio-8080-exec-8] o.s.web.servlet.DispatcherServlet        : Completed 200 OK
2026-09-26T17:26:19.049+05:30 DEBUG 23996 --- [nio-8080-exec-3] o.s.web.servlet.DispatcherServlet        : GET "/utils.js", parameters={}
2026-09-26T17:26:19.049+05:30 DEBUG 23996 --- [nio-8080-exec-1] o.s.web.servlet.DispatcherServlet        : GET "/api.js", parameters={}
2026-09-26T17:26:19.051+05:30 DEBUG 23996 --- [nio-8080-exec-3] o.s.w.s.handler.SimpleUrlHandlerMapping  : Mapped to ResourceHttpRequestHandler [URL [file:frontend/], classpath [static/]]
2026-09-26T17:26:19.053+05:30 DEBUG 23996 --- [nio-8080-exec-1] o.s.w.s.handler.SimpleUrlHandlerMapping  : Mapped to ResourceHttpRequestHandler [URL [file:frontend/], classpath [static/]]
2026-09-26T17:26:19.058+05:30 DEBUG 23996 --- [nio-8080-exec-3] o.s.web.servlet.DispatcherServlet        : Completed 200 OK
2026-09-26T17:26:19.060+05:30 DEBUG 23996 --- [nio-8080-exec-1] o.s.web.servlet.DispatcherServlet        : Completed 200 OK
2026-09-26T17:26:19.099+05:30 DEBUG 23996 --- [nio-8080-exec-2] o.s.web.servlet.DispatcherServlet        : GET "/products", parameters={}
2026-09-26T17:26:19.099+05:30 DEBUG 23996 --- [nio-8080-exec-9] o.s.web.servlet.DispatcherServlet        : GET "/dashboard", parameters={}
2026-09-26T17:26:19.103+05:30 DEBUG 23996 --- [nio-8080-exec-2] s.w.s.m.m.a.RequestMappingHandlerMapping : Mapped to com.stocksense.controller.ProductController#listProducts()
2026-09-26T17:26:19.117+05:30 DEBUG 23996 --- [nio-8080-exec-9] s.w.s.m.m.a.RequestMappingHandlerMapping : Mapped to com.stocksense.controller.DashboardController#getDashboard()
2026-09-26T17:26:19.120+05:30 DEBUG 23996 --- [nio-8080-exec-4] o.s.web.servlet.DispatcherServlet        : GET "/favicon.ico", parameters={}
2026-09-26T17:26:19.124+05:30 DEBUG 23996 --- [nio-8080-exec-2] org.hibernate.SQL                        : select p1_0.id,p1_0.category,p1_0.name,p1_0.sku,p1_0.unit_of_measure from products p1_0 order by p1_0.name
2026-09-26T17:26:19.124+05:30 DEBUG 23996 --- [nio-8080-exec-4] o.s.w.s.handler.SimpleUrlHandlerMapping  : Mapped to ResourceHttpRequestHandler [URL [file:frontend/], classpath [static/]]
2026-09-26T17:26:19.127+05:30 DEBUG 23996 --- [nio-8080-exec-9] org.hibernate.SQL                        : select p1_0.id,p1_0.category,p1_0.name,p1_0.sku,p1_0.unit_of_measure from products p1_0 order by p1_0.name
2026-09-26T17:26:19.129+05:30 DEBUG 23996 --- [nio-8080-exec-4] o.s.w.s.r.ResourceHttpRequestHandler     : Resource not found
2026-09-26T17:26:19.134+05:30 DEBUG 23996 --- [nio-8080-exec-4] .m.m.a.ExceptionHandlerExceptionResolver : Using @ExceptionHandler com.stocksense.controller.GlobalExceptionHandler#handleGenericException(Exception)
2026-09-26T17:26:19.134+05:30 DEBUG 23996 --- [nio-8080-exec-2] org.hibernate.SQL                        : select sm1_0.product_id,cast(coalesce(sum(sm1_0.quantity_change),0) as integer) from stock_moves sm1_0 where sm1_0.status='CONFIRMED' group by sm1_0.product_id
2026-09-26T17:26:19.136+05:30 DEBUG 23996 --- [nio-8080-exec-4] o.s.w.s.m.m.a.HttpEntityMethodProcessor  : Using 'application/json;q=0.8', given [image/avif, image/webp, image/apng, image/svg+xml, image/*, */*;q=0.8] and supported [application/json, application/*+json]
2026-09-26T17:26:19.139+05:30 DEBUG 23996 --- [nio-8080-exec-4] o.s.w.s.m.m.a.HttpEntityMethodProcessor  : Writing [com.stocksense.dto.ErrorResponseDto@35cf8876]
2026-09-26T17:26:19.145+05:30 DEBUG 23996 --- [nio-8080-exec-2] org.hibernate.SQL                        : select sm1_0.product_id,sm1_0.location_id,l1_0.name,cast(coalesce(sum(sm1_0.quantity_change),0) as integer) from stock_moves sm1_0 join locations l1_0 on l1_0.id=sm1_0.location_id where sm1_0.status='CONFIRMED' group by sm1_0.product_id,sm1_0.location_id,l1_0.name
2026-09-26T17:26:19.147+05:30 DEBUG 23996 --- [nio-8080-exec-9] org.hibernate.SQL                        : select sm1_0.product_id,cast(coalesce(sum(sm1_0.quantity_change),0) as integer) from stock_moves sm1_0 where sm1_0.status='CONFIRMED' group by sm1_0.product_id
2026-09-26T17:26:19.150+05:30 DEBUG 23996 --- [nio-8080-exec-4] .m.m.a.ExceptionHandlerExceptionResolver : Resolved [org.springframework.web.servlet.resource.NoResourceFoundException: No static resource favicon.ico.]
2026-09-26T17:26:19.155+05:30 DEBUG 23996 --- [nio-8080-exec-4] o.s.web.servlet.DispatcherServlet        : Completed 500 INTERNAL_SERVER_ERROR
2026-09-26T17:26:19.161+05:30 DEBUG 23996 --- [nio-8080-exec-2] o.s.w.s.m.m.a.HttpEntityMethodProcessor  : Using 'application/json', given [*/*] and supported [application/json, application/*+json]
2026-09-26T17:26:19.163+05:30 DEBUG 23996 --- [nio-8080-exec-2] o.s.w.s.m.m.a.HttpEntityMethodProcessor  : Writing [[com.stocksense.dto.ProductResponseDto@e1a8d00, com.stocksense.dto.ProductResponseDto@6004327, com.s (truncated)...]
2026-09-26T17:26:19.169+05:30 DEBUG 23996 --- [nio-8080-exec-2] o.s.web.servlet.DispatcherServlet        : Completed 200 OK
2026-09-26T17:26:19.195+05:30 DEBUG 23996 --- [nio-8080-exec-9] org.hibernate.SQL                        : select sm1_0.product_id,sm1_0.location_id,l1_0.name,cast(coalesce(sum(sm1_0.quantity_change),0) as integer) from stock_moves sm1_0 join locations l1_0 on l1_0.id=sm1_0.location_id where sm1_0.status='CONFIRMED' group by sm1_0.product_id,sm1_0.location_id,l1_0.name
2026-09-26T17:26:19.204+05:30 DEBUG 23996 --- [nio-8080-exec-9] org.hibernate.SQL                        : select count(sm1_0.id) from stock_moves sm1_0 where sm1_0.status=? and sm1_0.move_type=?
2026-09-26T17:26:19.211+05:30 DEBUG 23996 --- [nio-8080-exec-9] org.hibernate.SQL                        : select count(sm1_0.id) from stock_moves sm1_0 where sm1_0.status=? and sm1_0.move_type=?
2026-09-26T17:26:19.214+05:30 DEBUG 23996 --- [nio-8080-exec-9] o.s.w.s.m.m.a.HttpEntityMethodProcessor  : Using 'application/json', given [*/*] and supported [application/json, application/*+json]
2026-09-26T17:26:19.215+05:30 DEBUG 23996 --- [nio-8080-exec-9] o.s.w.s.m.m.a.HttpEntityMethodProcessor  : Writing [com.stocksense.dto.DashboardResponseDto@78c9b421]
2026-09-26T17:26:19.217+05:30 DEBUG 23996 --- [nio-8080-exec-9] o.s.web.servlet.DispatcherServlet        : Completed 200 OK
2026-09-26T17:26:20.618+05:30 DEBUG 23996 --- [nio-8080-exec-5] o.s.web.servlet.DispatcherServlet        : GET "/login.html", parameters={}
2026-09-26T17:26:20.620+05:30 DEBUG 23996 --- [nio-8080-exec-5] o.s.w.s.handler.SimpleUrlHandlerMapping  : Mapped to ResourceHttpRequestHandler [URL [file:frontend/], classpath [static/]]
2026-09-26T17:26:20.626+05:30 DEBUG 23996 --- [nio-8080-exec-5] o.s.web.servlet.DispatcherServlet        : Completed 200 OK
2026-09-26T17:26:20.652+05:30 DEBUG 23996 --- [nio-8080-exec-6] o.s.web.servlet.DispatcherServlet        : GET "/style.css", parameters={}
2026-09-26T17:26:20.656+05:30 DEBUG 23996 --- [nio-8080-exec-6] o.s.w.s.handler.SimpleUrlHandlerMapping  : Mapped to ResourceHttpRequestHandler [URL [file:frontend/], classpath [static/]]
2026-09-26T17:26:20.669+05:30 DEBUG 23996 --- [nio-8080-exec-6] o.s.web.servlet.DispatcherServlet        : Completed 200 OK
2026-09-26T17:26:20.702+05:30 DEBUG 23996 --- [io-8080-exec-10] o.s.web.servlet.DispatcherServlet        : GET "/api.js", parameters={}
2026-09-26T17:26:20.708+05:30 DEBUG 23996 --- [io-8080-exec-10] o.s.w.s.handler.SimpleUrlHandlerMapping  : Mapped to ResourceHttpRequestHandler [URL [file:frontend/], classpath [static/]]
2026-09-26T17:26:20.723+05:30 DEBUG 23996 --- [io-8080-exec-10] o.s.web.servlet.DispatcherServlet        : Completed 200 OK
2026-09-26T17:26:20.725+05:30 DEBUG 23996 --- [nio-8080-exec-7] o.s.web.servlet.DispatcherServlet        : GET "/utils.js", parameters={}
2026-09-26T17:26:20.729+05:30 DEBUG 23996 --- [nio-8080-exec-7] o.s.w.s.handler.SimpleUrlHandlerMapping  : Mapped to ResourceHttpRequestHandler [URL [file:frontend/], classpath [static/]]
2026-09-26T17:26:20.740+05:30 DEBUG 23996 --- [nio-8080-exec-7] o.s.web.servlet.DispatcherServlet        : Completed 200 OK
2026-09-26T17:26:20.799+05:30 DEBUG 23996 --- [nio-8080-exec-8] o.s.web.servlet.DispatcherServlet        : GET "/favicon.ico", parameters={}
2026-09-26T17:26:20.801+05:30 DEBUG 23996 --- [nio-8080-exec-8] o.s.w.s.handler.SimpleUrlHandlerMapping  : Mapped to ResourceHttpRequestHandler [URL [file:frontend/], classpath [static/]]
2026-09-26T17:26:20.805+05:30 DEBUG 23996 --- [nio-8080-exec-8] o.s.w.s.r.ResourceHttpRequestHandler     : Resource not found
2026-09-26T17:26:20.805+05:30 DEBUG 23996 --- [nio-8080-exec-8] .m.m.a.ExceptionHandlerExceptionResolver : Using @ExceptionHandler com.stocksense.controller.GlobalExceptionHandler#handleGenericException(Exception)
2026-09-26T17:26:20.807+05:30 DEBUG 23996 --- [nio-8080-exec-8] o.s.w.s.m.m.a.HttpEntityMethodProcessor  : Using 'application/json;q=0.8', given [image/avif, image/webp, image/apng, image/svg+xml, image/*, */*;q=0.8] and supported [application/json, application/*+json]
2026-09-26T17:26:20.809+05:30 DEBUG 23996 --- [nio-8080-exec-8] o.s.w.s.m.m.a.HttpEntityMethodProcessor  : Writing [com.stocksense.dto.ErrorResponseDto@6ad5aecd]
2026-09-26T17:26:20.811+05:30 DEBUG 23996 --- [nio-8080-exec-8] .m.m.a.ExceptionHandlerExceptionResolver : Resolved [org.springframework.web.servlet.resource.NoResourceFoundException: No static resource favicon.ico.]
2026-09-26T17:26:20.811+05:30 DEBUG 23996 --- [nio-8080-exec-8] o.s.web.servlet.DispatcherServlet        : Completed 500 INTERNAL_SERVER_ERROR
2026-09-26T17:27:32.824+05:30 DEBUG 23996 --- [nio-8080-exec-1] o.s.web.servlet.DispatcherServlet        : POST "/auth/login", parameters={}
2026-09-26T17:27:32.826+05:30 DEBUG 23996 --- [nio-8080-exec-1] s.w.s.m.m.a.RequestMappingHandlerMapping : Mapped to com.stocksense.controller.AuthController#login(AuthRequestDto)
2026-09-26T17:27:33.230+05:30 DEBUG 23996 --- [nio-8080-exec-1] m.m.a.RequestResponseBodyMethodProcessor : Read "application/json;charset=UTF-8" to [com.stocksense.dto.AuthRequestDto@64c3cb87]
2026-09-26T17:27:33.885+05:30 DEBUG 23996 --- [nio-8080-exec-1] org.hibernate.SQL                        : select u1_0.id,u1_0.created_at,u1_0.email,u1_0.password_hash from users u1_0 where upper(u1_0.email)=upper(?)
2026-09-26T17:27:34.270+05:30 DEBUG 23996 --- [nio-8080-exec-1] o.s.w.s.m.m.a.HttpEntityMethodProcessor  : Using 'application/json', given [*/*] and supported [application/json, application/*+json]
2026-09-26T17:27:34.272+05:30 DEBUG 23996 --- [nio-8080-exec-1] o.s.w.s.m.m.a.HttpEntityMethodProcessor  : Writing [com.stocksense.dto.AuthResponseDto@3b7595ac]
2026-09-26T17:27:34.276+05:30 DEBUG 23996 --- [nio-8080-exec-1] o.s.web.servlet.DispatcherServlet        : Completed 200 OK
2026-09-26T17:27:34.813+05:30 DEBUG 23996 --- [nio-8080-exec-2] o.s.web.servlet.DispatcherServlet        : GET "/index.html", parameters={}
2026-09-26T17:27:34.820+05:30 DEBUG 23996 --- [nio-8080-exec-2] o.s.w.s.handler.SimpleUrlHandlerMapping  : Mapped to ResourceHttpRequestHandler [URL [file:frontend/], classpath [static/]]
2026-09-26T17:27:34.829+05:30 DEBUG 23996 --- [nio-8080-exec-2] o.s.web.servlet.DispatcherServlet        : Completed 200 OK
2026-09-26T17:27:34.856+05:30 DEBUG 23996 --- [nio-8080-exec-4] o.s.web.servlet.DispatcherServlet        : GET "/style.css", parameters={}
2026-09-26T17:27:34.860+05:30 DEBUG 23996 --- [nio-8080-exec-4] o.s.w.s.handler.SimpleUrlHandlerMapping  : Mapped to ResourceHttpRequestHandler [URL [file:frontend/], classpath [static/]]
2026-09-26T17:27:34.881+05:30 DEBUG 23996 --- [nio-8080-exec-4] o.s.web.servlet.DispatcherServlet        : Completed 200 OK
2026-09-26T17:27:34.941+05:30 DEBUG 23996 --- [nio-8080-exec-9] o.s.web.servlet.DispatcherServlet        : GET "/api.js", parameters={}
2026-09-26T17:27:34.945+05:30 DEBUG 23996 --- [nio-8080-exec-5] o.s.web.servlet.DispatcherServlet        : GET "/utils.js", parameters={}
2026-09-26T17:27:34.950+05:30 DEBUG 23996 --- [nio-8080-exec-9] o.s.w.s.handler.SimpleUrlHandlerMapping  : Mapped to ResourceHttpRequestHandler [URL [file:frontend/], classpath [static/]]
2026-09-26T17:27:34.955+05:30 DEBUG 23996 --- [nio-8080-exec-5] o.s.w.s.handler.SimpleUrlHandlerMapping  : Mapped to ResourceHttpRequestHandler [URL [file:frontend/], classpath [static/]]
2026-09-26T17:27:34.962+05:30 DEBUG 23996 --- [nio-8080-exec-9] o.s.web.servlet.DispatcherServlet        : Completed 200 OK
2026-09-26T17:27:34.962+05:30 DEBUG 23996 --- [nio-8080-exec-5] o.s.web.servlet.DispatcherServlet        : Completed 200 OK
2026-09-26T17:27:34.980+05:30 DEBUG 23996 --- [io-8080-exec-10] o.s.web.servlet.DispatcherServlet        : GET "/products", parameters={}
2026-09-26T17:27:34.980+05:30 DEBUG 23996 --- [nio-8080-exec-6] o.s.web.servlet.DispatcherServlet        : GET "/dashboard", parameters={}
2026-09-26T17:27:34.982+05:30 DEBUG 23996 --- [io-8080-exec-10] s.w.s.m.m.a.RequestMappingHandlerMapping : Mapped to com.stocksense.controller.ProductController#listProducts()
2026-09-26T17:27:34.983+05:30 DEBUG 23996 --- [nio-8080-exec-6] s.w.s.m.m.a.RequestMappingHandlerMapping : Mapped to com.stocksense.controller.DashboardController#getDashboard()
2026-09-26T17:27:34.993+05:30 DEBUG 23996 --- [nio-8080-exec-6] org.hibernate.SQL                        : select p1_0.id,p1_0.category,p1_0.name,p1_0.sku,p1_0.unit_of_measure from products p1_0 order by p1_0.name
2026-09-26T17:27:34.993+05:30 DEBUG 23996 --- [io-8080-exec-10] org.hibernate.SQL                        : select p1_0.id,p1_0.category,p1_0.name,p1_0.sku,p1_0.unit_of_measure from products p1_0 order by p1_0.name
2026-09-26T17:27:35.002+05:30 DEBUG 23996 --- [nio-8080-exec-6] org.hibernate.SQL                        : select sm1_0.product_id,cast(coalesce(sum(sm1_0.quantity_change),0) as integer) from stock_moves sm1_0 where sm1_0.status='CONFIRMED' group by sm1_0.product_id
2026-09-26T17:27:35.003+05:30 DEBUG 23996 --- [io-8080-exec-10] org.hibernate.SQL                        : select sm1_0.product_id,cast(coalesce(sum(sm1_0.quantity_change),0) as integer) from stock_moves sm1_0 where sm1_0.status='CONFIRMED' group by sm1_0.product_id
2026-09-26T17:27:35.015+05:30 DEBUG 23996 --- [nio-8080-exec-6] org.hibernate.SQL                        : select sm1_0.product_id,sm1_0.location_id,l1_0.name,cast(coalesce(sum(sm1_0.quantity_change),0) as integer) from stock_moves sm1_0 join locations l1_0 on l1_0.id=sm1_0.location_id where sm1_0.status='CONFIRMED' group by sm1_0.product_id,sm1_0.location_id,l1_0.name
2026-09-26T17:27:35.021+05:30 DEBUG 23996 --- [io-8080-exec-10] org.hibernate.SQL                        : select sm1_0.product_id,sm1_0.location_id,l1_0.name,cast(coalesce(sum(sm1_0.quantity_change),0) as integer) from stock_moves sm1_0 join locations l1_0 on l1_0.id=sm1_0.location_id where sm1_0.status='CONFIRMED' group by sm1_0.product_id,sm1_0.location_id,l1_0.name
2026-09-26T17:27:35.032+05:30 DEBUG 23996 --- [nio-8080-exec-7] o.s.web.servlet.DispatcherServlet        : GET "/favicon.ico", parameters={}
2026-09-26T17:27:35.037+05:30 DEBUG 23996 --- [nio-8080-exec-7] o.s.w.s.handler.SimpleUrlHandlerMapping  : Mapped to ResourceHttpRequestHandler [URL [file:frontend/], classpath [static/]]
2026-09-26T17:27:35.042+05:30 DEBUG 23996 --- [nio-8080-exec-7] o.s.w.s.r.ResourceHttpRequestHandler     : Resource not found
2026-09-26T17:27:35.043+05:30 DEBUG 23996 --- [nio-8080-exec-6] org.hibernate.SQL                        : select count(sm1_0.id) from stock_moves sm1_0 where sm1_0.status=? and sm1_0.move_type=?
2026-09-26T17:27:35.043+05:30 DEBUG 23996 --- [nio-8080-exec-7] .m.m.a.ExceptionHandlerExceptionResolver : Using @ExceptionHandler com.stocksense.controller.GlobalExceptionHandler#handleGenericException(Exception)
2026-09-26T17:27:35.043+05:30 DEBUG 23996 --- [io-8080-exec-10] o.s.w.s.m.m.a.HttpEntityMethodProcessor  : Using 'application/json', given [*/*] and supported [application/json, application/*+json]
2026-09-26T17:27:35.046+05:30 DEBUG 23996 --- [io-8080-exec-10] o.s.w.s.m.m.a.HttpEntityMethodProcessor  : Writing [[com.stocksense.dto.ProductResponseDto@3c48c20c, com.stocksense.dto.ProductResponseDto@3e077925, com (truncated)...]
2026-09-26T17:27:35.051+05:30 DEBUG 23996 --- [nio-8080-exec-7] o.s.w.s.m.m.a.HttpEntityMethodProcessor  : Using 'application/json;q=0.8', given [image/avif, image/webp, image/apng, image/svg+xml, image/*, */*;q=0.8] and supported [application/json, application/*+json]
2026-09-26T17:27:35.052+05:30 DEBUG 23996 --- [nio-8080-exec-7] o.s.w.s.m.m.a.HttpEntityMethodProcessor  : Writing [com.stocksense.dto.ErrorResponseDto@199acaa4]
2026-09-26T17:27:35.062+05:30 DEBUG 23996 --- [nio-8080-exec-7] .m.m.a.ExceptionHandlerExceptionResolver : Resolved [org.springframework.web.servlet.resource.NoResourceFoundException: No static resource favicon.ico.]
2026-09-26T17:27:35.062+05:30 DEBUG 23996 --- [io-8080-exec-10] o.s.web.servlet.DispatcherServlet        : Completed 200 OK
2026-09-26T17:27:35.063+05:30 DEBUG 23996 --- [nio-8080-exec-7] o.s.web.servlet.DispatcherServlet        : Completed 500 INTERNAL_SERVER_ERROR
2026-09-26T17:27:35.065+05:30 DEBUG 23996 --- [nio-8080-exec-6] org.hibernate.SQL                        : select count(sm1_0.id) from stock_moves sm1_0 where sm1_0.status=? and sm1_0.move_type=?
2026-09-26T17:27:35.070+05:30 DEBUG 23996 --- [nio-8080-exec-6] o.s.w.s.m.m.a.HttpEntityMethodProcessor  : Using 'application/json', given [*/*] and supported [application/json, application/*+json]
2026-09-26T17:27:35.072+05:30 DEBUG 23996 --- [nio-8080-exec-6] o.s.w.s.m.m.a.HttpEntityMethodProcessor  : Writing [com.stocksense.dto.DashboardResponseDto@702c672a]
2026-09-26T17:27:35.073+05:30 DEBUG 23996 --- [nio-8080-exec-6] o.s.web.servlet.DispatcherServlet        : Completed 200 OK
2026-09-26T17:27:55.125+05:30 DEBUG 23996 --- [nio-8080-exec-8] o.s.web.servlet.DispatcherServlet        : GET "/products.html", parameters={}
2026-09-26T17:27:55.130+05:30 DEBUG 23996 --- [nio-8080-exec-8] o.s.w.s.handler.SimpleUrlHandlerMapping  : Mapped to ResourceHttpRequestHandler [URL [file:frontend/], classpath [static/]]
2026-09-26T17:27:55.135+05:30 DEBUG 23996 --- [nio-8080-exec-8] o.s.web.servlet.DispatcherServlet        : Completed 200 OK
2026-09-26T17:27:55.160+05:30 DEBUG 23996 --- [nio-8080-exec-3] o.s.web.servlet.DispatcherServlet        : GET "/style.css", parameters={}
2026-09-26T17:27:55.163+05:30 DEBUG 23996 --- [nio-8080-exec-3] o.s.w.s.handler.SimpleUrlHandlerMapping  : Mapped to ResourceHttpRequestHandler [URL [file:frontend/], classpath [static/]]
2026-09-26T17:27:55.171+05:30 DEBUG 23996 --- [nio-8080-exec-3] o.s.web.servlet.DispatcherServlet        : Completed 200 OK
2026-09-26T17:27:55.186+05:30 DEBUG 23996 --- [nio-8080-exec-2] o.s.web.servlet.DispatcherServlet        : GET "/utils.js", parameters={}
2026-09-26T17:27:55.186+05:30 DEBUG 23996 --- [nio-8080-exec-1] o.s.web.servlet.DispatcherServlet        : GET "/api.js", parameters={}
2026-09-26T17:27:55.187+05:30 DEBUG 23996 --- [nio-8080-exec-2] o.s.w.s.handler.SimpleUrlHandlerMapping  : Mapped to ResourceHttpRequestHandler [URL [file:frontend/], classpath [static/]]
2026-09-26T17:27:55.189+05:30 DEBUG 23996 --- [nio-8080-exec-1] o.s.w.s.handler.SimpleUrlHandlerMapping  : Mapped to ResourceHttpRequestHandler [URL [file:frontend/], classpath [static/]]
2026-09-26T17:27:55.200+05:30 DEBUG 23996 --- [nio-8080-exec-2] o.s.web.servlet.DispatcherServlet        : Completed 200 OK
2026-09-26T17:27:55.204+05:30 DEBUG 23996 --- [nio-8080-exec-1] o.s.web.servlet.DispatcherServlet        : Completed 200 OK
2026-09-26T17:27:55.229+05:30 DEBUG 23996 --- [nio-8080-exec-4] o.s.web.servlet.DispatcherServlet        : GET "/products", parameters={}
2026-09-26T17:27:55.231+05:30 DEBUG 23996 --- [nio-8080-exec-4] s.w.s.m.m.a.RequestMappingHandlerMapping : Mapped to com.stocksense.controller.ProductController#listProducts()
2026-09-26T17:27:55.252+05:30 DEBUG 23996 --- [nio-8080-exec-4] org.hibernate.SQL                        : select p1_0.id,p1_0.category,p1_0.name,p1_0.sku,p1_0.unit_of_measure from products p1_0 order by p1_0.name
2026-09-26T17:27:55.267+05:30 DEBUG 23996 --- [nio-8080-exec-4] org.hibernate.SQL                        : select sm1_0.product_id,cast(coalesce(sum(sm1_0.quantity_change),0) as integer) from stock_moves sm1_0 where sm1_0.status='CONFIRMED' group by sm1_0.product_id
2026-09-26T17:27:55.272+05:30 DEBUG 23996 --- [nio-8080-exec-9] o.s.web.servlet.DispatcherServlet        : GET "/favicon.ico", parameters={}
2026-09-26T17:27:55.278+05:30 DEBUG 23996 --- [nio-8080-exec-9] o.s.w.s.handler.SimpleUrlHandlerMapping  : Mapped to ResourceHttpRequestHandler [URL [file:frontend/], classpath [static/]]
2026-09-26T17:27:55.280+05:30 DEBUG 23996 --- [nio-8080-exec-4] org.hibernate.SQL                        : select sm1_0.product_id,sm1_0.location_id,l1_0.name,cast(coalesce(sum(sm1_0.quantity_change),0) as integer) from stock_moves sm1_0 join locations l1_0 on l1_0.id=sm1_0.location_id where sm1_0.status='CONFIRMED' group by sm1_0.product_id,sm1_0.location_id,l1_0.name
2026-09-26T17:27:55.280+05:30 DEBUG 23996 --- [nio-8080-exec-9] o.s.w.s.r.ResourceHttpRequestHandler     : Resource not found
2026-09-26T17:27:55.284+05:30 DEBUG 23996 --- [nio-8080-exec-9] .m.m.a.ExceptionHandlerExceptionResolver : Using @ExceptionHandler com.stocksense.controller.GlobalExceptionHandler#handleGenericException(Exception)
2026-09-26T17:27:55.284+05:30 DEBUG 23996 --- [nio-8080-exec-9] o.s.w.s.m.m.a.HttpEntityMethodProcessor  : Using 'application/json;q=0.8', given [image/avif, image/webp, image/apng, image/svg+xml, image/*, */*;q=0.8] and supported [application/json, application/*+json]
2026-09-26T17:27:55.284+05:30 DEBUG 23996 --- [nio-8080-exec-4] o.s.w.s.m.m.a.HttpEntityMethodProcessor  : Using 'application/json', given [*/*] and supported [application/json, application/*+json]
2026-09-26T17:27:55.284+05:30 DEBUG 23996 --- [nio-8080-exec-9] o.s.w.s.m.m.a.HttpEntityMethodProcessor  : Writing [com.stocksense.dto.ErrorResponseDto@4c97ceb3]
2026-09-26T17:27:55.287+05:30 DEBUG 23996 --- [nio-8080-exec-4] o.s.w.s.m.m.a.HttpEntityMethodProcessor  : Writing [[com.stocksense.dto.ProductResponseDto@2f0dcf04, com.stocksense.dto.ProductResponseDto@7d36c794, com (truncated)...]
2026-09-26T17:27:55.289+05:30 DEBUG 23996 --- [nio-8080-exec-9] .m.m.a.ExceptionHandlerExceptionResolver : Resolved [org.springframework.web.servlet.resource.NoResourceFoundException: No static resource favicon.ico.]
2026-09-26T17:27:55.293+05:30 DEBUG 23996 --- [nio-8080-exec-4] o.s.web.servlet.DispatcherServlet        : Completed 200 OK
2026-09-26T17:27:55.294+05:30 DEBUG 23996 --- [nio-8080-exec-9] o.s.web.servlet.DispatcherServlet        : Completed 500 INTERNAL_SERVER_ERROR
2026-09-26T17:27:56.934+05:30 DEBUG 23996 --- [nio-8080-exec-5] o.s.web.servlet.DispatcherServlet        : GET "/index.html", parameters={}
2026-09-26T17:27:56.934+05:30 DEBUG 23996 --- [nio-8080-exec-5] o.s.w.s.handler.SimpleUrlHandlerMapping  : Mapped to ResourceHttpRequestHandler [URL [file:frontend/], classpath [static/]]
2026-09-26T17:27:56.939+05:30 DEBUG 23996 --- [nio-8080-exec-5] o.s.web.servlet.DispatcherServlet        : Completed 200 OK
2026-09-26T17:27:56.956+05:30 DEBUG 23996 --- [io-8080-exec-10] o.s.web.servlet.DispatcherServlet        : GET "/style.css", parameters={}
2026-09-26T17:27:56.960+05:30 DEBUG 23996 --- [io-8080-exec-10] o.s.w.s.handler.SimpleUrlHandlerMapping  : Mapped to ResourceHttpRequestHandler [URL [file:frontend/], classpath [static/]]
2026-09-26T17:27:56.973+05:30 DEBUG 23996 --- [io-8080-exec-10] o.s.web.servlet.DispatcherServlet        : Completed 200 OK
2026-09-26T17:27:57.015+05:30 DEBUG 23996 --- [nio-8080-exec-6] o.s.web.servlet.DispatcherServlet        : GET "/utils.js", parameters={}
2026-09-26T17:27:57.015+05:30 DEBUG 23996 --- [nio-8080-exec-7] o.s.web.servlet.DispatcherServlet        : GET "/api.js", parameters={}
2026-09-26T17:27:57.019+05:30 DEBUG 23996 --- [nio-8080-exec-7] o.s.w.s.handler.SimpleUrlHandlerMapping  : Mapped to ResourceHttpRequestHandler [URL [file:frontend/], classpath [static/]]
2026-09-26T17:27:57.019+05:30 DEBUG 23996 --- [nio-8080-exec-6] o.s.w.s.handler.SimpleUrlHandlerMapping  : Mapped to ResourceHttpRequestHandler [URL [file:frontend/], classpath [static/]]
2026-09-26T17:27:57.024+05:30 DEBUG 23996 --- [nio-8080-exec-7] o.s.web.servlet.DispatcherServlet        : Completed 200 OK
2026-09-26T17:27:57.024+05:30 DEBUG 23996 --- [nio-8080-exec-6] o.s.web.servlet.DispatcherServlet        : Completed 200 OK
2026-09-26T17:27:57.048+05:30 DEBUG 23996 --- [nio-8080-exec-8] o.s.web.servlet.DispatcherServlet        : GET "/dashboard", parameters={}
2026-09-26T17:27:57.049+05:30 DEBUG 23996 --- [nio-8080-exec-3] o.s.web.servlet.DispatcherServlet        : GET "/products", parameters={}
2026-09-26T17:27:57.051+05:30 DEBUG 23996 --- [nio-8080-exec-3] s.w.s.m.m.a.RequestMappingHandlerMapping : Mapped to com.stocksense.controller.ProductController#listProducts()
2026-09-26T17:27:57.062+05:30 DEBUG 23996 --- [nio-8080-exec-3] org.hibernate.SQL                        : select p1_0.id,p1_0.category,p1_0.name,p1_0.sku,p1_0.unit_of_measure from products p1_0 order by p1_0.name
2026-09-26T17:27:57.066+05:30 DEBUG 23996 --- [nio-8080-exec-8] s.w.s.m.m.a.RequestMappingHandlerMapping : Mapped to com.stocksense.controller.DashboardController#getDashboard()
2026-09-26T17:27:57.070+05:30 DEBUG 23996 --- [nio-8080-exec-3] org.hibernate.SQL                        : select sm1_0.product_id,cast(coalesce(sum(sm1_0.quantity_change),0) as integer) from stock_moves sm1_0 where sm1_0.status='CONFIRMED' group by sm1_0.product_id
2026-09-26T17:27:57.084+05:30 DEBUG 23996 --- [nio-8080-exec-3] org.hibernate.SQL                        : select sm1_0.product_id,sm1_0.location_id,l1_0.name,cast(coalesce(sum(sm1_0.quantity_change),0) as integer) from stock_moves sm1_0 join locations l1_0 on l1_0.id=sm1_0.location_id where sm1_0.status='CONFIRMED' group by sm1_0.product_id,sm1_0.location_id,l1_0.name
2026-09-26T17:27:57.084+05:30 DEBUG 23996 --- [nio-8080-exec-8] org.hibernate.SQL                        : select p1_0.id,p1_0.category,p1_0.name,p1_0.sku,p1_0.unit_of_measure from products p1_0 order by p1_0.name
2026-09-26T17:27:57.084+05:30 DEBUG 23996 --- [nio-8080-exec-2] o.s.web.servlet.DispatcherServlet        : GET "/favicon.ico", parameters={}
2026-09-26T17:27:57.084+05:30 DEBUG 23996 --- [nio-8080-exec-2] o.s.w.s.handler.SimpleUrlHandlerMapping  : Mapped to ResourceHttpRequestHandler [URL [file:frontend/], classpath [static/]]
2026-09-26T17:27:57.092+05:30 DEBUG 23996 --- [nio-8080-exec-8] org.hibernate.SQL                        : select sm1_0.product_id,cast(coalesce(sum(sm1_0.quantity_change),0) as integer) from stock_moves sm1_0 where sm1_0.status='CONFIRMED' group by sm1_0.product_id
2026-09-26T17:27:57.095+05:30 DEBUG 23996 --- [nio-8080-exec-2] o.s.w.s.r.ResourceHttpRequestHandler     : Resource not found
2026-09-26T17:27:57.095+05:30 DEBUG 23996 --- [nio-8080-exec-3] o.s.w.s.m.m.a.HttpEntityMethodProcessor  : Using 'application/json', given [*/*] and supported [application/json, application/*+json]
2026-09-26T17:27:57.096+05:30 DEBUG 23996 --- [nio-8080-exec-2] .m.m.a.ExceptionHandlerExceptionResolver : Using @ExceptionHandler com.stocksense.controller.GlobalExceptionHandler#handleGenericException(Exception)
2026-09-26T17:27:57.096+05:30 DEBUG 23996 --- [nio-8080-exec-3] o.s.w.s.m.m.a.HttpEntityMethodProcessor  : Writing [[com.stocksense.dto.ProductResponseDto@2765a881, com.stocksense.dto.ProductResponseDto@5b1ea71e, com (truncated)...]
2026-09-26T17:27:57.096+05:30 DEBUG 23996 --- [nio-8080-exec-2] o.s.w.s.m.m.a.HttpEntityMethodProcessor  : Using 'application/json;q=0.8', given [image/avif, image/webp, image/apng, image/svg+xml, image/*, */*;q=0.8] and supported [application/json, application/*+json]
2026-09-26T17:27:57.101+05:30 DEBUG 23996 --- [nio-8080-exec-2] o.s.w.s.m.m.a.HttpEntityMethodProcessor  : Writing [com.stocksense.dto.ErrorResponseDto@39ac6c54]
2026-09-26T17:27:57.104+05:30 DEBUG 23996 --- [nio-8080-exec-2] .m.m.a.ExceptionHandlerExceptionResolver : Resolved [org.springframework.web.servlet.resource.NoResourceFoundException: No static resource favicon.ico.]
2026-09-26T17:27:57.104+05:30 DEBUG 23996 --- [nio-8080-exec-3] o.s.web.servlet.DispatcherServlet        : Completed 200 OK
2026-09-26T17:27:57.108+05:30 DEBUG 23996 --- [nio-8080-exec-2] o.s.web.servlet.DispatcherServlet        : Completed 500 INTERNAL_SERVER_ERROR
2026-09-26T17:27:57.113+05:30 DEBUG 23996 --- [nio-8080-exec-8] org.hibernate.SQL                        : select sm1_0.product_id,sm1_0.location_id,l1_0.name,cast(coalesce(sum(sm1_0.quantity_change),0) as integer) from stock_moves sm1_0 join locations l1_0 on l1_0.id=sm1_0.location_id where sm1_0.status='CONFIRMED' group by sm1_0.product_id,sm1_0.location_id,l1_0.name
2026-09-26T17:27:57.138+05:30 DEBUG 23996 --- [nio-8080-exec-8] org.hibernate.SQL                        : select count(sm1_0.id) from stock_moves sm1_0 where sm1_0.status=? and sm1_0.move_type=?
2026-09-26T17:27:57.150+05:30 DEBUG 23996 --- [nio-8080-exec-8] org.hibernate.SQL                        : select count(sm1_0.id) from stock_moves sm1_0 where sm1_0.status=? and sm1_0.move_type=?
2026-09-26T17:27:57.167+05:30 DEBUG 23996 --- [nio-8080-exec-8] o.s.w.s.m.m.a.HttpEntityMethodProcessor  : Using 'application/json', given [*/*] and supported [application/json, application/*+json]
2026-09-26T17:27:57.169+05:30 DEBUG 23996 --- [nio-8080-exec-8] o.s.w.s.m.m.a.HttpEntityMethodProcessor  : Writing [com.stocksense.dto.DashboardResponseDto@6eb0cd39]
2026-09-26T17:27:57.184+05:30 DEBUG 23996 --- [nio-8080-exec-8] o.s.web.servlet.DispatcherServlet        : Completed 200 OK
2026-09-26T17:28:27.053+05:30 DEBUG 23996 --- [nio-8080-exec-4] o.s.web.servlet.DispatcherServlet        : GET "/products", parameters={}
2026-09-26T17:28:27.053+05:30 DEBUG 23996 --- [nio-8080-exec-1] o.s.web.servlet.DispatcherServlet        : GET "/dashboard", parameters={}
2026-09-26T17:28:27.056+05:30 DEBUG 23996 --- [nio-8080-exec-4] s.w.s.m.m.a.RequestMappingHandlerMapping : Mapped to com.stocksense.controller.ProductController#listProducts()
2026-09-26T17:28:27.056+05:30 DEBUG 23996 --- [nio-8080-exec-1] s.w.s.m.m.a.RequestMappingHandlerMapping : Mapped to com.stocksense.controller.DashboardController#getDashboard()
2026-09-26T17:28:27.062+05:30 DEBUG 23996 --- [nio-8080-exec-1] org.hibernate.SQL                        : select p1_0.id,p1_0.category,p1_0.name,p1_0.sku,p1_0.unit_of_measure from products p1_0 order by p1_0.name
2026-09-26T17:28:27.062+05:30 DEBUG 23996 --- [nio-8080-exec-4] org.hibernate.SQL                        : select p1_0.id,p1_0.category,p1_0.name,p1_0.sku,p1_0.unit_of_measure from products p1_0 order by p1_0.name
2026-09-26T17:28:27.072+05:30 DEBUG 23996 --- [nio-8080-exec-4] org.hibernate.SQL                        : select sm1_0.product_id,cast(coalesce(sum(sm1_0.quantity_change),0) as integer) from stock_moves sm1_0 where sm1_0.status='CONFIRMED' group by sm1_0.product_id
2026-09-26T17:28:27.072+05:30 DEBUG 23996 --- [nio-8080-exec-1] org.hibernate.SQL                        : select sm1_0.product_id,cast(coalesce(sum(sm1_0.quantity_change),0) as integer) from stock_moves sm1_0 where sm1_0.status='CONFIRMED' group by sm1_0.product_id
2026-09-26T17:28:27.077+05:30 DEBUG 23996 --- [nio-8080-exec-4] org.hibernate.SQL                        : select sm1_0.product_id,sm1_0.location_id,l1_0.name,cast(coalesce(sum(sm1_0.quantity_change),0) as integer) from stock_moves sm1_0 join locations l1_0 on l1_0.id=sm1_0.location_id where sm1_0.status='CONFIRMED' group by sm1_0.product_id,sm1_0.location_id,l1_0.name
2026-09-26T17:28:27.077+05:30 DEBUG 23996 --- [nio-8080-exec-1] org.hibernate.SQL                        : select sm1_0.product_id,sm1_0.location_id,l1_0.name,cast(coalesce(sum(sm1_0.quantity_change),0) as integer) from stock_moves sm1_0 join locations l1_0 on l1_0.id=sm1_0.location_id where sm1_0.status='CONFIRMED' group by sm1_0.product_id,sm1_0.location_id,l1_0.name
2026-09-26T17:28:27.083+05:30 DEBUG 23996 --- [nio-8080-exec-4] o.s.w.s.m.m.a.HttpEntityMethodProcessor  : Using 'application/json', given [*/*] and supported [application/json, application/*+json]
2026-09-26T17:28:27.087+05:30 DEBUG 23996 --- [nio-8080-exec-4] o.s.w.s.m.m.a.HttpEntityMethodProcessor  : Writing [[com.stocksense.dto.ProductResponseDto@63e837fe, com.stocksense.dto.ProductResponseDto@4e2e63b0, com (truncated)...]
2026-09-26T17:28:27.089+05:30 DEBUG 23996 --- [nio-8080-exec-1] org.hibernate.SQL                        : select count(sm1_0.id) from stock_moves sm1_0 where sm1_0.status=? and sm1_0.move_type=?
2026-09-26T17:28:27.091+05:30 DEBUG 23996 --- [nio-8080-exec-4] o.s.web.servlet.DispatcherServlet        : Completed 200 OK
2026-09-26T17:28:27.095+05:30 DEBUG 23996 --- [nio-8080-exec-1] org.hibernate.SQL                        : select count(sm1_0.id) from stock_moves sm1_0 where sm1_0.status=? and sm1_0.move_type=?
2026-09-26T17:28:27.104+05:30 DEBUG 23996 --- [nio-8080-exec-1] o.s.w.s.m.m.a.HttpEntityMethodProcessor  : Using 'application/json', given [*/*] and supported [application/json, application/*+json]
2026-09-26T17:28:27.104+05:30 DEBUG 23996 --- [nio-8080-exec-1] o.s.w.s.m.m.a.HttpEntityMethodProcessor  : Writing [com.stocksense.dto.DashboardResponseDto@1ec4f0a6]
2026-09-26T17:28:27.104+05:30 DEBUG 23996 --- [nio-8080-exec-1] o.s.web.servlet.DispatcherServlet        : Completed 200 OK
2026-09-26T17:28:43.773+05:30 DEBUG 23996 --- [nio-8080-exec-9] o.s.web.servlet.DispatcherServlet        : GET "/products.html", parameters={}
2026-09-26T17:28:43.790+05:30 DEBUG 23996 --- [nio-8080-exec-9] o.s.w.s.handler.SimpleUrlHandlerMapping  : Mapped to ResourceHttpRequestHandler [URL [file:frontend/], classpath [static/]]
2026-09-26T17:28:43.839+05:30 DEBUG 23996 --- [nio-8080-exec-9] o.s.web.servlet.DispatcherServlet        : Completed 200 OK
2026-09-26T17:28:43.920+05:30 DEBUG 23996 --- [nio-8080-exec-5] o.s.web.servlet.DispatcherServlet        : GET "/style.css", parameters={}
2026-09-26T17:28:43.935+05:30 DEBUG 23996 --- [nio-8080-exec-5] o.s.w.s.handler.SimpleUrlHandlerMapping  : Mapped to ResourceHttpRequestHandler [URL [file:frontend/], classpath [static/]]
2026-09-26T17:28:43.954+05:30 DEBUG 23996 --- [nio-8080-exec-5] o.s.web.servlet.DispatcherServlet        : Completed 200 OK
2026-09-26T17:28:43.989+05:30 DEBUG 23996 --- [io-8080-exec-10] o.s.web.servlet.DispatcherServlet        : GET "/api.js", parameters={}
2026-09-26T17:28:43.989+05:30 DEBUG 23996 --- [nio-8080-exec-7] o.s.web.servlet.DispatcherServlet        : GET "/utils.js", parameters={}
2026-09-26T17:28:43.992+05:30 DEBUG 23996 --- [nio-8080-exec-7] o.s.w.s.handler.SimpleUrlHandlerMapping  : Mapped to ResourceHttpRequestHandler [URL [file:frontend/], classpath [static/]]
2026-09-26T17:28:43.992+05:30 DEBUG 23996 --- [io-8080-exec-10] o.s.w.s.handler.SimpleUrlHandlerMapping  : Mapped to ResourceHttpRequestHandler [URL [file:frontend/], classpath [static/]]
2026-09-26T17:28:44.005+05:30 DEBUG 23996 --- [nio-8080-exec-7] o.s.web.servlet.DispatcherServlet        : Completed 200 OK
2026-09-26T17:28:44.009+05:30 DEBUG 23996 --- [io-8080-exec-10] o.s.web.servlet.DispatcherServlet        : Completed 200 OK
2026-09-26T17:28:44.028+05:30 DEBUG 23996 --- [nio-8080-exec-6] o.s.web.servlet.DispatcherServlet        : GET "/products", parameters={}
2026-09-26T17:28:44.044+05:30 DEBUG 23996 --- [nio-8080-exec-6] s.w.s.m.m.a.RequestMappingHandlerMapping : Mapped to com.stocksense.controller.ProductController#listProducts()
2026-09-26T17:28:44.054+05:30 DEBUG 23996 --- [nio-8080-exec-3] o.s.web.servlet.DispatcherServlet        : GET "/favicon.ico", parameters={}
2026-09-26T17:28:44.054+05:30 DEBUG 23996 --- [nio-8080-exec-6] org.hibernate.SQL                        : select p1_0.id,p1_0.category,p1_0.name,p1_0.sku,p1_0.unit_of_measure from products p1_0 order by p1_0.name
2026-09-26T17:28:44.056+05:30 DEBUG 23996 --- [nio-8080-exec-3] o.s.w.s.handler.SimpleUrlHandlerMapping  : Mapped to ResourceHttpRequestHandler [URL [file:frontend/], classpath [static/]]
2026-09-26T17:28:44.059+05:30 DEBUG 23996 --- [nio-8080-exec-3] o.s.w.s.r.ResourceHttpRequestHandler     : Resource not found
2026-09-26T17:28:44.062+05:30 DEBUG 23996 --- [nio-8080-exec-3] .m.m.a.ExceptionHandlerExceptionResolver : Using @ExceptionHandler com.stocksense.controller.GlobalExceptionHandler#handleGenericException(Exception)
2026-09-26T17:28:44.064+05:30 DEBUG 23996 --- [nio-8080-exec-6] org.hibernate.SQL                        : select sm1_0.product_id,cast(coalesce(sum(sm1_0.quantity_change),0) as integer) from stock_moves sm1_0 where sm1_0.status='CONFIRMED' group by sm1_0.product_id
2026-09-26T17:28:44.064+05:30 DEBUG 23996 --- [nio-8080-exec-3] o.s.w.s.m.m.a.HttpEntityMethodProcessor  : Using 'application/json;q=0.8', given [image/avif, image/webp, image/apng, image/svg+xml, image/*, */*;q=0.8] and supported [application/json, application/*+json]
2026-09-26T17:28:44.064+05:30 DEBUG 23996 --- [nio-8080-exec-3] o.s.w.s.m.m.a.HttpEntityMethodProcessor  : Writing [com.stocksense.dto.ErrorResponseDto@365d368f]
2026-09-26T17:28:44.066+05:30 DEBUG 23996 --- [nio-8080-exec-3] .m.m.a.ExceptionHandlerExceptionResolver : Resolved [org.springframework.web.servlet.resource.NoResourceFoundException: No static resource favicon.ico.]
2026-09-26T17:28:44.073+05:30 DEBUG 23996 --- [nio-8080-exec-3] o.s.web.servlet.DispatcherServlet        : Completed 500 INTERNAL_SERVER_ERROR
2026-09-26T17:28:44.073+05:30 DEBUG 23996 --- [nio-8080-exec-6] org.hibernate.SQL                        : select sm1_0.product_id,sm1_0.location_id,l1_0.name,cast(coalesce(sum(sm1_0.quantity_change),0) as integer) from stock_moves sm1_0 join locations l1_0 on l1_0.id=sm1_0.location_id where sm1_0.status='CONFIRMED' group by sm1_0.product_id,sm1_0.location_id,l1_0.name
2026-09-26T17:28:44.083+05:30 DEBUG 23996 --- [nio-8080-exec-6] o.s.w.s.m.m.a.HttpEntityMethodProcessor  : Using 'application/json', given [*/*] and supported [application/json, application/*+json]
2026-09-26T17:28:44.091+05:30 DEBUG 23996 --- [nio-8080-exec-6] o.s.w.s.m.m.a.HttpEntityMethodProcessor  : Writing [[com.stocksense.dto.ProductResponseDto@11b81e65, com.stocksense.dto.ProductResponseDto@2fa9a29f, com (truncated)...]
2026-09-26T17:28:44.104+05:30 DEBUG 23996 --- [nio-8080-exec-6] o.s.web.servlet.DispatcherServlet        : Completed 200 OK
2026-09-26T17:29:04.695+05:30 DEBUG 23996 --- [nio-8080-exec-2] o.s.web.servlet.DispatcherServlet        : POST "/products", parameters={}
2026-09-26T17:29:04.696+05:30 DEBUG 23996 --- [nio-8080-exec-2] s.w.s.m.m.a.RequestMappingHandlerMapping : Mapped to com.stocksense.controller.ProductController#createProduct(ProductCreateDto)
2026-09-26T17:29:04.705+05:30 DEBUG 23996 --- [nio-8080-exec-2] m.m.a.RequestResponseBodyMethodProcessor : Read "application/json;charset=UTF-8" to [com.stocksense.dto.ProductCreateDto@50853036]
2026-09-26T17:29:04.743+05:30 DEBUG 23996 --- [nio-8080-exec-2] org.hibernate.SQL                        : select p1_0.id from products p1_0 where upper(p1_0.sku)=upper(?) fetch first ? rows only
2026-09-26T17:29:04.950+05:30 DEBUG 23996 --- [nio-8080-exec-2] org.hibernate.SQL                        : insert into products (category,name,sku,unit_of_measure,id) values (?,?,?,?,default)
2026-09-26T17:29:05.114+05:30 DEBUG 23996 --- [nio-8080-exec-2] o.s.w.s.m.m.a.HttpEntityMethodProcessor  : Using 'application/json', given [*/*] and supported [application/json, application/*+json]
2026-09-26T17:29:05.119+05:30 DEBUG 23996 --- [nio-8080-exec-2] o.s.w.s.m.m.a.HttpEntityMethodProcessor  : Writing [com.stocksense.dto.ProductResponseDto@68ade161]
2026-09-26T17:29:05.121+05:30 DEBUG 23996 --- [nio-8080-exec-2] o.s.web.servlet.DispatcherServlet        : Completed 201 CREATED
2026-09-26T17:29:05.138+05:30 DEBUG 23996 --- [nio-8080-exec-8] o.s.web.servlet.DispatcherServlet        : GET "/products", parameters={}
2026-09-26T17:29:05.143+05:30 DEBUG 23996 --- [nio-8080-exec-8] s.w.s.m.m.a.RequestMappingHandlerMapping : Mapped to com.stocksense.controller.ProductController#listProducts()
2026-09-26T17:29:05.179+05:30 DEBUG 23996 --- [nio-8080-exec-8] org.hibernate.SQL                        : select p1_0.id,p1_0.category,p1_0.name,p1_0.sku,p1_0.unit_of_measure from products p1_0 order by p1_0.name
2026-09-26T17:29:05.183+05:30 DEBUG 23996 --- [nio-8080-exec-8] org.hibernate.SQL                        : select sm1_0.product_id,cast(coalesce(sum(sm1_0.quantity_change),0) as integer) from stock_moves sm1_0 where sm1_0.status='CONFIRMED' group by sm1_0.product_id
2026-09-26T17:29:05.190+05:30 DEBUG 23996 --- [nio-8080-exec-8] org.hibernate.SQL                        : select sm1_0.product_id,sm1_0.location_id,l1_0.name,cast(coalesce(sum(sm1_0.quantity_change),0) as integer) from stock_moves sm1_0 join locations l1_0 on l1_0.id=sm1_0.location_id where sm1_0.status='CONFIRMED' group by sm1_0.product_id,sm1_0.location_id,l1_0.name
2026-09-26T17:29:05.196+05:30 DEBUG 23996 --- [nio-8080-exec-8] o.s.w.s.m.m.a.HttpEntityMethodProcessor  : Using 'application/json', given [*/*] and supported [application/json, application/*+json]
2026-09-26T17:29:05.198+05:30 DEBUG 23996 --- [nio-8080-exec-8] o.s.w.s.m.m.a.HttpEntityMethodProcessor  : Writing [[com.stocksense.dto.ProductResponseDto@27e7b69b, com.stocksense.dto.ProductResponseDto@1d54c49e, com (truncated)...]
2026-09-26T17:29:05.199+05:30 DEBUG 23996 --- [nio-8080-exec-8] o.s.web.servlet.DispatcherServlet        : Completed 200 OK
2026-09-26T17:29:32.493+05:30 DEBUG 23996 --- [nio-8080-exec-4] o.s.web.servlet.DispatcherServlet        : GET "/receipt.html", parameters={}
2026-09-26T17:29:32.495+05:30 DEBUG 23996 --- [nio-8080-exec-4] o.s.w.s.handler.SimpleUrlHandlerMapping  : Mapped to ResourceHttpRequestHandler [URL [file:frontend/], classpath [static/]]
2026-09-26T17:29:32.502+05:30 DEBUG 23996 --- [nio-8080-exec-4] o.s.web.servlet.DispatcherServlet        : Completed 200 OK
2026-09-26T17:29:32.537+05:30 DEBUG 23996 --- [nio-8080-exec-1] o.s.web.servlet.DispatcherServlet        : GET "/style.css", parameters={}
2026-09-26T17:29:32.542+05:30 DEBUG 23996 --- [nio-8080-exec-1] o.s.w.s.handler.SimpleUrlHandlerMapping  : Mapped to ResourceHttpRequestHandler [URL [file:frontend/], classpath [static/]]
2026-09-26T17:29:32.545+05:30 DEBUG 23996 --- [nio-8080-exec-1] o.s.web.servlet.DispatcherServlet        : Completed 200 OK
2026-09-26T17:29:32.565+05:30 DEBUG 23996 --- [nio-8080-exec-9] o.s.web.servlet.DispatcherServlet        : GET "/api.js", parameters={}
2026-09-26T17:29:32.566+05:30 DEBUG 23996 --- [nio-8080-exec-5] o.s.web.servlet.DispatcherServlet        : GET "/utils.js", parameters={}
2026-09-26T17:29:32.572+05:30 DEBUG 23996 --- [nio-8080-exec-9] o.s.w.s.handler.SimpleUrlHandlerMapping  : Mapped to ResourceHttpRequestHandler [URL [file:frontend/], classpath [static/]]
2026-09-26T17:29:32.573+05:30 DEBUG 23996 --- [nio-8080-exec-5] o.s.w.s.handler.SimpleUrlHandlerMapping  : Mapped to ResourceHttpRequestHandler [URL [file:frontend/], classpath [static/]]
2026-09-26T17:29:32.580+05:30 DEBUG 23996 --- [nio-8080-exec-9] o.s.web.servlet.DispatcherServlet        : Completed 200 OK
2026-09-26T17:29:32.586+05:30 DEBUG 23996 --- [nio-8080-exec-5] o.s.web.servlet.DispatcherServlet        : Completed 200 OK
2026-09-26T17:29:32.643+05:30 DEBUG 23996 --- [io-8080-exec-10] o.s.web.servlet.DispatcherServlet        : GET "/locations", parameters={}
2026-09-26T17:29:32.643+05:30 DEBUG 23996 --- [nio-8080-exec-7] o.s.web.servlet.DispatcherServlet        : GET "/products", parameters={}
2026-09-26T17:29:32.644+05:30 DEBUG 23996 --- [io-8080-exec-10] s.w.s.m.m.a.RequestMappingHandlerMapping : Mapped to com.stocksense.controller.LocationController#getAllLocations()
2026-09-26T17:29:32.644+05:30 DEBUG 23996 --- [nio-8080-exec-7] s.w.s.m.m.a.RequestMappingHandlerMapping : Mapped to com.stocksense.controller.ProductController#listProducts()
2026-09-26T17:29:32.648+05:30 DEBUG 23996 --- [nio-8080-exec-3] o.s.web.servlet.DispatcherServlet        : GET "/moves/recent?limit=5&type=receipt", parameters={masked}
2026-09-26T17:29:32.649+05:30 DEBUG 23996 --- [nio-8080-exec-3] s.w.s.m.m.a.RequestMappingHandlerMapping : Mapped to com.stocksense.controller.StockMoveController#getRecentMoves(String, int)
2026-09-26T17:29:32.652+05:30 DEBUG 23996 --- [io-8080-exec-10] org.hibernate.SQL                        : select l1_0.id,l1_0.name from locations l1_0 order by l1_0.name
2026-09-26T17:29:32.652+05:30 DEBUG 23996 --- [nio-8080-exec-7] org.hibernate.SQL                        : select p1_0.id,p1_0.category,p1_0.name,p1_0.sku,p1_0.unit_of_measure from products p1_0 order by p1_0.name
2026-09-26T17:29:32.656+05:30 DEBUG 23996 --- [io-8080-exec-10] o.s.w.s.m.m.a.HttpEntityMethodProcessor  : Using 'application/json', given [*/*] and supported [application/json, application/*+json]
2026-09-26T17:29:32.656+05:30 DEBUG 23996 --- [nio-8080-exec-7] org.hibernate.SQL                        : select sm1_0.product_id,cast(coalesce(sum(sm1_0.quantity_change),0) as integer) from stock_moves sm1_0 where sm1_0.status='CONFIRMED' group by sm1_0.product_id
2026-09-26T17:29:32.659+05:30 DEBUG 23996 --- [io-8080-exec-10] o.s.w.s.m.m.a.HttpEntityMethodProcessor  : Writing [[com.stocksense.model.Location@20, com.stocksense.model.Location@40]]
2026-09-26T17:29:32.663+05:30 DEBUG 23996 --- [nio-8080-exec-7] org.hibernate.SQL                        : select sm1_0.product_id,sm1_0.location_id,l1_0.name,cast(coalesce(sum(sm1_0.quantity_change),0) as integer) from stock_moves sm1_0 join locations l1_0 on l1_0.id=sm1_0.location_id where sm1_0.status='CONFIRMED' group by sm1_0.product_id,sm1_0.location_id,l1_0.name
2026-09-26T17:29:32.665+05:30 DEBUG 23996 --- [io-8080-exec-10] o.s.web.servlet.DispatcherServlet        : Completed 200 OK
2026-09-26T17:29:32.670+05:30 DEBUG 23996 --- [nio-8080-exec-7] o.s.w.s.m.m.a.HttpEntityMethodProcessor  : Using 'application/json', given [*/*] and supported [application/json, application/*+json]
2026-09-26T17:29:32.672+05:30 DEBUG 23996 --- [nio-8080-exec-7] o.s.w.s.m.m.a.HttpEntityMethodProcessor  : Writing [[com.stocksense.dto.ProductResponseDto@4a20d21f, com.stocksense.dto.ProductResponseDto@160c0c6f, com (truncated)...]
2026-09-26T17:29:32.674+05:30 DEBUG 23996 --- [nio-8080-exec-7] o.s.web.servlet.DispatcherServlet        : Completed 200 OK
2026-09-26T17:29:32.686+05:30 DEBUG 23996 --- [nio-8080-exec-6] o.s.web.servlet.DispatcherServlet        : GET "/favicon.ico", parameters={}
2026-09-26T17:29:32.690+05:30 DEBUG 23996 --- [nio-8080-exec-6] o.s.w.s.handler.SimpleUrlHandlerMapping  : Mapped to ResourceHttpRequestHandler [URL [file:frontend/], classpath [static/]]
2026-09-26T17:29:32.691+05:30 DEBUG 23996 --- [nio-8080-exec-6] o.s.w.s.r.ResourceHttpRequestHandler     : Resource not found
2026-09-26T17:29:32.693+05:30 DEBUG 23996 --- [nio-8080-exec-6] .m.m.a.ExceptionHandlerExceptionResolver : Using @ExceptionHandler com.stocksense.controller.GlobalExceptionHandler#handleGenericException(Exception)
2026-09-26T17:29:32.694+05:30 DEBUG 23996 --- [nio-8080-exec-6] o.s.w.s.m.m.a.HttpEntityMethodProcessor  : Using 'application/json;q=0.8', given [image/avif, image/webp, image/apng, image/svg+xml, image/*, */*;q=0.8] and supported [application/json, application/*+json]
2026-09-26T17:29:32.694+05:30 DEBUG 23996 --- [nio-8080-exec-6] o.s.w.s.m.m.a.HttpEntityMethodProcessor  : Writing [com.stocksense.dto.ErrorResponseDto@341f8dc0]
2026-09-26T17:29:32.698+05:30 DEBUG 23996 --- [nio-8080-exec-6] .m.m.a.ExceptionHandlerExceptionResolver : Resolved [org.springframework.web.servlet.resource.NoResourceFoundException: No static resource favicon.ico.]
2026-09-26T17:29:32.701+05:30 DEBUG 23996 --- [nio-8080-exec-6] o.s.web.servlet.DispatcherServlet        : Completed 500 INTERNAL_SERVER_ERROR
2026-09-26T17:29:32.793+05:30 DEBUG 23996 --- [nio-8080-exec-3] org.hibernate.SQL                        : select sm1_0.id,sm1_0.location_id,l1_0.id,l1_0.name,sm1_0.move_type,sm1_0.note,sm1_0.product_id,p1_0.id,p1_0.category,p1_0.name,p1_0.sku,p1_0.unit_of_measure,sm1_0.quantity_change,sm1_0.status,sm1_0.supplier_name,sm1_0.timestamp from stock_moves sm1_0 join products p1_0 on p1_0.id=sm1_0.product_id join locations l1_0 on l1_0.id=sm1_0.location_id where sm1_0.move_type=? order by sm1_0.timestamp desc fetch first ? rows only
2026-09-26T17:29:32.829+05:30 DEBUG 23996 --- [nio-8080-exec-3] o.s.w.s.m.m.a.HttpEntityMethodProcessor  : Using 'application/json', given [*/*] and supported [application/json, application/*+json]
2026-09-26T17:29:32.830+05:30 DEBUG 23996 --- [nio-8080-exec-3] o.s.w.s.m.m.a.HttpEntityMethodProcessor  : Writing [[com.stocksense.dto.StockMoveResponseDto@822a14e, com.stocksense.dto.StockMoveResponseDto@7b8eef23,  (truncated)...]
2026-09-26T17:29:32.843+05:30 DEBUG 23996 --- [nio-8080-exec-3] o.s.web.servlet.DispatcherServlet        : Completed 200 OK
2026-09-26T17:30:00.034+05:30 DEBUG 23996 --- [nio-8080-exec-2] o.s.web.servlet.DispatcherServlet        : POST "/moves/receipt", parameters={}
2026-09-26T17:30:00.038+05:30 DEBUG 23996 --- [nio-8080-exec-2] s.w.s.m.m.a.RequestMappingHandlerMapping : Mapped to com.stocksense.controller.StockMoveController#recordReceipt(ReceiptRequestDto)
2026-09-26T17:30:00.109+05:30 DEBUG 23996 --- [nio-8080-exec-2] m.m.a.RequestResponseBodyMethodProcessor : Read "application/json;charset=UTF-8" to [com.stocksense.dto.ReceiptRequestDto@7a49ce7a]
2026-09-26T17:30:00.199+05:30 DEBUG 23996 --- [nio-8080-exec-2] org.hibernate.SQL                        : select p1_0.id,p1_0.category,p1_0.name,p1_0.sku,p1_0.unit_of_measure from products p1_0 where p1_0.id=?
2026-09-26T17:30:00.202+05:30 DEBUG 23996 --- [nio-8080-exec-2] org.hibernate.SQL                        : select l1_0.id,l1_0.name from locations l1_0 where l1_0.id=?
2026-09-26T17:30:00.211+05:30 DEBUG 23996 --- [nio-8080-exec-2] org.hibernate.SQL                        : insert into stock_moves (location_id,move_type,note,product_id,quantity_change,status,supplier_name,timestamp,id) values (?,?,?,?,?,?,?,?,default)
2026-09-26T17:30:00.232+05:30 DEBUG 23996 --- [nio-8080-exec-2] o.s.w.s.m.m.a.HttpEntityMethodProcessor  : Using 'application/json', given [*/*] and supported [application/json, application/*+json]
2026-09-26T17:30:00.233+05:30 DEBUG 23996 --- [nio-8080-exec-2] o.s.w.s.m.m.a.HttpEntityMethodProcessor  : Writing [com.stocksense.dto.StockMoveResponseDto@2ca315ea]
2026-09-26T17:30:00.233+05:30 DEBUG 23996 --- [nio-8080-exec-2] o.s.web.servlet.DispatcherServlet        : Completed 201 CREATED
2026-09-26T17:30:00.242+05:30 DEBUG 23996 --- [nio-8080-exec-8] o.s.web.servlet.DispatcherServlet        : GET "/products", parameters={}
2026-09-26T17:30:00.244+05:30 DEBUG 23996 --- [nio-8080-exec-4] o.s.web.servlet.DispatcherServlet        : GET "/moves/recent?limit=5&type=receipt", parameters={masked}
2026-09-26T17:30:00.245+05:30 DEBUG 23996 --- [nio-8080-exec-8] s.w.s.m.m.a.RequestMappingHandlerMapping : Mapped to com.stocksense.controller.ProductController#listProducts()
2026-09-26T17:30:00.246+05:30 DEBUG 23996 --- [nio-8080-exec-4] s.w.s.m.m.a.RequestMappingHandlerMapping : Mapped to com.stocksense.controller.StockMoveController#getRecentMoves(String, int)
2026-09-26T17:30:00.272+05:30 DEBUG 23996 --- [nio-8080-exec-4] org.hibernate.SQL                        : select sm1_0.id,sm1_0.location_id,l1_0.id,l1_0.name,sm1_0.move_type,sm1_0.note,sm1_0.product_id,p1_0.id,p1_0.category,p1_0.name,p1_0.sku,p1_0.unit_of_measure,sm1_0.quantity_change,sm1_0.status,sm1_0.supplier_name,sm1_0.timestamp from stock_moves sm1_0 join products p1_0 on p1_0.id=sm1_0.product_id join locations l1_0 on l1_0.id=sm1_0.location_id where sm1_0.move_type=? order by sm1_0.timestamp desc fetch first ? rows only
2026-09-26T17:30:00.274+05:30 DEBUG 23996 --- [nio-8080-exec-8] org.hibernate.SQL                        : select p1_0.id,p1_0.category,p1_0.name,p1_0.sku,p1_0.unit_of_measure from products p1_0 order by p1_0.name
2026-09-26T17:30:00.288+05:30 DEBUG 23996 --- [nio-8080-exec-8] org.hibernate.SQL                        : select sm1_0.product_id,cast(coalesce(sum(sm1_0.quantity_change),0) as integer) from stock_moves sm1_0 where sm1_0.status='CONFIRMED' group by sm1_0.product_id
2026-09-26T17:30:00.318+05:30 DEBUG 23996 --- [nio-8080-exec-4] o.s.w.s.m.m.a.HttpEntityMethodProcessor  : Using 'application/json', given [*/*] and supported [application/json, application/*+json]
2026-09-26T17:30:00.319+05:30 DEBUG 23996 --- [nio-8080-exec-4] o.s.w.s.m.m.a.HttpEntityMethodProcessor  : Writing [[com.stocksense.dto.StockMoveResponseDto@31057dee, com.stocksense.dto.StockMoveResponseDto@689f7bb,  (truncated)...]
2026-09-26T17:30:00.319+05:30 DEBUG 23996 --- [nio-8080-exec-8] org.hibernate.SQL                        : select sm1_0.product_id,sm1_0.location_id,l1_0.name,cast(coalesce(sum(sm1_0.quantity_change),0) as integer) from stock_moves sm1_0 join locations l1_0 on l1_0.id=sm1_0.location_id where sm1_0.status='CONFIRMED' group by sm1_0.product_id,sm1_0.location_id,l1_0.name
2026-09-26T17:30:00.330+05:30 DEBUG 23996 --- [nio-8080-exec-4] o.s.web.servlet.DispatcherServlet        : Completed 200 OK
2026-09-26T17:30:00.367+05:30 DEBUG 23996 --- [nio-8080-exec-8] o.s.w.s.m.m.a.HttpEntityMethodProcessor  : Using 'application/json', given [*/*] and supported [application/json, application/*+json]
2026-09-26T17:30:00.370+05:30 DEBUG 23996 --- [nio-8080-exec-8] o.s.w.s.m.m.a.HttpEntityMethodProcessor  : Writing [[com.stocksense.dto.ProductResponseDto@3c30b7c, com.stocksense.dto.ProductResponseDto@551cbfd4, com. (truncated)...]
2026-09-26T17:30:00.401+05:30 DEBUG 23996 --- [nio-8080-exec-8] o.s.web.servlet.DispatcherServlet        : Completed 200 OK
2026-09-26T17:30:13.493+05:30 DEBUG 23996 --- [nio-8080-exec-1] o.s.web.servlet.DispatcherServlet        : POST "/moves/receipt/draft", parameters={}
2026-09-26T17:30:13.495+05:30 DEBUG 23996 --- [nio-8080-exec-1] s.w.s.m.m.a.RequestMappingHandlerMapping : Mapped to com.stocksense.controller.StockMoveController#saveReceiptDraft(ReceiptRequestDto)
2026-09-26T17:30:13.504+05:30 DEBUG 23996 --- [nio-8080-exec-1] m.m.a.RequestResponseBodyMethodProcessor : Read "application/json;charset=UTF-8" to [com.stocksense.dto.ReceiptRequestDto@729b607e]
2026-09-26T17:30:13.508+05:30 DEBUG 23996 --- [nio-8080-exec-1] org.hibernate.SQL                        : select p1_0.id,p1_0.category,p1_0.name,p1_0.sku,p1_0.unit_of_measure from products p1_0 where p1_0.id=?
2026-09-26T17:30:13.512+05:30 DEBUG 23996 --- [nio-8080-exec-1] org.hibernate.SQL                        : select l1_0.id,l1_0.name from locations l1_0 where l1_0.id=?
2026-09-26T17:30:13.516+05:30 DEBUG 23996 --- [nio-8080-exec-1] org.hibernate.SQL                        : insert into stock_moves (location_id,move_type,note,product_id,quantity_change,status,supplier_name,timestamp,id) values (?,?,?,?,?,?,?,?,default)
2026-09-26T17:30:13.532+05:30 DEBUG 23996 --- [nio-8080-exec-1] o.s.w.s.m.m.a.HttpEntityMethodProcessor  : Using 'application/json', given [*/*] and supported [application/json, application/*+json]
2026-09-26T17:30:13.533+05:30 DEBUG 23996 --- [nio-8080-exec-1] o.s.w.s.m.m.a.HttpEntityMethodProcessor  : Writing [com.stocksense.dto.StockMoveResponseDto@5d90de0]
2026-09-26T17:30:13.539+05:30 DEBUG 23996 --- [nio-8080-exec-1] o.s.web.servlet.DispatcherServlet        : Completed 201 CREATED
2026-09-26T17:30:13.565+05:30 DEBUG 23996 --- [nio-8080-exec-9] o.s.web.servlet.DispatcherServlet        : GET "/products", parameters={}
2026-09-26T17:30:13.569+05:30 DEBUG 23996 --- [nio-8080-exec-5] o.s.web.servlet.DispatcherServlet        : GET "/moves/recent?limit=5&type=receipt", parameters={masked}
2026-09-26T17:30:13.574+05:30 DEBUG 23996 --- [nio-8080-exec-5] s.w.s.m.m.a.RequestMappingHandlerMapping : Mapped to com.stocksense.controller.StockMoveController#getRecentMoves(String, int)
2026-09-26T17:30:13.573+05:30 DEBUG 23996 --- [nio-8080-exec-9] s.w.s.m.m.a.RequestMappingHandlerMapping : Mapped to com.stocksense.controller.ProductController#listProducts()
2026-09-26T17:30:13.594+05:30 DEBUG 23996 --- [nio-8080-exec-5] org.hibernate.SQL                        : select sm1_0.id,sm1_0.location_id,l1_0.id,l1_0.name,sm1_0.move_type,sm1_0.note,sm1_0.product_id,p1_0.id,p1_0.category,p1_0.name,p1_0.sku,p1_0.unit_of_measure,sm1_0.quantity_change,sm1_0.status,sm1_0.supplier_name,sm1_0.timestamp from stock_moves sm1_0 join products p1_0 on p1_0.id=sm1_0.product_id join locations l1_0 on l1_0.id=sm1_0.location_id where sm1_0.move_type=? order by sm1_0.timestamp desc fetch first ? rows only
2026-09-26T17:30:13.603+05:30 DEBUG 23996 --- [nio-8080-exec-9] org.hibernate.SQL                        : select p1_0.id,p1_0.category,p1_0.name,p1_0.sku,p1_0.unit_of_measure from products p1_0 order by p1_0.name
2026-09-26T17:30:13.615+05:30 DEBUG 23996 --- [nio-8080-exec-9] org.hibernate.SQL                        : select sm1_0.product_id,cast(coalesce(sum(sm1_0.quantity_change),0) as integer) from stock_moves sm1_0 where sm1_0.status='CONFIRMED' group by sm1_0.product_id
2026-09-26T17:30:13.617+05:30 DEBUG 23996 --- [nio-8080-exec-5] o.s.w.s.m.m.a.HttpEntityMethodProcessor  : Using 'application/json', given [*/*] and supported [application/json, application/*+json]
2026-09-26T17:30:13.620+05:30 DEBUG 23996 --- [nio-8080-exec-5] o.s.w.s.m.m.a.HttpEntityMethodProcessor  : Writing [[com.stocksense.dto.StockMoveResponseDto@bd8fee5, com.stocksense.dto.StockMoveResponseDto@39651e07,  (truncated)...]
2026-09-26T17:30:13.625+05:30 DEBUG 23996 --- [nio-8080-exec-5] o.s.web.servlet.DispatcherServlet        : Completed 200 OK
2026-09-26T17:30:13.664+05:30 DEBUG 23996 --- [nio-8080-exec-9] org.hibernate.SQL                        : select sm1_0.product_id,sm1_0.location_id,l1_0.name,cast(coalesce(sum(sm1_0.quantity_change),0) as integer) from stock_moves sm1_0 join locations l1_0 on l1_0.id=sm1_0.location_id where sm1_0.status='CONFIRMED' group by sm1_0.product_id,sm1_0.location_id,l1_0.name
2026-09-26T17:30:13.682+05:30 DEBUG 23996 --- [nio-8080-exec-9] o.s.w.s.m.m.a.HttpEntityMethodProcessor  : Using 'application/json', given [*/*] and supported [application/json, application/*+json]
2026-09-26T17:30:13.700+05:30 DEBUG 23996 --- [nio-8080-exec-9] o.s.w.s.m.m.a.HttpEntityMethodProcessor  : Writing [[com.stocksense.dto.ProductResponseDto@398a12cf, com.stocksense.dto.ProductResponseDto@41b585a3, com (truncated)...]
2026-09-26T17:30:13.709+05:30 DEBUG 23996 --- [nio-8080-exec-9] o.s.web.servlet.DispatcherServlet        : Completed 200 OK
2026-09-26T17:30:16.386+05:30 DEBUG 23996 --- [io-8080-exec-10] o.s.web.servlet.DispatcherServlet        : GET "/pending.html", parameters={}
2026-09-26T17:30:16.390+05:30 DEBUG 23996 --- [io-8080-exec-10] o.s.w.s.handler.SimpleUrlHandlerMapping  : Mapped to ResourceHttpRequestHandler [URL [file:frontend/], classpath [static/]]
2026-09-26T17:30:16.400+05:30 DEBUG 23996 --- [io-8080-exec-10] o.s.web.servlet.DispatcherServlet        : Completed 200 OK
2026-09-26T17:30:16.430+05:30 DEBUG 23996 --- [nio-8080-exec-7] o.s.web.servlet.DispatcherServlet        : GET "/style.css", parameters={}
2026-09-26T17:30:16.432+05:30 DEBUG 23996 --- [nio-8080-exec-7] o.s.w.s.handler.SimpleUrlHandlerMapping  : Mapped to ResourceHttpRequestHandler [URL [file:frontend/], classpath [static/]]
2026-09-26T17:30:16.443+05:30 DEBUG 23996 --- [nio-8080-exec-7] o.s.web.servlet.DispatcherServlet        : Completed 200 OK
2026-09-26T17:30:16.456+05:30 DEBUG 23996 --- [nio-8080-exec-3] o.s.web.servlet.DispatcherServlet        : GET "/utils.js", parameters={}
2026-09-26T17:30:16.456+05:30 DEBUG 23996 --- [nio-8080-exec-6] o.s.web.servlet.DispatcherServlet        : GET "/api.js", parameters={}
2026-09-26T17:30:16.459+05:30 DEBUG 23996 --- [nio-8080-exec-6] o.s.w.s.handler.SimpleUrlHandlerMapping  : Mapped to ResourceHttpRequestHandler [URL [file:frontend/], classpath [static/]]
2026-09-26T17:30:16.459+05:30 DEBUG 23996 --- [nio-8080-exec-3] o.s.w.s.handler.SimpleUrlHandlerMapping  : Mapped to ResourceHttpRequestHandler [URL [file:frontend/], classpath [static/]]
2026-09-26T17:30:16.465+05:30 DEBUG 23996 --- [nio-8080-exec-6] o.s.web.servlet.DispatcherServlet        : Completed 200 OK
2026-09-26T17:30:16.465+05:30 DEBUG 23996 --- [nio-8080-exec-3] o.s.web.servlet.DispatcherServlet        : Completed 200 OK
2026-09-26T17:30:16.530+05:30 DEBUG 23996 --- [nio-8080-exec-2] o.s.web.servlet.DispatcherServlet        : GET "/moves/pending", parameters={}
2026-09-26T17:30:16.532+05:30 DEBUG 23996 --- [nio-8080-exec-2] s.w.s.m.m.a.RequestMappingHandlerMapping : Mapped to com.stocksense.controller.StockMoveController#getPendingMoves()
2026-09-26T17:30:16.555+05:30 DEBUG 23996 --- [nio-8080-exec-2] org.hibernate.SQL                        : select sm1_0.id,sm1_0.location_id,l1_0.id,l1_0.name,sm1_0.move_type,sm1_0.note,sm1_0.product_id,p1_0.id,p1_0.category,p1_0.name,p1_0.sku,p1_0.unit_of_measure,sm1_0.quantity_change,sm1_0.status,sm1_0.supplier_name,sm1_0.timestamp from stock_moves sm1_0 join products p1_0 on p1_0.id=sm1_0.product_id join locations l1_0 on l1_0.id=sm1_0.location_id where sm1_0.status=? order by sm1_0.timestamp desc
2026-09-26T17:30:16.566+05:30 DEBUG 23996 --- [nio-8080-exec-4] o.s.web.servlet.DispatcherServlet        : GET "/favicon.ico", parameters={}
2026-09-26T17:30:16.576+05:30 DEBUG 23996 --- [nio-8080-exec-2] o.s.w.s.m.m.a.HttpEntityMethodProcessor  : Using 'application/json', given [*/*] and supported [application/json, application/*+json]
2026-09-26T17:30:16.580+05:30 DEBUG 23996 --- [nio-8080-exec-2] o.s.w.s.m.m.a.HttpEntityMethodProcessor  : Writing [[com.stocksense.dto.StockMoveResponseDto@519a30b6]]
2026-09-26T17:30:16.580+05:30 DEBUG 23996 --- [nio-8080-exec-4] o.s.w.s.handler.SimpleUrlHandlerMapping  : Mapped to ResourceHttpRequestHandler [URL [file:frontend/], classpath [static/]]
2026-09-26T17:30:16.583+05:30 DEBUG 23996 --- [nio-8080-exec-4] o.s.w.s.r.ResourceHttpRequestHandler     : Resource not found
2026-09-26T17:30:16.585+05:30 DEBUG 23996 --- [nio-8080-exec-2] o.s.web.servlet.DispatcherServlet        : Completed 200 OK
2026-09-26T17:30:16.593+05:30 DEBUG 23996 --- [nio-8080-exec-4] .m.m.a.ExceptionHandlerExceptionResolver : Using @ExceptionHandler com.stocksense.controller.GlobalExceptionHandler#handleGenericException(Exception)
2026-09-26T17:30:16.595+05:30 DEBUG 23996 --- [nio-8080-exec-4] o.s.w.s.m.m.a.HttpEntityMethodProcessor  : Using 'application/json;q=0.8', given [image/avif, image/webp, image/apng, image/svg+xml, image/*, */*;q=0.8] and supported [application/json, application/*+json]
2026-09-26T17:30:16.605+05:30 DEBUG 23996 --- [nio-8080-exec-4] o.s.w.s.m.m.a.HttpEntityMethodProcessor  : Writing [com.stocksense.dto.ErrorResponseDto@33178fc4]
2026-09-26T17:30:16.613+05:30 DEBUG 23996 --- [nio-8080-exec-4] .m.m.a.ExceptionHandlerExceptionResolver : Resolved [org.springframework.web.servlet.resource.NoResourceFoundException: No static resource favicon.ico.]
2026-09-26T17:30:16.614+05:30 DEBUG 23996 --- [nio-8080-exec-4] o.s.web.servlet.DispatcherServlet        : Completed 500 INTERNAL_SERVER_ERROR
2026-09-26T17:30:19.307+05:30 DEBUG 23996 --- [nio-8080-exec-8] o.s.web.servlet.DispatcherServlet        : POST "/moves/194/confirm", parameters={}
2026-09-26T17:30:19.308+05:30 DEBUG 23996 --- [nio-8080-exec-8] s.w.s.m.m.a.RequestMappingHandlerMapping : Mapped to com.stocksense.controller.StockMoveController#confirmDraft(Long)
2026-09-26T17:30:19.312+05:30 DEBUG 23996 --- [nio-8080-exec-8] org.hibernate.SQL                        : select sm1_0.id,sm1_0.location_id,sm1_0.move_type,sm1_0.note,sm1_0.product_id,sm1_0.quantity_change,sm1_0.status,sm1_0.supplier_name,sm1_0.timestamp from stock_moves sm1_0 where sm1_0.id=?
2026-09-26T17:30:19.349+05:30 DEBUG 23996 --- [nio-8080-exec-8] org.hibernate.SQL                        : select p1_0.id,p1_0.category,p1_0.name,p1_0.sku,p1_0.unit_of_measure from products p1_0 where p1_0.id=?
2026-09-26T17:30:19.360+05:30 DEBUG 23996 --- [nio-8080-exec-8] org.hibernate.SQL                        : select l1_0.id,l1_0.name from locations l1_0 where l1_0.id=?
2026-09-26T17:30:19.403+05:30 DEBUG 23996 --- [nio-8080-exec-8] org.hibernate.SQL                        : update stock_moves set location_id=?,move_type=?,note=?,product_id=?,quantity_change=?,status=?,supplier_name=?,timestamp=? where id=?
2026-09-26T17:30:19.448+05:30 DEBUG 23996 --- [nio-8080-exec-8] o.s.w.s.m.m.a.HttpEntityMethodProcessor  : Using 'application/json', given [*/*] and supported [application/json, application/*+json]
2026-09-26T17:30:19.448+05:30 DEBUG 23996 --- [nio-8080-exec-8] o.s.w.s.m.m.a.HttpEntityMethodProcessor  : Writing [com.stocksense.dto.StockMoveResponseDto@2f3b23f3]
2026-09-26T17:30:19.456+05:30 DEBUG 23996 --- [nio-8080-exec-8] o.s.web.servlet.DispatcherServlet        : Completed 200 OK
2026-09-26T17:30:19.464+05:30 DEBUG 23996 --- [nio-8080-exec-1] o.s.web.servlet.DispatcherServlet        : GET "/moves/pending", parameters={}
2026-09-26T17:30:19.466+05:30 DEBUG 23996 --- [nio-8080-exec-1] s.w.s.m.m.a.RequestMappingHandlerMapping : Mapped to com.stocksense.controller.StockMoveController#getPendingMoves()
2026-09-26T17:30:19.472+05:30 DEBUG 23996 --- [nio-8080-exec-1] org.hibernate.SQL                        : select sm1_0.id,sm1_0.location_id,l1_0.id,l1_0.name,sm1_0.move_type,sm1_0.note,sm1_0.product_id,p1_0.id,p1_0.category,p1_0.name,p1_0.sku,p1_0.unit_of_measure,sm1_0.quantity_change,sm1_0.status,sm1_0.supplier_name,sm1_0.timestamp from stock_moves sm1_0 join products p1_0 on p1_0.id=sm1_0.product_id join locations l1_0 on l1_0.id=sm1_0.location_id where sm1_0.status=? order by sm1_0.timestamp desc
2026-09-26T17:30:19.475+05:30 DEBUG 23996 --- [nio-8080-exec-1] o.s.w.s.m.m.a.HttpEntityMethodProcessor  : Using 'application/json', given [*/*] and supported [application/json, application/*+json]
2026-09-26T17:30:19.477+05:30 DEBUG 23996 --- [nio-8080-exec-1] o.s.w.s.m.m.a.HttpEntityMethodProcessor  : Writing [[]]
2026-09-26T17:30:19.479+05:30 DEBUG 23996 --- [nio-8080-exec-1] o.s.web.servlet.DispatcherServlet        : Completed 200 OK
2026-09-26T17:30:22.133+05:30 DEBUG 23996 --- [nio-8080-exec-5] o.s.web.servlet.DispatcherServlet        : GET "/receipt.html", parameters={}
2026-09-26T17:30:22.136+05:30 DEBUG 23996 --- [nio-8080-exec-5] o.s.w.s.handler.SimpleUrlHandlerMapping  : Mapped to ResourceHttpRequestHandler [URL [file:frontend/], classpath [static/]]
2026-09-26T17:30:22.142+05:30 DEBUG 23996 --- [nio-8080-exec-5] o.s.web.servlet.DispatcherServlet        : Completed 200 OK
2026-09-26T17:30:22.161+05:30 DEBUG 23996 --- [nio-8080-exec-9] o.s.web.servlet.DispatcherServlet        : GET "/style.css", parameters={}
2026-09-26T17:30:22.165+05:30 DEBUG 23996 --- [nio-8080-exec-9] o.s.w.s.handler.SimpleUrlHandlerMapping  : Mapped to ResourceHttpRequestHandler [URL [file:frontend/], classpath [static/]]
2026-09-26T17:30:22.172+05:30 DEBUG 23996 --- [nio-8080-exec-9] o.s.web.servlet.DispatcherServlet        : Completed 200 OK
2026-09-26T17:30:22.181+05:30 DEBUG 23996 --- [io-8080-exec-10] o.s.web.servlet.DispatcherServlet        : GET "/api.js", parameters={}
2026-09-26T17:30:22.184+05:30 DEBUG 23996 --- [io-8080-exec-10] o.s.w.s.handler.SimpleUrlHandlerMapping  : Mapped to ResourceHttpRequestHandler [URL [file:frontend/], classpath [static/]]
2026-09-26T17:30:22.186+05:30 DEBUG 23996 --- [nio-8080-exec-7] o.s.web.servlet.DispatcherServlet        : GET "/utils.js", parameters={}
2026-09-26T17:30:22.192+05:30 DEBUG 23996 --- [io-8080-exec-10] o.s.web.servlet.DispatcherServlet        : Completed 200 OK
2026-09-26T17:30:22.192+05:30 DEBUG 23996 --- [nio-8080-exec-7] o.s.w.s.handler.SimpleUrlHandlerMapping  : Mapped to ResourceHttpRequestHandler [URL [file:frontend/], classpath [static/]]
2026-09-26T17:30:22.207+05:30 DEBUG 23996 --- [nio-8080-exec-7] o.s.web.servlet.DispatcherServlet        : Completed 200 OK
2026-09-26T17:30:22.235+05:30 DEBUG 23996 --- [nio-8080-exec-6] o.s.web.servlet.DispatcherServlet        : GET "/products", parameters={}
2026-09-26T17:30:22.239+05:30 DEBUG 23996 --- [nio-8080-exec-2] o.s.web.servlet.DispatcherServlet        : GET "/moves/recent?limit=5&type=receipt", parameters={masked}
2026-09-26T17:30:22.240+05:30 DEBUG 23996 --- [nio-8080-exec-2] s.w.s.m.m.a.RequestMappingHandlerMapping : Mapped to com.stocksense.controller.StockMoveController#getRecentMoves(String, int)
2026-09-26T17:30:22.240+05:30 DEBUG 23996 --- [nio-8080-exec-3] o.s.web.servlet.DispatcherServlet        : GET "/locations", parameters={}
2026-09-26T17:30:22.245+05:30 DEBUG 23996 --- [nio-8080-exec-3] s.w.s.m.m.a.RequestMappingHandlerMapping : Mapped to com.stocksense.controller.LocationController#getAllLocations()
2026-09-26T17:30:22.242+05:30 DEBUG 23996 --- [nio-8080-exec-6] s.w.s.m.m.a.RequestMappingHandlerMapping : Mapped to com.stocksense.controller.ProductController#listProducts()
2026-09-26T17:30:22.260+05:30 DEBUG 23996 --- [nio-8080-exec-3] org.hibernate.SQL                        : select l1_0.id,l1_0.name from locations l1_0 order by l1_0.name
2026-09-26T17:30:22.261+05:30 DEBUG 23996 --- [nio-8080-exec-6] org.hibernate.SQL                        : select p1_0.id,p1_0.category,p1_0.name,p1_0.sku,p1_0.unit_of_measure from products p1_0 order by p1_0.name
2026-09-26T17:30:22.263+05:30 DEBUG 23996 --- [nio-8080-exec-2] org.hibernate.SQL                        : select sm1_0.id,sm1_0.location_id,l1_0.id,l1_0.name,sm1_0.move_type,sm1_0.note,sm1_0.product_id,p1_0.id,p1_0.category,p1_0.name,p1_0.sku,p1_0.unit_of_measure,sm1_0.quantity_change,sm1_0.status,sm1_0.supplier_name,sm1_0.timestamp from stock_moves sm1_0 join products p1_0 on p1_0.id=sm1_0.product_id join locations l1_0 on l1_0.id=sm1_0.location_id where sm1_0.move_type=? order by sm1_0.timestamp desc fetch first ? rows only
2026-09-26T17:30:22.266+05:30 DEBUG 23996 --- [nio-8080-exec-6] org.hibernate.SQL                        : select sm1_0.product_id,cast(coalesce(sum(sm1_0.quantity_change),0) as integer) from stock_moves sm1_0 where sm1_0.status='CONFIRMED' group by sm1_0.product_id
2026-09-26T17:30:22.272+05:30 DEBUG 23996 --- [nio-8080-exec-3] o.s.w.s.m.m.a.HttpEntityMethodProcessor  : Using 'application/json', given [*/*] and supported [application/json, application/*+json]
2026-09-26T17:30:22.272+05:30 DEBUG 23996 --- [nio-8080-exec-3] o.s.w.s.m.m.a.HttpEntityMethodProcessor  : Writing [[com.stocksense.model.Location@20, com.stocksense.model.Location@40]]
2026-09-26T17:30:22.276+05:30 DEBUG 23996 --- [nio-8080-exec-3] o.s.web.servlet.DispatcherServlet        : Completed 200 OK
2026-09-26T17:30:22.278+05:30 DEBUG 23996 --- [nio-8080-exec-2] o.s.w.s.m.m.a.HttpEntityMethodProcessor  : Using 'application/json', given [*/*] and supported [application/json, application/*+json]
2026-09-26T17:30:22.281+05:30 DEBUG 23996 --- [nio-8080-exec-2] o.s.w.s.m.m.a.HttpEntityMethodProcessor  : Writing [[com.stocksense.dto.StockMoveResponseDto@7050d480, com.stocksense.dto.StockMoveResponseDto@35add051, (truncated)...]
2026-09-26T17:30:22.282+05:30 DEBUG 23996 --- [nio-8080-exec-6] org.hibernate.SQL                        : select sm1_0.product_id,sm1_0.location_id,l1_0.name,cast(coalesce(sum(sm1_0.quantity_change),0) as integer) from stock_moves sm1_0 join locations l1_0 on l1_0.id=sm1_0.location_id where sm1_0.status='CONFIRMED' group by sm1_0.product_id,sm1_0.location_id,l1_0.name
2026-09-26T17:30:22.289+05:30 DEBUG 23996 --- [nio-8080-exec-3] o.s.web.servlet.DispatcherServlet        : GET "/favicon.ico", parameters={}
2026-09-26T17:30:22.290+05:30 DEBUG 23996 --- [nio-8080-exec-2] o.s.web.servlet.DispatcherServlet        : Completed 200 OK
2026-09-26T17:30:22.293+05:30 DEBUG 23996 --- [nio-8080-exec-3] o.s.w.s.handler.SimpleUrlHandlerMapping  : Mapped to ResourceHttpRequestHandler [URL [file:frontend/], classpath [static/]]
2026-09-26T17:30:22.297+05:30 DEBUG 23996 --- [nio-8080-exec-3] o.s.w.s.r.ResourceHttpRequestHandler     : Resource not found
2026-09-26T17:30:22.298+05:30 DEBUG 23996 --- [nio-8080-exec-3] .m.m.a.ExceptionHandlerExceptionResolver : Using @ExceptionHandler com.stocksense.controller.GlobalExceptionHandler#handleGenericException(Exception)
2026-09-26T17:30:22.300+05:30 DEBUG 23996 --- [nio-8080-exec-3] o.s.w.s.m.m.a.HttpEntityMethodProcessor  : Using 'application/json;q=0.8', given [image/avif, image/webp, image/apng, image/svg+xml, image/*, */*;q=0.8] and supported [application/json, application/*+json]
2026-09-26T17:30:22.302+05:30 DEBUG 23996 --- [nio-8080-exec-6] o.s.w.s.m.m.a.HttpEntityMethodProcessor  : Using 'application/json', given [*/*] and supported [application/json, application/*+json]
2026-09-26T17:30:22.304+05:30 DEBUG 23996 --- [nio-8080-exec-3] o.s.w.s.m.m.a.HttpEntityMethodProcessor  : Writing [com.stocksense.dto.ErrorResponseDto@30866a44]
2026-09-26T17:30:22.305+05:30 DEBUG 23996 --- [nio-8080-exec-6] o.s.w.s.m.m.a.HttpEntityMethodProcessor  : Writing [[com.stocksense.dto.ProductResponseDto@506cf5d, com.stocksense.dto.ProductResponseDto@403852d, com.s (truncated)...]
2026-09-26T17:30:22.310+05:30 DEBUG 23996 --- [nio-8080-exec-3] .m.m.a.ExceptionHandlerExceptionResolver : Resolved [org.springframework.web.servlet.resource.NoResourceFoundException: No static resource favicon.ico.]
2026-09-26T17:30:22.310+05:30 DEBUG 23996 --- [nio-8080-exec-6] o.s.web.servlet.DispatcherServlet        : Completed 200 OK
2026-09-26T17:30:22.312+05:30 DEBUG 23996 --- [nio-8080-exec-3] o.s.web.servlet.DispatcherServlet        : Completed 500 INTERNAL_SERVER_ERROR
2026-09-26T17:30:35.673+05:30 DEBUG 23996 --- [nio-8080-exec-8] o.s.web.servlet.DispatcherServlet        : GET "/delivery.html", parameters={}
2026-09-26T17:30:35.673+05:30 DEBUG 23996 --- [nio-8080-exec-8] o.s.w.s.handler.SimpleUrlHandlerMapping  : Mapped to ResourceHttpRequestHandler [URL [file:frontend/], classpath [static/]]
2026-09-26T17:30:35.679+05:30 DEBUG 23996 --- [nio-8080-exec-8] o.s.web.servlet.DispatcherServlet        : Completed 200 OK
2026-09-26T17:30:35.708+05:30 DEBUG 23996 --- [nio-8080-exec-1] o.s.web.servlet.DispatcherServlet        : GET "/style.css", parameters={}
2026-09-26T17:30:35.709+05:30 DEBUG 23996 --- [nio-8080-exec-1] o.s.w.s.handler.SimpleUrlHandlerMapping  : Mapped to ResourceHttpRequestHandler [URL [file:frontend/], classpath [static/]]
2026-09-26T17:30:35.723+05:30 DEBUG 23996 --- [nio-8080-exec-1] o.s.web.servlet.DispatcherServlet        : Completed 200 OK
2026-09-26T17:30:35.739+05:30 DEBUG 23996 --- [nio-8080-exec-5] o.s.web.servlet.DispatcherServlet        : GET "/api.js", parameters={}
2026-09-26T17:30:35.740+05:30 DEBUG 23996 --- [nio-8080-exec-9] o.s.web.servlet.DispatcherServlet        : GET "/utils.js", parameters={}
2026-09-26T17:30:35.742+05:30 DEBUG 23996 --- [nio-8080-exec-5] o.s.w.s.handler.SimpleUrlHandlerMapping  : Mapped to ResourceHttpRequestHandler [URL [file:frontend/], classpath [static/]]
2026-09-26T17:30:35.742+05:30 DEBUG 23996 --- [nio-8080-exec-9] o.s.w.s.handler.SimpleUrlHandlerMapping  : Mapped to ResourceHttpRequestHandler [URL [file:frontend/], classpath [static/]]
2026-09-26T17:30:35.750+05:30 DEBUG 23996 --- [nio-8080-exec-5] o.s.web.servlet.DispatcherServlet        : Completed 200 OK
2026-09-26T17:30:35.752+05:30 DEBUG 23996 --- [nio-8080-exec-9] o.s.web.servlet.DispatcherServlet        : Completed 200 OK
2026-09-26T17:30:35.798+05:30 DEBUG 23996 --- [io-8080-exec-10] o.s.web.servlet.DispatcherServlet        : GET "/products", parameters={}
2026-09-26T17:30:35.801+05:30 DEBUG 23996 --- [nio-8080-exec-7] o.s.web.servlet.DispatcherServlet        : GET "/locations", parameters={}
2026-09-26T17:30:35.805+05:30 DEBUG 23996 --- [nio-8080-exec-7] s.w.s.m.m.a.RequestMappingHandlerMapping : Mapped to com.stocksense.controller.LocationController#getAllLocations()
2026-09-26T17:30:35.805+05:30 DEBUG 23996 --- [io-8080-exec-10] s.w.s.m.m.a.RequestMappingHandlerMapping : Mapped to com.stocksense.controller.ProductController#listProducts()
2026-09-26T17:30:35.810+05:30 DEBUG 23996 --- [nio-8080-exec-4] o.s.web.servlet.DispatcherServlet        : GET "/moves/recent?limit=5&type=delivery", parameters={masked}
2026-09-26T17:30:35.812+05:30 DEBUG 23996 --- [nio-8080-exec-7] org.hibernate.SQL                        : select l1_0.id,l1_0.name from locations l1_0 order by l1_0.name
2026-09-26T17:30:35.822+05:30 DEBUG 23996 --- [nio-8080-exec-4] s.w.s.m.m.a.RequestMappingHandlerMapping : Mapped to com.stocksense.controller.StockMoveController#getRecentMoves(String, int)
2026-09-26T17:30:35.816+05:30 DEBUG 23996 --- [io-8080-exec-10] org.hibernate.SQL                        : select p1_0.id,p1_0.category,p1_0.name,p1_0.sku,p1_0.unit_of_measure from products p1_0 order by p1_0.name
2026-09-26T17:30:35.820+05:30 DEBUG 23996 --- [nio-8080-exec-2] o.s.web.servlet.DispatcherServlet        : GET "/favicon.ico", parameters={}
2026-09-26T17:30:35.834+05:30 DEBUG 23996 --- [nio-8080-exec-7] o.s.w.s.m.m.a.HttpEntityMethodProcessor  : Using 'application/json', given [*/*] and supported [application/json, application/*+json]
2026-09-26T17:30:35.839+05:30 DEBUG 23996 --- [nio-8080-exec-7] o.s.w.s.m.m.a.HttpEntityMethodProcessor  : Writing [[com.stocksense.model.Location@20, com.stocksense.model.Location@40]]
2026-09-26T17:30:35.839+05:30 DEBUG 23996 --- [nio-8080-exec-2] o.s.w.s.handler.SimpleUrlHandlerMapping  : Mapped to ResourceHttpRequestHandler [URL [file:frontend/], classpath [static/]]
2026-09-26T17:30:35.843+05:30 DEBUG 23996 --- [nio-8080-exec-7] o.s.web.servlet.DispatcherServlet        : Completed 200 OK
2026-09-26T17:30:35.843+05:30 DEBUG 23996 --- [io-8080-exec-10] org.hibernate.SQL                        : select sm1_0.product_id,cast(coalesce(sum(sm1_0.quantity_change),0) as integer) from stock_moves sm1_0 where sm1_0.status='CONFIRMED' group by sm1_0.product_id
2026-09-26T17:30:35.844+05:30 DEBUG 23996 --- [nio-8080-exec-2] o.s.w.s.r.ResourceHttpRequestHandler     : Resource not found
2026-09-26T17:30:35.848+05:30 DEBUG 23996 --- [nio-8080-exec-2] .m.m.a.ExceptionHandlerExceptionResolver : Using @ExceptionHandler com.stocksense.controller.GlobalExceptionHandler#handleGenericException(Exception)
2026-09-26T17:30:35.851+05:30 DEBUG 23996 --- [nio-8080-exec-2] o.s.w.s.m.m.a.HttpEntityMethodProcessor  : Using 'application/json;q=0.8', given [image/avif, image/webp, image/apng, image/svg+xml, image/*, */*;q=0.8] and supported [application/json, application/*+json]
2026-09-26T17:30:35.852+05:30 DEBUG 23996 --- [nio-8080-exec-2] o.s.w.s.m.m.a.HttpEntityMethodProcessor  : Writing [com.stocksense.dto.ErrorResponseDto@6ea84701]
2026-09-26T17:30:35.844+05:30 DEBUG 23996 --- [nio-8080-exec-4] org.hibernate.SQL                        : select sm1_0.id,sm1_0.location_id,l1_0.id,l1_0.name,sm1_0.move_type,sm1_0.note,sm1_0.product_id,p1_0.id,p1_0.category,p1_0.name,p1_0.sku,p1_0.unit_of_measure,sm1_0.quantity_change,sm1_0.status,sm1_0.supplier_name,sm1_0.timestamp from stock_moves sm1_0 join products p1_0 on p1_0.id=sm1_0.product_id join locations l1_0 on l1_0.id=sm1_0.location_id where sm1_0.move_type=? order by sm1_0.timestamp desc fetch first ? rows only
2026-09-26T17:30:35.854+05:30 DEBUG 23996 --- [nio-8080-exec-2] .m.m.a.ExceptionHandlerExceptionResolver : Resolved [org.springframework.web.servlet.resource.NoResourceFoundException: No static resource favicon.ico.]
2026-09-26T17:30:35.860+05:30 DEBUG 23996 --- [nio-8080-exec-2] o.s.web.servlet.DispatcherServlet        : Completed 500 INTERNAL_SERVER_ERROR
2026-09-26T17:30:35.865+05:30 DEBUG 23996 --- [io-8080-exec-10] org.hibernate.SQL                        : select sm1_0.product_id,sm1_0.location_id,l1_0.name,cast(coalesce(sum(sm1_0.quantity_change),0) as integer) from stock_moves sm1_0 join locations l1_0 on l1_0.id=sm1_0.location_id where sm1_0.status='CONFIRMED' group by sm1_0.product_id,sm1_0.location_id,l1_0.name
2026-09-26T17:30:35.879+05:30 DEBUG 23996 --- [nio-8080-exec-4] o.s.w.s.m.m.a.HttpEntityMethodProcessor  : Using 'application/json', given [*/*] and supported [application/json, application/*+json]
2026-09-26T17:30:35.880+05:30 DEBUG 23996 --- [nio-8080-exec-4] o.s.w.s.m.m.a.HttpEntityMethodProcessor  : Writing [[com.stocksense.dto.StockMoveResponseDto@6d3d48b5, com.stocksense.dto.StockMoveResponseDto@2704a451, (truncated)...]
2026-09-26T17:30:35.881+05:30 DEBUG 23996 --- [io-8080-exec-10] o.s.w.s.m.m.a.HttpEntityMethodProcessor  : Using 'application/json', given [*/*] and supported [application/json, application/*+json]
2026-09-26T17:30:35.885+05:30 DEBUG 23996 --- [io-8080-exec-10] o.s.w.s.m.m.a.HttpEntityMethodProcessor  : Writing [[com.stocksense.dto.ProductResponseDto@ede61ec, com.stocksense.dto.ProductResponseDto@29a4a88a, com. (truncated)...]
2026-09-26T17:30:35.885+05:30 DEBUG 23996 --- [nio-8080-exec-4] o.s.web.servlet.DispatcherServlet        : Completed 200 OK
2026-09-26T17:30:35.893+05:30 DEBUG 23996 --- [io-8080-exec-10] o.s.web.servlet.DispatcherServlet        : Completed 200 OK
2026-09-26T17:31:00.000+05:30 DEBUG 23996 --- [nio-8080-exec-6] o.s.web.servlet.DispatcherServlet        : POST "/moves/delivery", parameters={}
2026-09-26T17:31:00.003+05:30 DEBUG 23996 --- [nio-8080-exec-6] s.w.s.m.m.a.RequestMappingHandlerMapping : Mapped to com.stocksense.controller.StockMoveController#recordDelivery(DeliveryRequestDto)
2026-09-26T17:31:00.016+05:30 DEBUG 23996 --- [nio-8080-exec-6] m.m.a.RequestResponseBodyMethodProcessor : Read "application/json;charset=UTF-8" to [com.stocksense.dto.DeliveryRequestDto@4a73b7d2]
2026-09-26T17:31:00.071+05:30 DEBUG 23996 --- [nio-8080-exec-6] org.hibernate.SQL                        : select p1_0.id,p1_0.category,p1_0.name,p1_0.sku,p1_0.unit_of_measure from products p1_0 where p1_0.id=?
2026-09-26T17:31:00.080+05:30 DEBUG 23996 --- [nio-8080-exec-6] org.hibernate.SQL                        : select l1_0.id,l1_0.name from locations l1_0 where l1_0.id=?
2026-09-26T17:31:00.103+05:30 DEBUG 23996 --- [nio-8080-exec-6] org.hibernate.SQL                        : select coalesce(sum(sm1_0.quantity_change),0) from stock_moves sm1_0 where sm1_0.product_id=? and sm1_0.location_id=? and sm1_0.status='CONFIRMED'
2026-09-26T17:31:00.113+05:30 DEBUG 23996 --- [nio-8080-exec-6] org.hibernate.SQL                        : insert into stock_moves (location_id,move_type,note,product_id,quantity_change,status,supplier_name,timestamp,id) values (?,?,?,?,?,?,?,?,default)
2026-09-26T17:31:00.129+05:30 DEBUG 23996 --- [nio-8080-exec-6] o.s.w.s.m.m.a.HttpEntityMethodProcessor  : Using 'application/json', given [*/*] and supported [application/json, application/*+json]
2026-09-26T17:31:00.131+05:30 DEBUG 23996 --- [nio-8080-exec-6] o.s.w.s.m.m.a.HttpEntityMethodProcessor  : Writing [com.stocksense.dto.StockMoveResponseDto@70be93d4]
2026-09-26T17:31:00.134+05:30 DEBUG 23996 --- [nio-8080-exec-6] o.s.web.servlet.DispatcherServlet        : Completed 201 CREATED
2026-09-26T17:31:00.153+05:30 DEBUG 23996 --- [nio-8080-exec-3] o.s.web.servlet.DispatcherServlet        : GET "/products", parameters={}
2026-09-26T17:31:00.163+05:30 DEBUG 23996 --- [nio-8080-exec-3] s.w.s.m.m.a.RequestMappingHandlerMapping : Mapped to com.stocksense.controller.ProductController#listProducts()
2026-09-26T17:31:00.161+05:30 DEBUG 23996 --- [nio-8080-exec-8] o.s.web.servlet.DispatcherServlet        : GET "/moves/recent?limit=5&type=delivery", parameters={masked}
2026-09-26T17:31:00.172+05:30 DEBUG 23996 --- [nio-8080-exec-3] org.hibernate.SQL                        : select p1_0.id,p1_0.category,p1_0.name,p1_0.sku,p1_0.unit_of_measure from products p1_0 order by p1_0.name
2026-09-26T17:31:00.177+05:30 DEBUG 23996 --- [nio-8080-exec-8] s.w.s.m.m.a.RequestMappingHandlerMapping : Mapped to com.stocksense.controller.StockMoveController#getRecentMoves(String, int)
2026-09-26T17:31:00.179+05:30 DEBUG 23996 --- [nio-8080-exec-3] org.hibernate.SQL                        : select sm1_0.product_id,cast(coalesce(sum(sm1_0.quantity_change),0) as integer) from stock_moves sm1_0 where sm1_0.status='CONFIRMED' group by sm1_0.product_id
2026-09-26T17:31:00.182+05:30 DEBUG 23996 --- [nio-8080-exec-8] org.hibernate.SQL                        : select sm1_0.id,sm1_0.location_id,l1_0.id,l1_0.name,sm1_0.move_type,sm1_0.note,sm1_0.product_id,p1_0.id,p1_0.category,p1_0.name,p1_0.sku,p1_0.unit_of_measure,sm1_0.quantity_change,sm1_0.status,sm1_0.supplier_name,sm1_0.timestamp from stock_moves sm1_0 join products p1_0 on p1_0.id=sm1_0.product_id join locations l1_0 on l1_0.id=sm1_0.location_id where sm1_0.move_type=? order by sm1_0.timestamp desc fetch first ? rows only
2026-09-26T17:31:00.186+05:30 DEBUG 23996 --- [nio-8080-exec-3] org.hibernate.SQL                        : select sm1_0.product_id,sm1_0.location_id,l1_0.name,cast(coalesce(sum(sm1_0.quantity_change),0) as integer) from stock_moves sm1_0 join locations l1_0 on l1_0.id=sm1_0.location_id where sm1_0.status='CONFIRMED' group by sm1_0.product_id,sm1_0.location_id,l1_0.name
2026-09-26T17:31:00.190+05:30 DEBUG 23996 --- [nio-8080-exec-8] o.s.w.s.m.m.a.HttpEntityMethodProcessor  : Using 'application/json', given [*/*] and supported [application/json, application/*+json]
2026-09-26T17:31:00.197+05:30 DEBUG 23996 --- [nio-8080-exec-8] o.s.w.s.m.m.a.HttpEntityMethodProcessor  : Writing [[com.stocksense.dto.StockMoveResponseDto@265d78db, com.stocksense.dto.StockMoveResponseDto@4b9a4520, (truncated)...]
2026-09-26T17:31:00.203+05:30 DEBUG 23996 --- [nio-8080-exec-8] o.s.web.servlet.DispatcherServlet        : Completed 200 OK
2026-09-26T17:31:00.204+05:30 DEBUG 23996 --- [nio-8080-exec-3] o.s.w.s.m.m.a.HttpEntityMethodProcessor  : Using 'application/json', given [*/*] and supported [application/json, application/*+json]
2026-09-26T17:31:00.219+05:30 DEBUG 23996 --- [nio-8080-exec-3] o.s.w.s.m.m.a.HttpEntityMethodProcessor  : Writing [[com.stocksense.dto.ProductResponseDto@2d3c8ea4, com.stocksense.dto.ProductResponseDto@71aa8b88, com (truncated)...]
2026-09-26T17:31:00.220+05:30 DEBUG 23996 --- [nio-8080-exec-3] o.s.web.servlet.DispatcherServlet        : Completed 200 OK
2026-09-26T17:31:03.235+05:30 DEBUG 23996 --- [nio-8080-exec-1] o.s.web.servlet.DispatcherServlet        : GET "/products.html", parameters={}
2026-09-26T17:31:03.262+05:30 DEBUG 23996 --- [nio-8080-exec-1] o.s.w.s.handler.SimpleUrlHandlerMapping  : Mapped to ResourceHttpRequestHandler [URL [file:frontend/], classpath [static/]]
2026-09-26T17:31:03.269+05:30 DEBUG 23996 --- [nio-8080-exec-1] o.s.web.servlet.DispatcherServlet        : Completed 200 OK
2026-09-26T17:31:03.308+05:30 DEBUG 23996 --- [nio-8080-exec-5] o.s.web.servlet.DispatcherServlet        : GET "/style.css", parameters={}
2026-09-26T17:31:03.312+05:30 DEBUG 23996 --- [nio-8080-exec-5] o.s.w.s.handler.SimpleUrlHandlerMapping  : Mapped to ResourceHttpRequestHandler [URL [file:frontend/], classpath [static/]]
2026-09-26T17:31:03.325+05:30 DEBUG 23996 --- [nio-8080-exec-5] o.s.web.servlet.DispatcherServlet        : Completed 200 OK
2026-09-26T17:31:03.362+05:30 DEBUG 23996 --- [nio-8080-exec-7] o.s.web.servlet.DispatcherServlet        : GET "/utils.js", parameters={}
2026-09-26T17:31:03.360+05:30 DEBUG 23996 --- [nio-8080-exec-9] o.s.web.servlet.DispatcherServlet        : GET "/api.js", parameters={}
2026-09-26T17:31:03.364+05:30 DEBUG 23996 --- [nio-8080-exec-7] o.s.w.s.handler.SimpleUrlHandlerMapping  : Mapped to ResourceHttpRequestHandler [URL [file:frontend/], classpath [static/]]
2026-09-26T17:31:03.364+05:30 DEBUG 23996 --- [nio-8080-exec-9] o.s.w.s.handler.SimpleUrlHandlerMapping  : Mapped to ResourceHttpRequestHandler [URL [file:frontend/], classpath [static/]]
2026-09-26T17:31:03.372+05:30 DEBUG 23996 --- [nio-8080-exec-9] o.s.web.servlet.DispatcherServlet        : Completed 200 OK
2026-09-26T17:31:03.382+05:30 DEBUG 23996 --- [nio-8080-exec-7] o.s.web.servlet.DispatcherServlet        : Completed 200 OK
2026-09-26T17:31:03.401+05:30 DEBUG 23996 --- [nio-8080-exec-2] o.s.web.servlet.DispatcherServlet        : GET "/products", parameters={}
2026-09-26T17:31:03.404+05:30 DEBUG 23996 --- [nio-8080-exec-2] s.w.s.m.m.a.RequestMappingHandlerMapping : Mapped to com.stocksense.controller.ProductController#listProducts()
2026-09-26T17:31:03.412+05:30 DEBUG 23996 --- [nio-8080-exec-2] org.hibernate.SQL                        : select p1_0.id,p1_0.category,p1_0.name,p1_0.sku,p1_0.unit_of_measure from products p1_0 order by p1_0.name
2026-09-26T17:31:03.420+05:30 DEBUG 23996 --- [nio-8080-exec-2] org.hibernate.SQL                        : select sm1_0.product_id,cast(coalesce(sum(sm1_0.quantity_change),0) as integer) from stock_moves sm1_0 where sm1_0.status='CONFIRMED' group by sm1_0.product_id
2026-09-26T17:31:03.442+05:30 DEBUG 23996 --- [nio-8080-exec-2] org.hibernate.SQL                        : select sm1_0.product_id,sm1_0.location_id,l1_0.name,cast(coalesce(sum(sm1_0.quantity_change),0) as integer) from stock_moves sm1_0 join locations l1_0 on l1_0.id=sm1_0.location_id where sm1_0.status='CONFIRMED' group by sm1_0.product_id,sm1_0.location_id,l1_0.name
2026-09-26T17:31:03.462+05:30 DEBUG 23996 --- [nio-8080-exec-2] o.s.w.s.m.m.a.HttpEntityMethodProcessor  : Using 'application/json', given [*/*] and supported [application/json, application/*+json]
2026-09-26T17:31:03.463+05:30 DEBUG 23996 --- [nio-8080-exec-2] o.s.w.s.m.m.a.HttpEntityMethodProcessor  : Writing [[com.stocksense.dto.ProductResponseDto@6681d8d2, com.stocksense.dto.ProductResponseDto@21146724, com (truncated)...]
2026-09-26T17:31:03.467+05:30 DEBUG 23996 --- [nio-8080-exec-2] o.s.web.servlet.DispatcherServlet        : Completed 200 OK
2026-09-26T17:31:03.483+05:30 DEBUG 23996 --- [nio-8080-exec-4] o.s.web.servlet.DispatcherServlet        : GET "/favicon.ico", parameters={}
2026-09-26T17:31:03.499+05:30 DEBUG 23996 --- [nio-8080-exec-4] o.s.w.s.handler.SimpleUrlHandlerMapping  : Mapped to ResourceHttpRequestHandler [URL [file:frontend/], classpath [static/]]
2026-09-26T17:31:03.564+05:30 DEBUG 23996 --- [nio-8080-exec-4] o.s.w.s.r.ResourceHttpRequestHandler     : Resource not found
2026-09-26T17:31:03.575+05:30 DEBUG 23996 --- [nio-8080-exec-4] .m.m.a.ExceptionHandlerExceptionResolver : Using @ExceptionHandler com.stocksense.controller.GlobalExceptionHandler#handleGenericException(Exception)
2026-09-26T17:31:03.580+05:30 DEBUG 23996 --- [nio-8080-exec-4] o.s.w.s.m.m.a.HttpEntityMethodProcessor  : Using 'application/json;q=0.8', given [image/avif, image/webp, image/apng, image/svg+xml, image/*, */*;q=0.8] and supported [application/json, application/*+json]
2026-09-26T17:31:03.582+05:30 DEBUG 23996 --- [nio-8080-exec-4] o.s.w.s.m.m.a.HttpEntityMethodProcessor  : Writing [com.stocksense.dto.ErrorResponseDto@27d935d7]
2026-09-26T17:31:03.587+05:30 DEBUG 23996 --- [nio-8080-exec-4] .m.m.a.ExceptionHandlerExceptionResolver : Resolved [org.springframework.web.servlet.resource.NoResourceFoundException: No static resource favicon.ico.]
2026-09-26T17:31:03.595+05:30 DEBUG 23996 --- [nio-8080-exec-4] o.s.web.servlet.DispatcherServlet        : Completed 500 INTERNAL_SERVER_ERROR
2026-09-26T17:31:04.572+05:30 DEBUG 23996 --- [io-8080-exec-10] o.s.web.servlet.DispatcherServlet        : GET "/products.html", parameters={}
2026-09-26T17:31:04.575+05:30 DEBUG 23996 --- [io-8080-exec-10] o.s.w.s.handler.SimpleUrlHandlerMapping  : Mapped to ResourceHttpRequestHandler [URL [file:frontend/], classpath [static/]]
2026-09-26T17:31:04.581+05:30 DEBUG 23996 --- [io-8080-exec-10] o.s.web.servlet.DispatcherServlet        : Completed 200 OK
2026-09-26T17:31:04.611+05:30 DEBUG 23996 --- [nio-8080-exec-6] o.s.web.servlet.DispatcherServlet        : GET "/style.css", parameters={}
2026-09-26T17:31:04.613+05:30 DEBUG 23996 --- [nio-8080-exec-6] o.s.w.s.handler.SimpleUrlHandlerMapping  : Mapped to ResourceHttpRequestHandler [URL [file:frontend/], classpath [static/]]
2026-09-26T17:31:04.617+05:30 DEBUG 23996 --- [nio-8080-exec-6] o.s.web.servlet.DispatcherServlet        : Completed 200 OK
2026-09-26T17:31:04.630+05:30 DEBUG 23996 --- [nio-8080-exec-8] o.s.web.servlet.DispatcherServlet        : GET "/api.js", parameters={}
2026-09-26T17:31:04.632+05:30 DEBUG 23996 --- [nio-8080-exec-3] o.s.web.servlet.DispatcherServlet        : GET "/utils.js", parameters={}
2026-09-26T17:31:04.632+05:30 DEBUG 23996 --- [nio-8080-exec-8] o.s.w.s.handler.SimpleUrlHandlerMapping  : Mapped to ResourceHttpRequestHandler [URL [file:frontend/], classpath [static/]]
2026-09-26T17:31:04.634+05:30 DEBUG 23996 --- [nio-8080-exec-3] o.s.w.s.handler.SimpleUrlHandlerMapping  : Mapped to ResourceHttpRequestHandler [URL [file:frontend/], classpath [static/]]
2026-09-26T17:31:04.653+05:30 DEBUG 23996 --- [nio-8080-exec-3] o.s.web.servlet.DispatcherServlet        : Completed 200 OK
2026-09-26T17:31:04.660+05:30 DEBUG 23996 --- [nio-8080-exec-8] o.s.web.servlet.DispatcherServlet        : Completed 200 OK
2026-09-26T17:31:04.695+05:30 DEBUG 23996 --- [nio-8080-exec-1] o.s.web.servlet.DispatcherServlet        : GET "/products", parameters={}
2026-09-26T17:31:04.713+05:30 DEBUG 23996 --- [nio-8080-exec-1] s.w.s.m.m.a.RequestMappingHandlerMapping : Mapped to com.stocksense.controller.ProductController#listProducts()
2026-09-26T17:31:04.728+05:30 DEBUG 23996 --- [nio-8080-exec-5] o.s.web.servlet.DispatcherServlet        : GET "/favicon.ico", parameters={}
2026-09-26T17:31:04.732+05:30 DEBUG 23996 --- [nio-8080-exec-5] o.s.w.s.handler.SimpleUrlHandlerMapping  : Mapped to ResourceHttpRequestHandler [URL [file:frontend/], classpath [static/]]
2026-09-26T17:31:04.732+05:30 DEBUG 23996 --- [nio-8080-exec-1] org.hibernate.SQL                        : select p1_0.id,p1_0.category,p1_0.name,p1_0.sku,p1_0.unit_of_measure from products p1_0 order by p1_0.name
2026-09-26T17:31:04.735+05:30 DEBUG 23996 --- [nio-8080-exec-5] o.s.w.s.r.ResourceHttpRequestHandler     : Resource not found
2026-09-26T17:31:04.735+05:30 DEBUG 23996 --- [nio-8080-exec-5] .m.m.a.ExceptionHandlerExceptionResolver : Using @ExceptionHandler com.stocksense.controller.GlobalExceptionHandler#handleGenericException(Exception)
2026-09-26T17:31:04.739+05:30 DEBUG 23996 --- [nio-8080-exec-5] o.s.w.s.m.m.a.HttpEntityMethodProcessor  : Using 'application/json;q=0.8', given [image/avif, image/webp, image/apng, image/svg+xml, image/*, */*;q=0.8] and supported [application/json, application/*+json]
2026-09-26T17:31:04.742+05:30 DEBUG 23996 --- [nio-8080-exec-1] org.hibernate.SQL                        : select sm1_0.product_id,cast(coalesce(sum(sm1_0.quantity_change),0) as integer) from stock_moves sm1_0 where sm1_0.status='CONFIRMED' group by sm1_0.product_id
2026-09-26T17:31:04.744+05:30 DEBUG 23996 --- [nio-8080-exec-5] o.s.w.s.m.m.a.HttpEntityMethodProcessor  : Writing [com.stocksense.dto.ErrorResponseDto@16490da9]
2026-09-26T17:31:04.746+05:30 DEBUG 23996 --- [nio-8080-exec-5] .m.m.a.ExceptionHandlerExceptionResolver : Resolved [org.springframework.web.servlet.resource.NoResourceFoundException: No static resource favicon.ico.]
2026-09-26T17:31:04.746+05:30 DEBUG 23996 --- [nio-8080-exec-5] o.s.web.servlet.DispatcherServlet        : Completed 500 INTERNAL_SERVER_ERROR
2026-09-26T17:31:04.769+05:30 DEBUG 23996 --- [nio-8080-exec-1] org.hibernate.SQL                        : select sm1_0.product_id,sm1_0.location_id,l1_0.name,cast(coalesce(sum(sm1_0.quantity_change),0) as integer) from stock_moves sm1_0 join locations l1_0 on l1_0.id=sm1_0.location_id where sm1_0.status='CONFIRMED' group by sm1_0.product_id,sm1_0.location_id,l1_0.name
2026-09-26T17:31:04.780+05:30 DEBUG 23996 --- [nio-8080-exec-1] o.s.w.s.m.m.a.HttpEntityMethodProcessor  : Using 'application/json', given [*/*] and supported [application/json, application/*+json]
2026-09-26T17:31:04.782+05:30 DEBUG 23996 --- [nio-8080-exec-1] o.s.w.s.m.m.a.HttpEntityMethodProcessor  : Writing [[com.stocksense.dto.ProductResponseDto@340754b5, com.stocksense.dto.ProductResponseDto@35d6463b, com (truncated)...]
2026-09-26T17:31:04.784+05:30 DEBUG 23996 --- [nio-8080-exec-1] o.s.web.servlet.DispatcherServlet        : Completed 200 OK
2026-09-26T17:31:05.757+05:30 DEBUG 23996 --- [nio-8080-exec-9] o.s.web.servlet.DispatcherServlet        : GET "/index.html", parameters={}
2026-09-26T17:31:05.761+05:30 DEBUG 23996 --- [nio-8080-exec-9] o.s.w.s.handler.SimpleUrlHandlerMapping  : Mapped to ResourceHttpRequestHandler [URL [file:frontend/], classpath [static/]]
2026-09-26T17:31:05.768+05:30 DEBUG 23996 --- [nio-8080-exec-9] o.s.web.servlet.DispatcherServlet        : Completed 200 OK
2026-09-26T17:31:05.790+05:30 DEBUG 23996 --- [nio-8080-exec-7] o.s.web.servlet.DispatcherServlet        : GET "/style.css", parameters={}
2026-09-26T17:31:05.793+05:30 DEBUG 23996 --- [nio-8080-exec-7] o.s.w.s.handler.SimpleUrlHandlerMapping  : Mapped to ResourceHttpRequestHandler [URL [file:frontend/], classpath [static/]]
2026-09-26T17:31:05.798+05:30 DEBUG 23996 --- [nio-8080-exec-7] o.s.web.servlet.DispatcherServlet        : Completed 200 OK
2026-09-26T17:31:05.816+05:30 DEBUG 23996 --- [nio-8080-exec-4] o.s.web.servlet.DispatcherServlet        : GET "/utils.js", parameters={}
2026-09-26T17:31:05.816+05:30 DEBUG 23996 --- [nio-8080-exec-2] o.s.web.servlet.DispatcherServlet        : GET "/api.js", parameters={}
2026-09-26T17:31:05.820+05:30 DEBUG 23996 --- [nio-8080-exec-2] o.s.w.s.handler.SimpleUrlHandlerMapping  : Mapped to ResourceHttpRequestHandler [URL [file:frontend/], classpath [static/]]
2026-09-26T17:31:05.823+05:30 DEBUG 23996 --- [nio-8080-exec-4] o.s.w.s.handler.SimpleUrlHandlerMapping  : Mapped to ResourceHttpRequestHandler [URL [file:frontend/], classpath [static/]]
2026-09-26T17:31:05.829+05:30 DEBUG 23996 --- [nio-8080-exec-4] o.s.web.servlet.DispatcherServlet        : Completed 200 OK
2026-09-26T17:31:05.833+05:30 DEBUG 23996 --- [nio-8080-exec-2] o.s.web.servlet.DispatcherServlet        : Completed 200 OK
2026-09-26T17:31:05.850+05:30 DEBUG 23996 --- [io-8080-exec-10] o.s.web.servlet.DispatcherServlet        : GET "/dashboard", parameters={}
2026-09-26T17:31:05.850+05:30 DEBUG 23996 --- [nio-8080-exec-6] o.s.web.servlet.DispatcherServlet        : GET "/products", parameters={}
2026-09-26T17:31:05.853+05:30 DEBUG 23996 --- [io-8080-exec-10] s.w.s.m.m.a.RequestMappingHandlerMapping : Mapped to com.stocksense.controller.DashboardController#getDashboard()
2026-09-26T17:31:05.853+05:30 DEBUG 23996 --- [nio-8080-exec-6] s.w.s.m.m.a.RequestMappingHandlerMapping : Mapped to com.stocksense.controller.ProductController#listProducts()
2026-09-26T17:31:05.865+05:30 DEBUG 23996 --- [io-8080-exec-10] org.hibernate.SQL                        : select p1_0.id,p1_0.category,p1_0.name,p1_0.sku,p1_0.unit_of_measure from products p1_0 order by p1_0.name
2026-09-26T17:31:05.865+05:30 DEBUG 23996 --- [nio-8080-exec-6] org.hibernate.SQL                        : select p1_0.id,p1_0.category,p1_0.name,p1_0.sku,p1_0.unit_of_measure from products p1_0 order by p1_0.name
2026-09-26T17:31:05.871+05:30 DEBUG 23996 --- [io-8080-exec-10] org.hibernate.SQL                        : select sm1_0.product_id,cast(coalesce(sum(sm1_0.quantity_change),0) as integer) from stock_moves sm1_0 where sm1_0.status='CONFIRMED' group by sm1_0.product_id
2026-09-26T17:31:05.873+05:30 DEBUG 23996 --- [nio-8080-exec-6] org.hibernate.SQL                        : select sm1_0.product_id,cast(coalesce(sum(sm1_0.quantity_change),0) as integer) from stock_moves sm1_0 where sm1_0.status='CONFIRMED' group by sm1_0.product_id
2026-09-26T17:31:05.877+05:30 DEBUG 23996 --- [io-8080-exec-10] org.hibernate.SQL                        : select sm1_0.product_id,sm1_0.location_id,l1_0.name,cast(coalesce(sum(sm1_0.quantity_change),0) as integer) from stock_moves sm1_0 join locations l1_0 on l1_0.id=sm1_0.location_id where sm1_0.status='CONFIRMED' group by sm1_0.product_id,sm1_0.location_id,l1_0.name
2026-09-26T17:31:05.887+05:30 DEBUG 23996 --- [nio-8080-exec-6] org.hibernate.SQL                        : select sm1_0.product_id,sm1_0.location_id,l1_0.name,cast(coalesce(sum(sm1_0.quantity_change),0) as integer) from stock_moves sm1_0 join locations l1_0 on l1_0.id=sm1_0.location_id where sm1_0.status='CONFIRMED' group by sm1_0.product_id,sm1_0.location_id,l1_0.name
2026-09-26T17:31:05.893+05:30 DEBUG 23996 --- [io-8080-exec-10] org.hibernate.SQL                        : select count(sm1_0.id) from stock_moves sm1_0 where sm1_0.status=? and sm1_0.move_type=?
2026-09-26T17:31:05.902+05:30 DEBUG 23996 --- [io-8080-exec-10] org.hibernate.SQL                        : select count(sm1_0.id) from stock_moves sm1_0 where sm1_0.status=? and sm1_0.move_type=?
2026-09-26T17:31:05.905+05:30 DEBUG 23996 --- [nio-8080-exec-6] o.s.w.s.m.m.a.HttpEntityMethodProcessor  : Using 'application/json', given [*/*] and supported [application/json, application/*+json]
2026-09-26T17:31:05.909+05:30 DEBUG 23996 --- [nio-8080-exec-6] o.s.w.s.m.m.a.HttpEntityMethodProcessor  : Writing [[com.stocksense.dto.ProductResponseDto@1b11bbb6, com.stocksense.dto.ProductResponseDto@25faf0ea, com (truncated)...]
2026-09-26T17:31:05.913+05:30 DEBUG 23996 --- [nio-8080-exec-6] o.s.web.servlet.DispatcherServlet        : Completed 200 OK
2026-09-26T17:31:05.915+05:30 DEBUG 23996 --- [nio-8080-exec-3] o.s.web.servlet.DispatcherServlet        : GET "/favicon.ico", parameters={}
2026-09-26T17:31:05.915+05:30 DEBUG 23996 --- [io-8080-exec-10] o.s.w.s.m.m.a.HttpEntityMethodProcessor  : Using 'application/json', given [*/*] and supported [application/json, application/*+json]
2026-09-26T17:31:05.915+05:30 DEBUG 23996 --- [nio-8080-exec-3] o.s.w.s.handler.SimpleUrlHandlerMapping  : Mapped to ResourceHttpRequestHandler [URL [file:frontend/], classpath [static/]]
2026-09-26T17:31:05.917+05:30 DEBUG 23996 --- [io-8080-exec-10] o.s.w.s.m.m.a.HttpEntityMethodProcessor  : Writing [com.stocksense.dto.DashboardResponseDto@7d44a327]
2026-09-26T17:31:05.919+05:30 DEBUG 23996 --- [nio-8080-exec-3] o.s.w.s.r.ResourceHttpRequestHandler     : Resource not found
2026-09-26T17:31:05.919+05:30 DEBUG 23996 --- [io-8080-exec-10] o.s.web.servlet.DispatcherServlet        : Completed 200 OK
2026-09-26T17:31:05.920+05:30 DEBUG 23996 --- [nio-8080-exec-3] .m.m.a.ExceptionHandlerExceptionResolver : Using @ExceptionHandler com.stocksense.controller.GlobalExceptionHandler#handleGenericException(Exception)
2026-09-26T17:31:05.922+05:30 DEBUG 23996 --- [nio-8080-exec-3] o.s.w.s.m.m.a.HttpEntityMethodProcessor  : Using 'application/json;q=0.8', given [image/avif, image/webp, image/apng, image/svg+xml, image/*, */*;q=0.8] and supported [application/json, application/*+json]
2026-09-26T17:31:05.926+05:30 DEBUG 23996 --- [nio-8080-exec-3] o.s.w.s.m.m.a.HttpEntityMethodProcessor  : Writing [com.stocksense.dto.ErrorResponseDto@67cb99c5]
2026-09-26T17:31:05.927+05:30 DEBUG 23996 --- [nio-8080-exec-3] .m.m.a.ExceptionHandlerExceptionResolver : Resolved [org.springframework.web.servlet.resource.NoResourceFoundException: No static resource favicon.ico.]
2026-09-26T17:31:05.929+05:30 DEBUG 23996 --- [nio-8080-exec-3] o.s.web.servlet.DispatcherServlet        : Completed 500 INTERNAL_SERVER_ERROR
2026-09-26T17:31:14.344+05:30 DEBUG 23996 --- [nio-8080-exec-8] o.s.web.servlet.DispatcherServlet        : GET "/pending.html", parameters={}
2026-09-26T17:31:14.346+05:30 DEBUG 23996 --- [nio-8080-exec-8] o.s.w.s.handler.SimpleUrlHandlerMapping  : Mapped to ResourceHttpRequestHandler [URL [file:frontend/], classpath [static/]]
2026-09-26T17:31:14.350+05:30 DEBUG 23996 --- [nio-8080-exec-8] o.s.web.servlet.DispatcherServlet        : Completed 200 OK
2026-09-26T17:31:14.380+05:30 DEBUG 23996 --- [nio-8080-exec-5] o.s.web.servlet.DispatcherServlet        : GET "/style.css", parameters={}
2026-09-26T17:31:14.394+05:30 DEBUG 23996 --- [nio-8080-exec-5] o.s.w.s.handler.SimpleUrlHandlerMapping  : Mapped to ResourceHttpRequestHandler [URL [file:frontend/], classpath [static/]]
2026-09-26T17:31:14.404+05:30 DEBUG 23996 --- [nio-8080-exec-5] o.s.web.servlet.DispatcherServlet        : Completed 200 OK
2026-09-26T17:31:14.431+05:30 DEBUG 23996 --- [nio-8080-exec-1] o.s.web.servlet.DispatcherServlet        : GET "/api.js", parameters={}
2026-09-26T17:31:14.431+05:30 DEBUG 23996 --- [nio-8080-exec-9] o.s.web.servlet.DispatcherServlet        : GET "/utils.js", parameters={}
2026-09-26T17:31:14.434+05:30 DEBUG 23996 --- [nio-8080-exec-1] o.s.w.s.handler.SimpleUrlHandlerMapping  : Mapped to ResourceHttpRequestHandler [URL [file:frontend/], classpath [static/]]
2026-09-26T17:31:14.434+05:30 DEBUG 23996 --- [nio-8080-exec-9] o.s.w.s.handler.SimpleUrlHandlerMapping  : Mapped to ResourceHttpRequestHandler [URL [file:frontend/], classpath [static/]]
2026-09-26T17:31:14.440+05:30 DEBUG 23996 --- [nio-8080-exec-1] o.s.web.servlet.DispatcherServlet        : Completed 200 OK
2026-09-26T17:31:14.440+05:30 DEBUG 23996 --- [nio-8080-exec-9] o.s.web.servlet.DispatcherServlet        : Completed 200 OK
2026-09-26T17:31:14.450+05:30 DEBUG 23996 --- [nio-8080-exec-7] o.s.web.servlet.DispatcherServlet        : GET "/moves/pending", parameters={}
2026-09-26T17:31:14.455+05:30 DEBUG 23996 --- [nio-8080-exec-7] s.w.s.m.m.a.RequestMappingHandlerMapping : Mapped to com.stocksense.controller.StockMoveController#getPendingMoves()
2026-09-26T17:31:14.467+05:30 DEBUG 23996 --- [nio-8080-exec-4] o.s.web.servlet.DispatcherServlet        : GET "/favicon.ico", parameters={}
2026-09-26T17:31:14.469+05:30 DEBUG 23996 --- [nio-8080-exec-7] org.hibernate.SQL                        : select sm1_0.id,sm1_0.location_id,l1_0.id,l1_0.name,sm1_0.move_type,sm1_0.note,sm1_0.product_id,p1_0.id,p1_0.category,p1_0.name,p1_0.sku,p1_0.unit_of_measure,sm1_0.quantity_change,sm1_0.status,sm1_0.supplier_name,sm1_0.timestamp from stock_moves sm1_0 join products p1_0 on p1_0.id=sm1_0.product_id join locations l1_0 on l1_0.id=sm1_0.location_id where sm1_0.status=? order by sm1_0.timestamp desc
2026-09-26T17:31:14.475+05:30 DEBUG 23996 --- [nio-8080-exec-4] o.s.w.s.handler.SimpleUrlHandlerMapping  : Mapped to ResourceHttpRequestHandler [URL [file:frontend/], classpath [static/]]
2026-09-26T17:31:14.479+05:30 DEBUG 23996 --- [nio-8080-exec-4] o.s.w.s.r.ResourceHttpRequestHandler     : Resource not found
2026-09-26T17:31:14.482+05:30 DEBUG 23996 --- [nio-8080-exec-4] .m.m.a.ExceptionHandlerExceptionResolver : Using @ExceptionHandler com.stocksense.controller.GlobalExceptionHandler#handleGenericException(Exception)
2026-09-26T17:31:14.483+05:30 DEBUG 23996 --- [nio-8080-exec-7] o.s.w.s.m.m.a.HttpEntityMethodProcessor  : Using 'application/json', given [*/*] and supported [application/json, application/*+json]
2026-09-26T17:31:14.486+05:30 DEBUG 23996 --- [nio-8080-exec-7] o.s.w.s.m.m.a.HttpEntityMethodProcessor  : Writing [[]]
2026-09-26T17:31:14.486+05:30 DEBUG 23996 --- [nio-8080-exec-4] o.s.w.s.m.m.a.HttpEntityMethodProcessor  : Using 'application/json;q=0.8', given [image/avif, image/webp, image/apng, image/svg+xml, image/*, */*;q=0.8] and supported [application/json, application/*+json]
2026-09-26T17:31:14.490+05:30 DEBUG 23996 --- [nio-8080-exec-4] o.s.w.s.m.m.a.HttpEntityMethodProcessor  : Writing [com.stocksense.dto.ErrorResponseDto@fdefc3c]
2026-09-26T17:31:14.490+05:30 DEBUG 23996 --- [nio-8080-exec-7] o.s.web.servlet.DispatcherServlet        : Completed 200 OK
2026-09-26T17:31:14.495+05:30 DEBUG 23996 --- [nio-8080-exec-4] .m.m.a.ExceptionHandlerExceptionResolver : Resolved [org.springframework.web.servlet.resource.NoResourceFoundException: No static resource favicon.ico.]
2026-09-26T17:31:14.495+05:30 DEBUG 23996 --- [nio-8080-exec-4] o.s.web.servlet.DispatcherServlet        : Completed 500 INTERNAL_SERVER_ERROR
2026-09-26T17:31:16.246+05:30 DEBUG 23996 --- [nio-8080-exec-2] o.s.web.servlet.DispatcherServlet        : GET "/history.html", parameters={}
2026-09-26T17:31:16.248+05:30 DEBUG 23996 --- [nio-8080-exec-2] o.s.w.s.handler.SimpleUrlHandlerMapping  : Mapped to ResourceHttpRequestHandler [URL [file:frontend/], classpath [static/]]
2026-09-26T17:31:16.253+05:30 DEBUG 23996 --- [nio-8080-exec-2] o.s.web.servlet.DispatcherServlet        : Completed 200 OK
2026-09-26T17:31:16.271+05:30 DEBUG 23996 --- [nio-8080-exec-6] o.s.web.servlet.DispatcherServlet        : GET "/style.css", parameters={}
2026-09-26T17:31:16.276+05:30 DEBUG 23996 --- [nio-8080-exec-6] o.s.w.s.handler.SimpleUrlHandlerMapping  : Mapped to ResourceHttpRequestHandler [URL [file:frontend/], classpath [static/]]
2026-09-26T17:31:16.282+05:30 DEBUG 23996 --- [nio-8080-exec-6] o.s.web.servlet.DispatcherServlet        : Completed 200 OK
2026-09-26T17:31:16.293+05:30 DEBUG 23996 --- [io-8080-exec-10] o.s.web.servlet.DispatcherServlet        : GET "/api.js", parameters={}
2026-09-26T17:31:16.293+05:30 DEBUG 23996 --- [nio-8080-exec-3] o.s.web.servlet.DispatcherServlet        : GET "/utils.js", parameters={}
2026-09-26T17:31:16.293+05:30 DEBUG 23996 --- [io-8080-exec-10] o.s.w.s.handler.SimpleUrlHandlerMapping  : Mapped to ResourceHttpRequestHandler [URL [file:frontend/], classpath [static/]]
2026-09-26T17:31:16.295+05:30 DEBUG 23996 --- [nio-8080-exec-3] o.s.w.s.handler.SimpleUrlHandlerMapping  : Mapped to ResourceHttpRequestHandler [URL [file:frontend/], classpath [static/]]
2026-09-26T17:31:16.297+05:30 DEBUG 23996 --- [io-8080-exec-10] o.s.web.servlet.DispatcherServlet        : Completed 200 OK
2026-09-26T17:31:16.298+05:30 DEBUG 23996 --- [nio-8080-exec-3] o.s.web.servlet.DispatcherServlet        : Completed 200 OK
2026-09-26T17:31:16.358+05:30 DEBUG 23996 --- [nio-8080-exec-8] o.s.web.servlet.DispatcherServlet        : GET "/moves/all", parameters={}
2026-09-26T17:31:16.359+05:30 DEBUG 23996 --- [nio-8080-exec-8] s.w.s.m.m.a.RequestMappingHandlerMapping : Mapped to com.stocksense.controller.StockMoveController#getAllMoves()
2026-09-26T17:31:16.386+05:30 DEBUG 23996 --- [nio-8080-exec-5] o.s.web.servlet.DispatcherServlet        : GET "/favicon.ico", parameters={}
2026-09-26T17:31:16.394+05:30 DEBUG 23996 --- [nio-8080-exec-5] o.s.w.s.handler.SimpleUrlHandlerMapping  : Mapped to ResourceHttpRequestHandler [URL [file:frontend/], classpath [static/]]
2026-09-26T17:31:16.397+05:30 DEBUG 23996 --- [nio-8080-exec-5] o.s.w.s.r.ResourceHttpRequestHandler     : Resource not found
2026-09-26T17:31:16.399+05:30 DEBUG 23996 --- [nio-8080-exec-8] org.hibernate.SQL                        : select sm1_0.id,sm1_0.location_id,l1_0.id,l1_0.name,sm1_0.move_type,sm1_0.note,sm1_0.product_id,p1_0.id,p1_0.category,p1_0.name,p1_0.sku,p1_0.unit_of_measure,sm1_0.quantity_change,sm1_0.status,sm1_0.supplier_name,sm1_0.timestamp from stock_moves sm1_0 join products p1_0 on p1_0.id=sm1_0.product_id join locations l1_0 on l1_0.id=sm1_0.location_id order by sm1_0.timestamp desc
2026-09-26T17:31:16.400+05:30 DEBUG 23996 --- [nio-8080-exec-5] .m.m.a.ExceptionHandlerExceptionResolver : Using @ExceptionHandler com.stocksense.controller.GlobalExceptionHandler#handleGenericException(Exception)
2026-09-26T17:31:16.401+05:30 DEBUG 23996 --- [nio-8080-exec-5] o.s.w.s.m.m.a.HttpEntityMethodProcessor  : Using 'application/json;q=0.8', given [image/avif, image/webp, image/apng, image/svg+xml, image/*, */*;q=0.8] and supported [application/json, application/*+json]
2026-09-26T17:31:16.405+05:30 DEBUG 23996 --- [nio-8080-exec-5] o.s.w.s.m.m.a.HttpEntityMethodProcessor  : Writing [com.stocksense.dto.ErrorResponseDto@17d2fb6c]
2026-09-26T17:31:16.407+05:30 DEBUG 23996 --- [nio-8080-exec-5] .m.m.a.ExceptionHandlerExceptionResolver : Resolved [org.springframework.web.servlet.resource.NoResourceFoundException: No static resource favicon.ico.]
2026-09-26T17:31:16.408+05:30 DEBUG 23996 --- [nio-8080-exec-5] o.s.web.servlet.DispatcherServlet        : Completed 500 INTERNAL_SERVER_ERROR
2026-09-26T17:31:16.433+05:30 DEBUG 23996 --- [nio-8080-exec-8] o.s.w.s.m.m.a.HttpEntityMethodProcessor  : Using 'application/json', given [*/*] and supported [application/json, application/*+json]
2026-09-26T17:31:16.433+05:30 DEBUG 23996 --- [nio-8080-exec-8] o.s.w.s.m.m.a.HttpEntityMethodProcessor  : Writing [[com.stocksense.dto.StockMoveResponseDto@308981f8, com.stocksense.dto.StockMoveResponseDto@a58e010,  (truncated)...]
2026-09-26T17:31:16.441+05:30 DEBUG 23996 --- [nio-8080-exec-8] o.s.web.servlet.DispatcherServlet        : Completed 200 OK
2026-09-26T17:31:18.935+05:30 DEBUG 23996 --- [nio-8080-exec-1] o.s.web.servlet.DispatcherServlet        : GET "/adjustment.html", parameters={}
2026-09-26T17:31:18.937+05:30 DEBUG 23996 --- [nio-8080-exec-1] o.s.w.s.handler.SimpleUrlHandlerMapping  : Mapped to ResourceHttpRequestHandler [URL [file:frontend/], classpath [static/]]
2026-09-26T17:31:18.946+05:30 DEBUG 23996 --- [nio-8080-exec-1] o.s.web.servlet.DispatcherServlet        : Completed 200 OK
2026-09-26T17:31:18.969+05:30 DEBUG 23996 --- [nio-8080-exec-9] o.s.web.servlet.DispatcherServlet        : GET "/style.css", parameters={}
2026-09-26T17:31:18.975+05:30 DEBUG 23996 --- [nio-8080-exec-9] o.s.w.s.handler.SimpleUrlHandlerMapping  : Mapped to ResourceHttpRequestHandler [URL [file:frontend/], classpath [static/]]
2026-09-26T17:31:18.980+05:30 DEBUG 23996 --- [nio-8080-exec-9] o.s.web.servlet.DispatcherServlet        : Completed 200 OK
2026-09-26T17:31:18.994+05:30 DEBUG 23996 --- [nio-8080-exec-7] o.s.web.servlet.DispatcherServlet        : GET "/api.js", parameters={}
2026-09-26T17:31:18.994+05:30 DEBUG 23996 --- [nio-8080-exec-4] o.s.web.servlet.DispatcherServlet        : GET "/utils.js", parameters={}
2026-09-26T17:31:18.996+05:30 DEBUG 23996 --- [nio-8080-exec-7] o.s.w.s.handler.SimpleUrlHandlerMapping  : Mapped to ResourceHttpRequestHandler [URL [file:frontend/], classpath [static/]]
2026-09-26T17:31:18.996+05:30 DEBUG 23996 --- [nio-8080-exec-4] o.s.w.s.handler.SimpleUrlHandlerMapping  : Mapped to ResourceHttpRequestHandler [URL [file:frontend/], classpath [static/]]
2026-09-26T17:31:19.002+05:30 DEBUG 23996 --- [nio-8080-exec-4] o.s.web.servlet.DispatcherServlet        : Completed 200 OK
2026-09-26T17:31:19.005+05:30 DEBUG 23996 --- [nio-8080-exec-7] o.s.web.servlet.DispatcherServlet        : Completed 200 OK
2026-09-26T17:31:19.043+05:30 DEBUG 23996 --- [nio-8080-exec-6] o.s.web.servlet.DispatcherServlet        : GET "/locations", parameters={}
2026-09-26T17:31:19.043+05:30 DEBUG 23996 --- [nio-8080-exec-2] o.s.web.servlet.DispatcherServlet        : GET "/products", parameters={}
2026-09-26T17:31:19.045+05:30 DEBUG 23996 --- [nio-8080-exec-6] s.w.s.m.m.a.RequestMappingHandlerMapping : Mapped to com.stocksense.controller.LocationController#getAllLocations()
2026-09-26T17:31:19.047+05:30 DEBUG 23996 --- [nio-8080-exec-2] s.w.s.m.m.a.RequestMappingHandlerMapping : Mapped to com.stocksense.controller.ProductController#listProducts()
2026-09-26T17:31:19.056+05:30 DEBUG 23996 --- [nio-8080-exec-2] org.hibernate.SQL                        : select p1_0.id,p1_0.category,p1_0.name,p1_0.sku,p1_0.unit_of_measure from products p1_0 order by p1_0.name
2026-09-26T17:31:19.055+05:30 DEBUG 23996 --- [nio-8080-exec-6] org.hibernate.SQL                        : select l1_0.id,l1_0.name from locations l1_0 order by l1_0.name
2026-09-26T17:31:19.062+05:30 DEBUG 23996 --- [nio-8080-exec-6] o.s.w.s.m.m.a.HttpEntityMethodProcessor  : Using 'application/json', given [*/*] and supported [application/json, application/*+json]
2026-09-26T17:31:19.064+05:30 DEBUG 23996 --- [nio-8080-exec-6] o.s.w.s.m.m.a.HttpEntityMethodProcessor  : Writing [[com.stocksense.model.Location@20, com.stocksense.model.Location@40]]
2026-09-26T17:31:19.064+05:30 DEBUG 23996 --- [nio-8080-exec-2] org.hibernate.SQL                        : select sm1_0.product_id,cast(coalesce(sum(sm1_0.quantity_change),0) as integer) from stock_moves sm1_0 where sm1_0.status='CONFIRMED' group by sm1_0.product_id
2026-09-26T17:31:19.071+05:30 DEBUG 23996 --- [nio-8080-exec-6] o.s.web.servlet.DispatcherServlet        : Completed 200 OK
2026-09-26T17:31:19.079+05:30 DEBUG 23996 --- [nio-8080-exec-2] org.hibernate.SQL                        : select sm1_0.product_id,sm1_0.location_id,l1_0.name,cast(coalesce(sum(sm1_0.quantity_change),0) as integer) from stock_moves sm1_0 join locations l1_0 on l1_0.id=sm1_0.location_id where sm1_0.status='CONFIRMED' group by sm1_0.product_id,sm1_0.location_id,l1_0.name
2026-09-26T17:31:19.080+05:30 DEBUG 23996 --- [nio-8080-exec-3] o.s.web.servlet.DispatcherServlet        : GET "/favicon.ico", parameters={}
2026-09-26T17:31:19.086+05:30 DEBUG 23996 --- [nio-8080-exec-3] o.s.w.s.handler.SimpleUrlHandlerMapping  : Mapped to ResourceHttpRequestHandler [URL [file:frontend/], classpath [static/]]
2026-09-26T17:31:19.088+05:30 DEBUG 23996 --- [nio-8080-exec-3] o.s.w.s.r.ResourceHttpRequestHandler     : Resource not found
2026-09-26T17:31:19.090+05:30 DEBUG 23996 --- [nio-8080-exec-3] .m.m.a.ExceptionHandlerExceptionResolver : Using @ExceptionHandler com.stocksense.controller.GlobalExceptionHandler#handleGenericException(Exception)
2026-09-26T17:31:19.093+05:30 DEBUG 23996 --- [nio-8080-exec-3] o.s.w.s.m.m.a.HttpEntityMethodProcessor  : Using 'application/json;q=0.8', given [image/avif, image/webp, image/apng, image/svg+xml, image/*, */*;q=0.8] and supported [application/json, application/*+json]
2026-09-26T17:31:19.094+05:30 DEBUG 23996 --- [nio-8080-exec-3] o.s.w.s.m.m.a.HttpEntityMethodProcessor  : Writing [com.stocksense.dto.ErrorResponseDto@28bc78d3]
2026-09-26T17:31:19.094+05:30 DEBUG 23996 --- [nio-8080-exec-2] o.s.w.s.m.m.a.HttpEntityMethodProcessor  : Using 'application/json', given [*/*] and supported [application/json, application/*+json]
2026-09-26T17:31:19.097+05:30 DEBUG 23996 --- [nio-8080-exec-3] .m.m.a.ExceptionHandlerExceptionResolver : Resolved [org.springframework.web.servlet.resource.NoResourceFoundException: No static resource favicon.ico.]
2026-09-26T17:31:19.097+05:30 DEBUG 23996 --- [nio-8080-exec-2] o.s.w.s.m.m.a.HttpEntityMethodProcessor  : Writing [[com.stocksense.dto.ProductResponseDto@5d22a75d, com.stocksense.dto.ProductResponseDto@13c28be9, com (truncated)...]
2026-09-26T17:31:19.099+05:30 DEBUG 23996 --- [nio-8080-exec-3] o.s.web.servlet.DispatcherServlet        : Completed 500 INTERNAL_SERVER_ERROR
2026-09-26T17:31:19.111+05:30 DEBUG 23996 --- [nio-8080-exec-2] o.s.web.servlet.DispatcherServlet        : Completed 200 OK
2026-09-26T17:31:19.814+05:30 DEBUG 23996 --- [io-8080-exec-10] o.s.web.servlet.DispatcherServlet        : GET "/transfer.html", parameters={}
2026-09-26T17:31:19.814+05:30 DEBUG 23996 --- [io-8080-exec-10] o.s.w.s.handler.SimpleUrlHandlerMapping  : Mapped to ResourceHttpRequestHandler [URL [file:frontend/], classpath [static/]]
2026-09-26T17:31:19.824+05:30 DEBUG 23996 --- [io-8080-exec-10] o.s.web.servlet.DispatcherServlet        : Completed 200 OK
2026-09-26T17:31:19.849+05:30 DEBUG 23996 --- [nio-8080-exec-5] o.s.web.servlet.DispatcherServlet        : GET "/style.css", parameters={}
2026-09-26T17:31:19.853+05:30 DEBUG 23996 --- [nio-8080-exec-5] o.s.w.s.handler.SimpleUrlHandlerMapping  : Mapped to ResourceHttpRequestHandler [URL [file:frontend/], classpath [static/]]
2026-09-26T17:31:19.855+05:30 DEBUG 23996 --- [nio-8080-exec-5] o.s.web.servlet.DispatcherServlet        : Completed 200 OK
2026-09-26T17:31:19.866+05:30 DEBUG 23996 --- [nio-8080-exec-8] o.s.web.servlet.DispatcherServlet        : GET "/api.js", parameters={}
2026-09-26T17:31:19.868+05:30 DEBUG 23996 --- [nio-8080-exec-1] o.s.web.servlet.DispatcherServlet        : GET "/utils.js", parameters={}
2026-09-26T17:31:19.873+05:30 DEBUG 23996 --- [nio-8080-exec-8] o.s.w.s.handler.SimpleUrlHandlerMapping  : Mapped to ResourceHttpRequestHandler [URL [file:frontend/], classpath [static/]]
2026-09-26T17:31:19.875+05:30 DEBUG 23996 --- [nio-8080-exec-1] o.s.w.s.handler.SimpleUrlHandlerMapping  : Mapped to ResourceHttpRequestHandler [URL [file:frontend/], classpath [static/]]
2026-09-26T17:31:19.891+05:30 DEBUG 23996 --- [nio-8080-exec-8] o.s.web.servlet.DispatcherServlet        : Completed 200 OK
2026-09-26T17:31:19.896+05:30 DEBUG 23996 --- [nio-8080-exec-1] o.s.web.servlet.DispatcherServlet        : Completed 200 OK
2026-09-26T17:31:19.922+05:30 DEBUG 23996 --- [nio-8080-exec-9] o.s.web.servlet.DispatcherServlet        : GET "/products", parameters={}
2026-09-26T17:31:19.923+05:30 DEBUG 23996 --- [nio-8080-exec-4] o.s.web.servlet.DispatcherServlet        : GET "/locations", parameters={}
2026-09-26T17:31:19.926+05:30 DEBUG 23996 --- [nio-8080-exec-9] s.w.s.m.m.a.RequestMappingHandlerMapping : Mapped to com.stocksense.controller.ProductController#listProducts()
2026-09-26T17:31:19.930+05:30 DEBUG 23996 --- [nio-8080-exec-4] s.w.s.m.m.a.RequestMappingHandlerMapping : Mapped to com.stocksense.controller.LocationController#getAllLocations()
2026-09-26T17:31:19.950+05:30 DEBUG 23996 --- [nio-8080-exec-7] o.s.web.servlet.DispatcherServlet        : GET "/favicon.ico", parameters={}
2026-09-26T17:31:19.959+05:30 DEBUG 23996 --- [nio-8080-exec-7] o.s.w.s.handler.SimpleUrlHandlerMapping  : Mapped to ResourceHttpRequestHandler [URL [file:frontend/], classpath [static/]]
2026-09-26T17:31:19.964+05:30 DEBUG 23996 --- [nio-8080-exec-7] o.s.w.s.r.ResourceHttpRequestHandler     : Resource not found
2026-09-26T17:31:19.964+05:30 DEBUG 23996 --- [nio-8080-exec-9] org.hibernate.SQL                        : select p1_0.id,p1_0.category,p1_0.name,p1_0.sku,p1_0.unit_of_measure from products p1_0 order by p1_0.name
2026-09-26T17:31:19.964+05:30 DEBUG 23996 --- [nio-8080-exec-4] org.hibernate.SQL                        : select l1_0.id,l1_0.name from locations l1_0 order by l1_0.name
2026-09-26T17:31:19.964+05:30 DEBUG 23996 --- [nio-8080-exec-7] .m.m.a.ExceptionHandlerExceptionResolver : Using @ExceptionHandler com.stocksense.controller.GlobalExceptionHandler#handleGenericException(Exception)
2026-09-26T17:31:19.970+05:30 DEBUG 23996 --- [nio-8080-exec-7] o.s.w.s.m.m.a.HttpEntityMethodProcessor  : Using 'application/json;q=0.8', given [image/avif, image/webp, image/apng, image/svg+xml, image/*, */*;q=0.8] and supported [application/json, application/*+json]
2026-09-26T17:31:19.971+05:30 DEBUG 23996 --- [nio-8080-exec-7] o.s.w.s.m.m.a.HttpEntityMethodProcessor  : Writing [com.stocksense.dto.ErrorResponseDto@58fe0071]
2026-09-26T17:31:19.971+05:30 DEBUG 23996 --- [nio-8080-exec-4] o.s.w.s.m.m.a.HttpEntityMethodProcessor  : Using 'application/json', given [*/*] and supported [application/json, application/*+json]
2026-09-26T17:31:19.973+05:30 DEBUG 23996 --- [nio-8080-exec-9] org.hibernate.SQL                        : select sm1_0.product_id,cast(coalesce(sum(sm1_0.quantity_change),0) as integer) from stock_moves sm1_0 where sm1_0.status='CONFIRMED' group by sm1_0.product_id
2026-09-26T17:31:19.973+05:30 DEBUG 23996 --- [nio-8080-exec-4] o.s.w.s.m.m.a.HttpEntityMethodProcessor  : Writing [[com.stocksense.model.Location@20, com.stocksense.model.Location@40]]
2026-09-26T17:31:19.973+05:30 DEBUG 23996 --- [nio-8080-exec-7] .m.m.a.ExceptionHandlerExceptionResolver : Resolved [org.springframework.web.servlet.resource.NoResourceFoundException: No static resource favicon.ico.]
2026-09-26T17:31:19.977+05:30 DEBUG 23996 --- [nio-8080-exec-7] o.s.web.servlet.DispatcherServlet        : Completed 500 INTERNAL_SERVER_ERROR
2026-09-26T17:31:19.979+05:30 DEBUG 23996 --- [nio-8080-exec-4] o.s.web.servlet.DispatcherServlet        : Completed 200 OK
2026-09-26T17:31:19.986+05:30 DEBUG 23996 --- [nio-8080-exec-9] org.hibernate.SQL                        : select sm1_0.product_id,sm1_0.location_id,l1_0.name,cast(coalesce(sum(sm1_0.quantity_change),0) as integer) from stock_moves sm1_0 join locations l1_0 on l1_0.id=sm1_0.location_id where sm1_0.status='CONFIRMED' group by sm1_0.product_id,sm1_0.location_id,l1_0.name
2026-09-26T17:31:19.991+05:30 DEBUG 23996 --- [nio-8080-exec-9] o.s.w.s.m.m.a.HttpEntityMethodProcessor  : Using 'application/json', given [*/*] and supported [application/json, application/*+json]
2026-09-26T17:31:19.992+05:30 DEBUG 23996 --- [nio-8080-exec-9] o.s.w.s.m.m.a.HttpEntityMethodProcessor  : Writing [[com.stocksense.dto.ProductResponseDto@a7752ae, com.stocksense.dto.ProductResponseDto@23b36512, com. (truncated)...]
2026-09-26T17:31:19.996+05:30 DEBUG 23996 --- [nio-8080-exec-9] o.s.web.servlet.DispatcherServlet        : Completed 200 OK
2026-09-26T17:31:32.573+05:30 DEBUG 23996 --- [nio-8080-exec-6] o.s.web.servlet.DispatcherServlet        : POST "/moves/transfer", parameters={}
2026-09-26T17:31:32.573+05:30 DEBUG 23996 --- [nio-8080-exec-6] s.w.s.m.m.a.RequestMappingHandlerMapping : Mapped to com.stocksense.controller.StockMoveController#recordTransfer(TransferRequestDto)
2026-09-26T17:31:32.584+05:30 DEBUG 23996 --- [nio-8080-exec-6] m.m.a.RequestResponseBodyMethodProcessor : Read "application/json;charset=UTF-8" to [com.stocksense.dto.TransferRequestDto@5bf7f3f6]
2026-09-26T17:31:32.615+05:30 DEBUG 23996 --- [nio-8080-exec-6] org.hibernate.SQL                        : select p1_0.id,p1_0.category,p1_0.name,p1_0.sku,p1_0.unit_of_measure from products p1_0 where p1_0.id=?
2026-09-26T17:31:32.620+05:30 DEBUG 23996 --- [nio-8080-exec-6] org.hibernate.SQL                        : select l1_0.id,l1_0.name from locations l1_0 where l1_0.id=?
2026-09-26T17:31:32.624+05:30 DEBUG 23996 --- [nio-8080-exec-6] org.hibernate.SQL                        : select l1_0.id,l1_0.name from locations l1_0 where l1_0.id=?
2026-09-26T17:31:32.635+05:30 DEBUG 23996 --- [nio-8080-exec-6] org.hibernate.SQL                        : select coalesce(sum(sm1_0.quantity_change),0) from stock_moves sm1_0 where sm1_0.product_id=? and sm1_0.location_id=? and sm1_0.status='CONFIRMED'
2026-09-26T17:31:32.644+05:30 DEBUG 23996 --- [nio-8080-exec-6] org.hibernate.SQL                        : insert into stock_moves (location_id,move_type,note,product_id,quantity_change,status,supplier_name,timestamp,id) values (?,?,?,?,?,?,?,?,default)
2026-09-26T17:31:32.648+05:30 DEBUG 23996 --- [nio-8080-exec-6] org.hibernate.SQL                        : insert into stock_moves (location_id,move_type,note,product_id,quantity_change,status,supplier_name,timestamp,id) values (?,?,?,?,?,?,?,?,default)
2026-09-26T17:31:32.660+05:30 DEBUG 23996 --- [nio-8080-exec-6] o.s.w.s.m.m.a.HttpEntityMethodProcessor  : Using 'application/json', given [*/*] and supported [application/json, application/*+json]
2026-09-26T17:31:32.662+05:30 DEBUG 23996 --- [nio-8080-exec-6] o.s.w.s.m.m.a.HttpEntityMethodProcessor  : Writing [[com.stocksense.dto.StockMoveResponseDto@e9c199f, com.stocksense.dto.StockMoveResponseDto@9de604]]
2026-09-26T17:31:32.665+05:30 DEBUG 23996 --- [nio-8080-exec-6] o.s.web.servlet.DispatcherServlet        : Completed 201 CREATED
2026-09-26T17:31:36.115+05:30 DEBUG 23996 --- [nio-8080-exec-3] o.s.web.servlet.DispatcherServlet        : GET "/settings.html", parameters={}
2026-09-26T17:31:36.119+05:30 DEBUG 23996 --- [nio-8080-exec-3] o.s.w.s.handler.SimpleUrlHandlerMapping  : Mapped to ResourceHttpRequestHandler [URL [file:frontend/], classpath [static/]]
2026-09-26T17:31:36.128+05:30 DEBUG 23996 --- [nio-8080-exec-3] o.s.web.servlet.DispatcherServlet        : Completed 200 OK
2026-09-26T17:31:36.152+05:30 DEBUG 23996 --- [nio-8080-exec-2] o.s.web.servlet.DispatcherServlet        : GET "/style.css", parameters={}
2026-09-26T17:31:36.152+05:30 DEBUG 23996 --- [nio-8080-exec-2] o.s.w.s.handler.SimpleUrlHandlerMapping  : Mapped to ResourceHttpRequestHandler [URL [file:frontend/], classpath [static/]]
2026-09-26T17:31:36.156+05:30 DEBUG 23996 --- [nio-8080-exec-2] o.s.web.servlet.DispatcherServlet        : Completed 200 OK
2026-09-26T17:31:36.165+05:30 DEBUG 23996 --- [io-8080-exec-10] o.s.web.servlet.DispatcherServlet        : GET "/api.js", parameters={}
2026-09-26T17:31:36.171+05:30 DEBUG 23996 --- [nio-8080-exec-5] o.s.web.servlet.DispatcherServlet        : GET "/utils.js", parameters={}
2026-09-26T17:31:36.173+05:30 DEBUG 23996 --- [io-8080-exec-10] o.s.w.s.handler.SimpleUrlHandlerMapping  : Mapped to ResourceHttpRequestHandler [URL [file:frontend/], classpath [static/]]
2026-09-26T17:31:36.174+05:30 DEBUG 23996 --- [nio-8080-exec-5] o.s.w.s.handler.SimpleUrlHandlerMapping  : Mapped to ResourceHttpRequestHandler [URL [file:frontend/], classpath [static/]]
2026-09-26T17:31:36.180+05:30 DEBUG 23996 --- [io-8080-exec-10] o.s.web.servlet.DispatcherServlet        : Completed 200 OK
2026-09-26T17:31:36.185+05:30 DEBUG 23996 --- [nio-8080-exec-5] o.s.web.servlet.DispatcherServlet        : Completed 200 OK
2026-09-26T17:31:36.212+05:30 DEBUG 23996 --- [nio-8080-exec-8] o.s.web.servlet.DispatcherServlet        : GET "/locations", parameters={}
2026-09-26T17:31:36.216+05:30 DEBUG 23996 --- [nio-8080-exec-8] s.w.s.m.m.a.RequestMappingHandlerMapping : Mapped to com.stocksense.controller.LocationController#getAllLocations()
2026-09-26T17:31:36.233+05:30 DEBUG 23996 --- [nio-8080-exec-8] org.hibernate.SQL                        : select l1_0.id,l1_0.name from locations l1_0 order by l1_0.name
2026-09-26T17:31:36.243+05:30 DEBUG 23996 --- [nio-8080-exec-1] o.s.web.servlet.DispatcherServlet        : GET "/favicon.ico", parameters={}
2026-09-26T17:31:36.245+05:30 DEBUG 23996 --- [nio-8080-exec-1] o.s.w.s.handler.SimpleUrlHandlerMapping  : Mapped to ResourceHttpRequestHandler [URL [file:frontend/], classpath [static/]]
2026-09-26T17:31:36.254+05:30 DEBUG 23996 --- [nio-8080-exec-8] o.s.w.s.m.m.a.HttpEntityMethodProcessor  : Using 'application/json', given [*/*] and supported [application/json, application/*+json]
2026-09-26T17:31:36.254+05:30 DEBUG 23996 --- [nio-8080-exec-1] o.s.w.s.r.ResourceHttpRequestHandler     : Resource not found
2026-09-26T17:31:36.255+05:30 DEBUG 23996 --- [nio-8080-exec-8] o.s.w.s.m.m.a.HttpEntityMethodProcessor  : Writing [[com.stocksense.model.Location@20, com.stocksense.model.Location@40]]
2026-09-26T17:31:36.255+05:30 DEBUG 23996 --- [nio-8080-exec-1] .m.m.a.ExceptionHandlerExceptionResolver : Using @ExceptionHandler com.stocksense.controller.GlobalExceptionHandler#handleGenericException(Exception)
2026-09-26T17:31:36.256+05:30 DEBUG 23996 --- [nio-8080-exec-8] o.s.web.servlet.DispatcherServlet        : Completed 200 OK
2026-09-26T17:31:36.256+05:30 DEBUG 23996 --- [nio-8080-exec-1] o.s.w.s.m.m.a.HttpEntityMethodProcessor  : Using 'application/json;q=0.8', given [image/avif, image/webp, image/apng, image/svg+xml, image/*, */*;q=0.8] and supported [application/json, application/*+json]
2026-09-26T17:31:36.258+05:30 DEBUG 23996 --- [nio-8080-exec-1] o.s.w.s.m.m.a.HttpEntityMethodProcessor  : Writing [com.stocksense.dto.ErrorResponseDto@5cc2a6ec]
2026-09-26T17:31:36.260+05:30 DEBUG 23996 --- [nio-8080-exec-1] .m.m.a.ExceptionHandlerExceptionResolver : Resolved [org.springframework.web.servlet.resource.NoResourceFoundException: No static resource favicon.ico.]
2026-09-26T17:31:36.261+05:30 DEBUG 23996 --- [nio-8080-exec-1] o.s.web.servlet.DispatcherServlet        : Completed 500 INTERNAL_SERVER_ERROR
2026-09-26T17:31:44.902+05:30 DEBUG 23996 --- [nio-8080-exec-7] o.s.web.servlet.DispatcherServlet        : GET "/profile.html", parameters={}
2026-09-26T17:31:44.902+05:30 DEBUG 23996 --- [nio-8080-exec-7] o.s.w.s.handler.SimpleUrlHandlerMapping  : Mapped to ResourceHttpRequestHandler [URL [file:frontend/], classpath [static/]]
2026-09-26T17:31:44.914+05:30 DEBUG 23996 --- [nio-8080-exec-7] o.s.web.servlet.DispatcherServlet        : Completed 200 OK
2026-09-26T17:31:44.938+05:30 DEBUG 23996 --- [nio-8080-exec-4] o.s.web.servlet.DispatcherServlet        : GET "/style.css", parameters={}
2026-09-26T17:31:44.940+05:30 DEBUG 23996 --- [nio-8080-exec-4] o.s.w.s.handler.SimpleUrlHandlerMapping  : Mapped to ResourceHttpRequestHandler [URL [file:frontend/], classpath [static/]]
2026-09-26T17:31:44.951+05:30 DEBUG 23996 --- [nio-8080-exec-4] o.s.web.servlet.DispatcherServlet        : Completed 200 OK
2026-09-26T17:31:44.964+05:30 DEBUG 23996 --- [nio-8080-exec-9] o.s.web.servlet.DispatcherServlet        : GET "/api.js", parameters={}
2026-09-26T17:31:44.964+05:30 DEBUG 23996 --- [nio-8080-exec-6] o.s.web.servlet.DispatcherServlet        : GET "/utils.js", parameters={}
2026-09-26T17:31:44.966+05:30 DEBUG 23996 --- [nio-8080-exec-9] o.s.w.s.handler.SimpleUrlHandlerMapping  : Mapped to ResourceHttpRequestHandler [URL [file:frontend/], classpath [static/]]
2026-09-26T17:31:44.966+05:30 DEBUG 23996 --- [nio-8080-exec-6] o.s.w.s.handler.SimpleUrlHandlerMapping  : Mapped to ResourceHttpRequestHandler [URL [file:frontend/], classpath [static/]]
2026-09-26T17:31:44.972+05:30 DEBUG 23996 --- [nio-8080-exec-6] o.s.web.servlet.DispatcherServlet        : Completed 200 OK
2026-09-26T17:31:44.974+05:30 DEBUG 23996 --- [nio-8080-exec-9] o.s.web.servlet.DispatcherServlet        : Completed 200 OK
2026-09-26T17:31:45.000+05:30 DEBUG 23996 --- [nio-8080-exec-3] o.s.web.servlet.DispatcherServlet        : GET "/auth/me", parameters={}
2026-09-26T17:31:45.007+05:30 DEBUG 23996 --- [nio-8080-exec-3] s.w.s.m.m.a.RequestMappingHandlerMapping : Mapped to com.stocksense.controller.AuthController#getCurrentUser(String)
2026-09-26T17:31:45.022+05:30 DEBUG 23996 --- [nio-8080-exec-2] o.s.web.servlet.DispatcherServlet        : GET "/favicon.ico", parameters={}
2026-09-26T17:31:45.024+05:30 DEBUG 23996 --- [nio-8080-exec-2] o.s.w.s.handler.SimpleUrlHandlerMapping  : Mapped to ResourceHttpRequestHandler [URL [file:frontend/], classpath [static/]]
2026-09-26T17:31:45.029+05:30 DEBUG 23996 --- [nio-8080-exec-2] o.s.w.s.r.ResourceHttpRequestHandler     : Resource not found
2026-09-26T17:31:45.034+05:30 DEBUG 23996 --- [nio-8080-exec-2] .m.m.a.ExceptionHandlerExceptionResolver : Using @ExceptionHandler com.stocksense.controller.GlobalExceptionHandler#handleGenericException(Exception)
2026-09-26T17:31:45.036+05:30 DEBUG 23996 --- [nio-8080-exec-2] o.s.w.s.m.m.a.HttpEntityMethodProcessor  : Using 'application/json;q=0.8', given [image/avif, image/webp, image/apng, image/svg+xml, image/*, */*;q=0.8] and supported [application/json, application/*+json]
2026-09-26T17:31:45.036+05:30 DEBUG 23996 --- [nio-8080-exec-2] o.s.w.s.m.m.a.HttpEntityMethodProcessor  : Writing [com.stocksense.dto.ErrorResponseDto@5d3bc77e]
2026-09-26T17:31:45.039+05:30 DEBUG 23996 --- [nio-8080-exec-2] .m.m.a.ExceptionHandlerExceptionResolver : Resolved [org.springframework.web.servlet.resource.NoResourceFoundException: No static resource favicon.ico.]
2026-09-26T17:31:45.041+05:30 DEBUG 23996 --- [nio-8080-exec-2] o.s.web.servlet.DispatcherServlet        : Completed 500 INTERNAL_SERVER_ERROR
2026-09-26T17:31:45.115+05:30 DEBUG 23996 --- [nio-8080-exec-3] org.hibernate.SQL                        : select u1_0.id,u1_0.created_at,u1_0.email,u1_0.password_hash from users u1_0 where upper(u1_0.email)=upper(?)
2026-09-26T17:31:45.122+05:30 DEBUG 23996 --- [nio-8080-exec-3] o.s.w.s.m.m.a.HttpEntityMethodProcessor  : Using 'application/json', given [*/*] and supported [application/json, application/*+json]
2026-09-26T17:31:45.122+05:30 DEBUG 23996 --- [nio-8080-exec-3] o.s.w.s.m.m.a.HttpEntityMethodProcessor  : Writing [{created_at=2026-09-26T16:22:16.784362, email=vjkingv7@gmail.com, id=34}]
2026-09-26T17:31:45.129+05:30 DEBUG 23996 --- [nio-8080-exec-3] o.s.web.servlet.DispatcherServlet        : Completed 200 OK
2026-09-26T17:31:51.571+05:30 DEBUG 23996 --- [io-8080-exec-10] o.s.web.servlet.DispatcherServlet        : GET "/adjustment.html", parameters={}
2026-09-26T17:31:51.574+05:30 DEBUG 23996 --- [io-8080-exec-10] o.s.w.s.handler.SimpleUrlHandlerMapping  : Mapped to ResourceHttpRequestHandler [URL [file:frontend/], classpath [static/]]
2026-09-26T17:31:51.580+05:30 DEBUG 23996 --- [io-8080-exec-10] o.s.web.servlet.DispatcherServlet        : Completed 200 OK
2026-09-26T17:31:51.602+05:30 DEBUG 23996 --- [nio-8080-exec-5] o.s.web.servlet.DispatcherServlet        : GET "/style.css", parameters={}
2026-09-26T17:31:51.602+05:30 DEBUG 23996 --- [nio-8080-exec-5] o.s.w.s.handler.SimpleUrlHandlerMapping  : Mapped to ResourceHttpRequestHandler [URL [file:frontend/], classpath [static/]]
2026-09-26T17:31:51.609+05:30 DEBUG 23996 --- [nio-8080-exec-5] o.s.web.servlet.DispatcherServlet        : Completed 200 OK
2026-09-26T17:31:51.619+05:30 DEBUG 23996 --- [nio-8080-exec-8] o.s.web.servlet.DispatcherServlet        : GET "/api.js", parameters={}
2026-09-26T17:31:51.620+05:30 DEBUG 23996 --- [nio-8080-exec-1] o.s.web.servlet.DispatcherServlet        : GET "/utils.js", parameters={}
2026-09-26T17:31:51.620+05:30 DEBUG 23996 --- [nio-8080-exec-8] o.s.w.s.handler.SimpleUrlHandlerMapping  : Mapped to ResourceHttpRequestHandler [URL [file:frontend/], classpath [static/]]
2026-09-26T17:31:51.620+05:30 DEBUG 23996 --- [nio-8080-exec-1] o.s.w.s.handler.SimpleUrlHandlerMapping  : Mapped to ResourceHttpRequestHandler [URL [file:frontend/], classpath [static/]]
2026-09-26T17:31:51.624+05:30 DEBUG 23996 --- [nio-8080-exec-8] o.s.web.servlet.DispatcherServlet        : Completed 200 OK
2026-09-26T17:31:51.633+05:30 DEBUG 23996 --- [nio-8080-exec-1] o.s.web.servlet.DispatcherServlet        : Completed 200 OK
2026-09-26T17:31:51.654+05:30 DEBUG 23996 --- [nio-8080-exec-4] o.s.web.servlet.DispatcherServlet        : GET "/locations", parameters={}
2026-09-26T17:31:51.654+05:30 DEBUG 23996 --- [nio-8080-exec-7] o.s.web.servlet.DispatcherServlet        : GET "/products", parameters={}
2026-09-26T17:31:51.655+05:30 DEBUG 23996 --- [nio-8080-exec-4] s.w.s.m.m.a.RequestMappingHandlerMapping : Mapped to com.stocksense.controller.LocationController#getAllLocations()
2026-09-26T17:31:51.657+05:30 DEBUG 23996 --- [nio-8080-exec-7] s.w.s.m.m.a.RequestMappingHandlerMapping : Mapped to com.stocksense.controller.ProductController#listProducts()
2026-09-26T17:31:51.671+05:30 DEBUG 23996 --- [nio-8080-exec-7] org.hibernate.SQL                        : select p1_0.id,p1_0.category,p1_0.name,p1_0.sku,p1_0.unit_of_measure from products p1_0 order by p1_0.name
2026-09-26T17:31:51.684+05:30 DEBUG 23996 --- [nio-8080-exec-7] org.hibernate.SQL                        : select sm1_0.product_id,cast(coalesce(sum(sm1_0.quantity_change),0) as integer) from stock_moves sm1_0 where sm1_0.status='CONFIRMED' group by sm1_0.product_id
2026-09-26T17:31:51.703+05:30 DEBUG 23996 --- [nio-8080-exec-4] org.hibernate.SQL                        : select l1_0.id,l1_0.name from locations l1_0 order by l1_0.name
2026-09-26T17:31:51.703+05:30 DEBUG 23996 --- [nio-8080-exec-6] o.s.web.servlet.DispatcherServlet        : GET "/favicon.ico", parameters={}
2026-09-26T17:31:51.705+05:30 DEBUG 23996 --- [nio-8080-exec-6] o.s.w.s.handler.SimpleUrlHandlerMapping  : Mapped to ResourceHttpRequestHandler [URL [file:frontend/], classpath [static/]]
2026-09-26T17:31:51.705+05:30 DEBUG 23996 --- [nio-8080-exec-7] org.hibernate.SQL                        : select sm1_0.product_id,sm1_0.location_id,l1_0.name,cast(coalesce(sum(sm1_0.quantity_change),0) as integer) from stock_moves sm1_0 join locations l1_0 on l1_0.id=sm1_0.location_id where sm1_0.status='CONFIRMED' group by sm1_0.product_id,sm1_0.location_id,l1_0.name
2026-09-26T17:31:51.705+05:30 DEBUG 23996 --- [nio-8080-exec-4] o.s.w.s.m.m.a.HttpEntityMethodProcessor  : Using 'application/json', given [*/*] and supported [application/json, application/*+json]
2026-09-26T17:31:51.705+05:30 DEBUG 23996 --- [nio-8080-exec-6] o.s.w.s.r.ResourceHttpRequestHandler     : Resource not found
2026-09-26T17:31:51.705+05:30 DEBUG 23996 --- [nio-8080-exec-4] o.s.w.s.m.m.a.HttpEntityMethodProcessor  : Writing [[com.stocksense.model.Location@20, com.stocksense.model.Location@40]]
2026-09-26T17:31:51.705+05:30 DEBUG 23996 --- [nio-8080-exec-6] .m.m.a.ExceptionHandlerExceptionResolver : Using @ExceptionHandler com.stocksense.controller.GlobalExceptionHandler#handleGenericException(Exception)
2026-09-26T17:31:51.709+05:30 DEBUG 23996 --- [nio-8080-exec-4] o.s.web.servlet.DispatcherServlet        : Completed 200 OK
2026-09-26T17:31:51.709+05:30 DEBUG 23996 --- [nio-8080-exec-6] o.s.w.s.m.m.a.HttpEntityMethodProcessor  : Using 'application/json;q=0.8', given [image/avif, image/webp, image/apng, image/svg+xml, image/*, */*;q=0.8] and supported [application/json, application/*+json]
2026-09-26T17:31:51.712+05:30 DEBUG 23996 --- [nio-8080-exec-6] o.s.w.s.m.m.a.HttpEntityMethodProcessor  : Writing [com.stocksense.dto.ErrorResponseDto@577d9a2e]
2026-09-26T17:31:51.713+05:30 DEBUG 23996 --- [nio-8080-exec-6] .m.m.a.ExceptionHandlerExceptionResolver : Resolved [org.springframework.web.servlet.resource.NoResourceFoundException: No static resource favicon.ico.]
2026-09-26T17:31:51.713+05:30 DEBUG 23996 --- [nio-8080-exec-6] o.s.web.servlet.DispatcherServlet        : Completed 500 INTERNAL_SERVER_ERROR
2026-09-26T17:31:51.723+05:30 DEBUG 23996 --- [nio-8080-exec-7] o.s.w.s.m.m.a.HttpEntityMethodProcessor  : Using 'application/json', given [*/*] and supported [application/json, application/*+json]
2026-09-26T17:31:51.725+05:30 DEBUG 23996 --- [nio-8080-exec-7] o.s.w.s.m.m.a.HttpEntityMethodProcessor  : Writing [[com.stocksense.dto.ProductResponseDto@2813f5ed, com.stocksense.dto.ProductResponseDto@f4fc663, com. (truncated)...]
2026-09-26T17:31:51.729+05:30 DEBUG 23996 --- [nio-8080-exec-7] o.s.web.servlet.DispatcherServlet        : Completed 200 OK
2026-09-26T17:32:11.122+05:30 DEBUG 23996 --- [nio-8080-exec-9] o.s.web.servlet.DispatcherServlet        : POST "/moves/adjustment", parameters={}
2026-09-26T17:32:11.124+05:30 DEBUG 23996 --- [nio-8080-exec-9] s.w.s.m.m.a.RequestMappingHandlerMapping : Mapped to com.stocksense.controller.StockMoveController#recordAdjustment(AdjustmentRequestDto)
2026-09-26T17:32:11.156+05:30 DEBUG 23996 --- [nio-8080-exec-9] m.m.a.RequestResponseBodyMethodProcessor : Read "application/json;charset=UTF-8" to [com.stocksense.dto.AdjustmentRequestDto@5e1b398f]
2026-09-26T17:32:11.187+05:30 DEBUG 23996 --- [nio-8080-exec-9] org.hibernate.SQL                        : select p1_0.id,p1_0.category,p1_0.name,p1_0.sku,p1_0.unit_of_measure from products p1_0 where p1_0.id=?
2026-09-26T17:32:11.199+05:30 DEBUG 23996 --- [nio-8080-exec-9] org.hibernate.SQL                        : select l1_0.id,l1_0.name from locations l1_0 where l1_0.id=?
2026-09-26T17:32:11.213+05:30 DEBUG 23996 --- [nio-8080-exec-9] org.hibernate.SQL                        : select coalesce(sum(sm1_0.quantity_change),0) from stock_moves sm1_0 where sm1_0.product_id=? and sm1_0.location_id=? and sm1_0.status='CONFIRMED'
2026-09-26T17:32:11.218+05:30 DEBUG 23996 --- [nio-8080-exec-9] org.hibernate.SQL                        : insert into stock_moves (location_id,move_type,note,product_id,quantity_change,status,supplier_name,timestamp,id) values (?,?,?,?,?,?,?,?,default)
2026-09-26T17:32:11.230+05:30 DEBUG 23996 --- [nio-8080-exec-9] o.s.w.s.m.m.a.HttpEntityMethodProcessor  : Using 'application/json', given [*/*] and supported [application/json, application/*+json]
2026-09-26T17:32:11.233+05:30 DEBUG 23996 --- [nio-8080-exec-9] o.s.w.s.m.m.a.HttpEntityMethodProcessor  : Writing [com.stocksense.dto.StockMoveResponseDto@746e0037]
2026-09-26T17:32:11.235+05:30 DEBUG 23996 --- [nio-8080-exec-9] o.s.web.servlet.DispatcherServlet        : Completed 201 CREATED
2026-09-26T17:32:20.045+05:30 DEBUG 23996 --- [nio-8080-exec-2] o.s.web.servlet.DispatcherServlet        : GET "/index.html", parameters={}
2026-09-26T17:32:20.048+05:30 DEBUG 23996 --- [nio-8080-exec-2] o.s.w.s.handler.SimpleUrlHandlerMapping  : Mapped to ResourceHttpRequestHandler [URL [file:frontend/], classpath [static/]]
2026-09-26T17:32:20.052+05:30 DEBUG 23996 --- [nio-8080-exec-2] o.s.web.servlet.DispatcherServlet        : Completed 200 OK
2026-09-26T17:32:20.080+05:30 DEBUG 23996 --- [nio-8080-exec-3] o.s.web.servlet.DispatcherServlet        : GET "/style.css", parameters={}
2026-09-26T17:32:20.083+05:30 DEBUG 23996 --- [nio-8080-exec-3] o.s.w.s.handler.SimpleUrlHandlerMapping  : Mapped to ResourceHttpRequestHandler [URL [file:frontend/], classpath [static/]]
2026-09-26T17:32:20.088+05:30 DEBUG 23996 --- [nio-8080-exec-3] o.s.web.servlet.DispatcherServlet        : Completed 200 OK
2026-09-26T17:32:20.113+05:30 DEBUG 23996 --- [io-8080-exec-10] o.s.web.servlet.DispatcherServlet        : GET "/api.js", parameters={}
2026-09-26T17:32:20.117+05:30 DEBUG 23996 --- [io-8080-exec-10] o.s.w.s.handler.SimpleUrlHandlerMapping  : Mapped to ResourceHttpRequestHandler [URL [file:frontend/], classpath [static/]]
2026-09-26T17:32:20.125+05:30 DEBUG 23996 --- [io-8080-exec-10] o.s.web.servlet.DispatcherServlet        : Completed 200 OK
2026-09-26T17:32:20.118+05:30 DEBUG 23996 --- [nio-8080-exec-5] o.s.web.servlet.DispatcherServlet        : GET "/utils.js", parameters={}
2026-09-26T17:32:20.134+05:30 DEBUG 23996 --- [nio-8080-exec-5] o.s.w.s.handler.SimpleUrlHandlerMapping  : Mapped to ResourceHttpRequestHandler [URL [file:frontend/], classpath [static/]]
2026-09-26T17:32:20.142+05:30 DEBUG 23996 --- [nio-8080-exec-5] o.s.web.servlet.DispatcherServlet        : Completed 200 OK
2026-09-26T17:32:20.175+05:30 DEBUG 23996 --- [nio-8080-exec-8] o.s.web.servlet.DispatcherServlet        : GET "/dashboard", parameters={}
2026-09-26T17:32:20.177+05:30 DEBUG 23996 --- [nio-8080-exec-1] o.s.web.servlet.DispatcherServlet        : GET "/products", parameters={}
2026-09-26T17:32:20.181+05:30 DEBUG 23996 --- [nio-8080-exec-1] s.w.s.m.m.a.RequestMappingHandlerMapping : Mapped to com.stocksense.controller.ProductController#listProducts()
2026-09-26T17:32:20.183+05:30 DEBUG 23996 --- [nio-8080-exec-8] s.w.s.m.m.a.RequestMappingHandlerMapping : Mapped to com.stocksense.controller.DashboardController#getDashboard()
2026-09-26T17:32:20.188+05:30 DEBUG 23996 --- [nio-8080-exec-4] o.s.web.servlet.DispatcherServlet        : GET "/favicon.ico", parameters={}
2026-09-26T17:32:20.192+05:30 DEBUG 23996 --- [nio-8080-exec-4] o.s.w.s.handler.SimpleUrlHandlerMapping  : Mapped to ResourceHttpRequestHandler [URL [file:frontend/], classpath [static/]]
2026-09-26T17:32:20.194+05:30 DEBUG 23996 --- [nio-8080-exec-1] org.hibernate.SQL                        : select p1_0.id,p1_0.category,p1_0.name,p1_0.sku,p1_0.unit_of_measure from products p1_0 order by p1_0.name
2026-09-26T17:32:20.196+05:30 DEBUG 23996 --- [nio-8080-exec-8] org.hibernate.SQL                        : select p1_0.id,p1_0.category,p1_0.name,p1_0.sku,p1_0.unit_of_measure from products p1_0 order by p1_0.name
2026-09-26T17:32:20.198+05:30 DEBUG 23996 --- [nio-8080-exec-4] o.s.w.s.r.ResourceHttpRequestHandler     : Resource not found
2026-09-26T17:32:20.199+05:30 DEBUG 23996 --- [nio-8080-exec-4] .m.m.a.ExceptionHandlerExceptionResolver : Using @ExceptionHandler com.stocksense.controller.GlobalExceptionHandler#handleGenericException(Exception)
2026-09-26T17:32:20.205+05:30 DEBUG 23996 --- [nio-8080-exec-4] o.s.w.s.m.m.a.HttpEntityMethodProcessor  : Using 'application/json;q=0.8', given [image/avif, image/webp, image/apng, image/svg+xml, image/*, */*;q=0.8] and supported [application/json, application/*+json]
2026-09-26T17:32:20.200+05:30 DEBUG 23996 --- [nio-8080-exec-1] org.hibernate.SQL                        : select sm1_0.product_id,cast(coalesce(sum(sm1_0.quantity_change),0) as integer) from stock_moves sm1_0 where sm1_0.status='CONFIRMED' group by sm1_0.product_id
2026-09-26T17:32:20.205+05:30 DEBUG 23996 --- [nio-8080-exec-4] o.s.w.s.m.m.a.HttpEntityMethodProcessor  : Writing [com.stocksense.dto.ErrorResponseDto@34be6eb1]
2026-09-26T17:32:20.207+05:30 DEBUG 23996 --- [nio-8080-exec-8] org.hibernate.SQL                        : select sm1_0.product_id,cast(coalesce(sum(sm1_0.quantity_change),0) as integer) from stock_moves sm1_0 where sm1_0.status='CONFIRMED' group by sm1_0.product_id
2026-09-26T17:32:20.207+05:30 DEBUG 23996 --- [nio-8080-exec-4] .m.m.a.ExceptionHandlerExceptionResolver : Resolved [org.springframework.web.servlet.resource.NoResourceFoundException: No static resource favicon.ico.]
2026-09-26T17:32:20.209+05:30 DEBUG 23996 --- [nio-8080-exec-4] o.s.web.servlet.DispatcherServlet        : Completed 500 INTERNAL_SERVER_ERROR
2026-09-26T17:32:20.217+05:30 DEBUG 23996 --- [nio-8080-exec-8] org.hibernate.SQL                        : select sm1_0.product_id,sm1_0.location_id,l1_0.name,cast(coalesce(sum(sm1_0.quantity_change),0) as integer) from stock_moves sm1_0 join locations l1_0 on l1_0.id=sm1_0.location_id where sm1_0.status='CONFIRMED' group by sm1_0.product_id,sm1_0.location_id,l1_0.name
2026-09-26T17:32:20.229+05:30 DEBUG 23996 --- [nio-8080-exec-1] org.hibernate.SQL                        : select sm1_0.product_id,sm1_0.location_id,l1_0.name,cast(coalesce(sum(sm1_0.quantity_change),0) as integer) from stock_moves sm1_0 join locations l1_0 on l1_0.id=sm1_0.location_id where sm1_0.status='CONFIRMED' group by sm1_0.product_id,sm1_0.location_id,l1_0.name
2026-09-26T17:32:20.235+05:30 DEBUG 23996 --- [nio-8080-exec-1] o.s.w.s.m.m.a.HttpEntityMethodProcessor  : Using 'application/json', given [*/*] and supported [application/json, application/*+json]
2026-09-26T17:32:20.237+05:30 DEBUG 23996 --- [nio-8080-exec-1] o.s.w.s.m.m.a.HttpEntityMethodProcessor  : Writing [[com.stocksense.dto.ProductResponseDto@43b9241f, com.stocksense.dto.ProductResponseDto@7216af17, com (truncated)...]
2026-09-26T17:32:20.240+05:30 DEBUG 23996 --- [nio-8080-exec-8] org.hibernate.SQL                        : select count(sm1_0.id) from stock_moves sm1_0 where sm1_0.status=? and sm1_0.move_type=?
2026-09-26T17:32:20.240+05:30 DEBUG 23996 --- [nio-8080-exec-1] o.s.web.servlet.DispatcherServlet        : Completed 200 OK
2026-09-26T17:32:20.247+05:30 DEBUG 23996 --- [nio-8080-exec-8] org.hibernate.SQL                        : select count(sm1_0.id) from stock_moves sm1_0 where sm1_0.status=? and sm1_0.move_type=?
2026-09-26T17:32:20.255+05:30 DEBUG 23996 --- [nio-8080-exec-8] o.s.w.s.m.m.a.HttpEntityMethodProcessor  : Using 'application/json', given [*/*] and supported [application/json, application/*+json]
2026-09-26T17:32:20.257+05:30 DEBUG 23996 --- [nio-8080-exec-8] o.s.w.s.m.m.a.HttpEntityMethodProcessor  : Writing [com.stocksense.dto.DashboardResponseDto@77687b1a]
2026-09-26T17:32:20.260+05:30 DEBUG 23996 --- [nio-8080-exec-8] o.s.web.servlet.DispatcherServlet        : Completed 200 OK
2026-09-26T17:32:50.160+05:30 DEBUG 23996 --- [nio-8080-exec-6] o.s.web.servlet.DispatcherServlet        : GET "/dashboard", parameters={}
2026-09-26T17:32:50.160+05:30 DEBUG 23996 --- [nio-8080-exec-7] o.s.web.servlet.DispatcherServlet        : GET "/products", parameters={}
2026-09-26T17:32:50.160+05:30 DEBUG 23996 --- [nio-8080-exec-6] s.w.s.m.m.a.RequestMappingHandlerMapping : Mapped to com.stocksense.controller.DashboardController#getDashboard()
2026-09-26T17:32:50.166+05:30 DEBUG 23996 --- [nio-8080-exec-7] s.w.s.m.m.a.RequestMappingHandlerMapping : Mapped to com.stocksense.controller.ProductController#listProducts()
2026-09-26T17:32:50.174+05:30 DEBUG 23996 --- [nio-8080-exec-7] org.hibernate.SQL                        : select p1_0.id,p1_0.category,p1_0.name,p1_0.sku,p1_0.unit_of_measure from products p1_0 order by p1_0.name
2026-09-26T17:32:50.174+05:30 DEBUG 23996 --- [nio-8080-exec-6] org.hibernate.SQL                        : select p1_0.id,p1_0.category,p1_0.name,p1_0.sku,p1_0.unit_of_measure from products p1_0 order by p1_0.name
2026-09-26T17:32:50.185+05:30 DEBUG 23996 --- [nio-8080-exec-6] org.hibernate.SQL                        : select sm1_0.product_id,cast(coalesce(sum(sm1_0.quantity_change),0) as integer) from stock_moves sm1_0 where sm1_0.status='CONFIRMED' group by sm1_0.product_id
2026-09-26T17:32:50.185+05:30 DEBUG 23996 --- [nio-8080-exec-7] org.hibernate.SQL                        : select sm1_0.product_id,cast(coalesce(sum(sm1_0.quantity_change),0) as integer) from stock_moves sm1_0 where sm1_0.status='CONFIRMED' group by sm1_0.product_id
2026-09-26T17:32:50.189+05:30 DEBUG 23996 --- [nio-8080-exec-7] org.hibernate.SQL                        : select sm1_0.product_id,sm1_0.location_id,l1_0.name,cast(coalesce(sum(sm1_0.quantity_change),0) as integer) from stock_moves sm1_0 join locations l1_0 on l1_0.id=sm1_0.location_id where sm1_0.status='CONFIRMED' group by sm1_0.product_id,sm1_0.location_id,l1_0.name
2026-09-26T17:32:50.189+05:30 DEBUG 23996 --- [nio-8080-exec-6] org.hibernate.SQL                        : select sm1_0.product_id,sm1_0.location_id,l1_0.name,cast(coalesce(sum(sm1_0.quantity_change),0) as integer) from stock_moves sm1_0 join locations l1_0 on l1_0.id=sm1_0.location_id where sm1_0.status='CONFIRMED' group by sm1_0.product_id,sm1_0.location_id,l1_0.name
2026-09-26T17:32:50.196+05:30 DEBUG 23996 --- [nio-8080-exec-7] o.s.w.s.m.m.a.HttpEntityMethodProcessor  : Using 'application/json', given [*/*] and supported [application/json, application/*+json]
2026-09-26T17:32:50.198+05:30 DEBUG 23996 --- [nio-8080-exec-6] org.hibernate.SQL                        : select count(sm1_0.id) from stock_moves sm1_0 where sm1_0.status=? and sm1_0.move_type=?
2026-09-26T17:32:50.198+05:30 DEBUG 23996 --- [nio-8080-exec-7] o.s.w.s.m.m.a.HttpEntityMethodProcessor  : Writing [[com.stocksense.dto.ProductResponseDto@1a48061f, com.stocksense.dto.ProductResponseDto@eaddecc, com. (truncated)...]
2026-09-26T17:32:50.202+05:30 DEBUG 23996 --- [nio-8080-exec-7] o.s.web.servlet.DispatcherServlet        : Completed 200 OK
2026-09-26T17:32:50.209+05:30 DEBUG 23996 --- [nio-8080-exec-6] org.hibernate.SQL                        : select count(sm1_0.id) from stock_moves sm1_0 where sm1_0.status=? and sm1_0.move_type=?
2026-09-26T17:32:50.214+05:30 DEBUG 23996 --- [nio-8080-exec-6] o.s.w.s.m.m.a.HttpEntityMethodProcessor  : Using 'application/json', given [*/*] and supported [application/json, application/*+json]
2026-09-26T17:32:50.219+05:30 DEBUG 23996 --- [nio-8080-exec-6] o.s.w.s.m.m.a.HttpEntityMethodProcessor  : Writing [com.stocksense.dto.DashboardResponseDto@6e51f61c]
2026-09-26T17:32:50.221+05:30 DEBUG 23996 --- [nio-8080-exec-6] o.s.web.servlet.DispatcherServlet        : Completed 200 OK
2026-09-26T17:32:55.194+05:30 DEBUG 23996 --- [nio-8080-exec-9] o.s.web.servlet.DispatcherServlet        : GET "/products.html", parameters={}
2026-09-26T17:32:55.198+05:30 DEBUG 23996 --- [nio-8080-exec-9] o.s.w.s.handler.SimpleUrlHandlerMapping  : Mapped to ResourceHttpRequestHandler [URL [file:frontend/], classpath [static/]]
2026-09-26T17:32:55.225+05:30 DEBUG 23996 --- [nio-8080-exec-9] o.s.web.servlet.DispatcherServlet        : Completed 200 OK
2026-09-26T17:32:55.265+05:30 DEBUG 23996 --- [nio-8080-exec-2] o.s.web.servlet.DispatcherServlet        : GET "/style.css", parameters={}
2026-09-26T17:32:55.267+05:30 DEBUG 23996 --- [nio-8080-exec-2] o.s.w.s.handler.SimpleUrlHandlerMapping  : Mapped to ResourceHttpRequestHandler [URL [file:frontend/], classpath [static/]]
2026-09-26T17:32:55.271+05:30 DEBUG 23996 --- [nio-8080-exec-2] o.s.web.servlet.DispatcherServlet        : Completed 200 OK
2026-09-26T17:32:55.302+05:30 DEBUG 23996 --- [nio-8080-exec-3] o.s.web.servlet.DispatcherServlet        : GET "/api.js", parameters={}
2026-09-26T17:32:55.302+05:30 DEBUG 23996 --- [io-8080-exec-10] o.s.web.servlet.DispatcherServlet        : GET "/utils.js", parameters={}
2026-09-26T17:32:55.304+05:30 DEBUG 23996 --- [nio-8080-exec-3] o.s.w.s.handler.SimpleUrlHandlerMapping  : Mapped to ResourceHttpRequestHandler [URL [file:frontend/], classpath [static/]]
2026-09-26T17:32:55.304+05:30 DEBUG 23996 --- [io-8080-exec-10] o.s.w.s.handler.SimpleUrlHandlerMapping  : Mapped to ResourceHttpRequestHandler [URL [file:frontend/], classpath [static/]]
2026-09-26T17:32:55.323+05:30 DEBUG 23996 --- [nio-8080-exec-3] o.s.web.servlet.DispatcherServlet        : Completed 200 OK
2026-09-26T17:32:55.325+05:30 DEBUG 23996 --- [io-8080-exec-10] o.s.web.servlet.DispatcherServlet        : Completed 200 OK
2026-09-26T17:32:55.433+05:30 DEBUG 23996 --- [nio-8080-exec-5] o.s.web.servlet.DispatcherServlet        : GET "/products", parameters={}
2026-09-26T17:32:55.433+05:30 DEBUG 23996 --- [nio-8080-exec-4] o.s.web.servlet.DispatcherServlet        : GET "/favicon.ico", parameters={}
2026-09-26T17:32:55.435+05:30 DEBUG 23996 --- [nio-8080-exec-5] s.w.s.m.m.a.RequestMappingHandlerMapping : Mapped to com.stocksense.controller.ProductController#listProducts()
2026-09-26T17:32:55.435+05:30 DEBUG 23996 --- [nio-8080-exec-4] o.s.w.s.handler.SimpleUrlHandlerMapping  : Mapped to ResourceHttpRequestHandler [URL [file:frontend/], classpath [static/]]
2026-09-26T17:32:55.457+05:30 DEBUG 23996 --- [nio-8080-exec-4] o.s.w.s.r.ResourceHttpRequestHandler     : Resource not found
2026-09-26T17:32:55.463+05:30 DEBUG 23996 --- [nio-8080-exec-4] .m.m.a.ExceptionHandlerExceptionResolver : Using @ExceptionHandler com.stocksense.controller.GlobalExceptionHandler#handleGenericException(Exception)
2026-09-26T17:32:55.466+05:30 DEBUG 23996 --- [nio-8080-exec-4] o.s.w.s.m.m.a.HttpEntityMethodProcessor  : Using 'application/json;q=0.8', given [image/avif, image/webp, image/apng, image/svg+xml, image/*, */*;q=0.8] and supported [application/json, application/*+json]
2026-09-26T17:32:55.471+05:30 DEBUG 23996 --- [nio-8080-exec-4] o.s.w.s.m.m.a.HttpEntityMethodProcessor  : Writing [com.stocksense.dto.ErrorResponseDto@193d2ba8]
2026-09-26T17:32:55.472+05:30 DEBUG 23996 --- [nio-8080-exec-5] org.hibernate.SQL                        : select p1_0.id,p1_0.category,p1_0.name,p1_0.sku,p1_0.unit_of_measure from products p1_0 order by p1_0.name
2026-09-26T17:32:55.479+05:30 DEBUG 23996 --- [nio-8080-exec-4] .m.m.a.ExceptionHandlerExceptionResolver : Resolved [org.springframework.web.servlet.resource.NoResourceFoundException: No static resource favicon.ico.]
2026-09-26T17:32:55.484+05:30 DEBUG 23996 --- [nio-8080-exec-4] o.s.web.servlet.DispatcherServlet        : Completed 500 INTERNAL_SERVER_ERROR
2026-09-26T17:32:55.485+05:30 DEBUG 23996 --- [nio-8080-exec-5] org.hibernate.SQL                        : select sm1_0.product_id,cast(coalesce(sum(sm1_0.quantity_change),0) as integer) from stock_moves sm1_0 where sm1_0.status='CONFIRMED' group by sm1_0.product_id
2026-09-26T17:32:55.493+05:30 DEBUG 23996 --- [nio-8080-exec-5] org.hibernate.SQL                        : select sm1_0.product_id,sm1_0.location_id,l1_0.name,cast(coalesce(sum(sm1_0.quantity_change),0) as integer) from stock_moves sm1_0 join locations l1_0 on l1_0.id=sm1_0.location_id where sm1_0.status='CONFIRMED' group by sm1_0.product_id,sm1_0.location_id,l1_0.name
2026-09-26T17:32:55.506+05:30 DEBUG 23996 --- [nio-8080-exec-5] o.s.w.s.m.m.a.HttpEntityMethodProcessor  : Using 'application/json', given [*/*] and supported [application/json, application/*+json]
2026-09-26T17:32:55.524+05:30 DEBUG 23996 --- [nio-8080-exec-5] o.s.w.s.m.m.a.HttpEntityMethodProcessor  : Writing [[com.stocksense.dto.ProductResponseDto@2adae7fd, com.stocksense.dto.ProductResponseDto@4f4dd394, com (truncated)...]
2026-09-26T17:32:55.530+05:30 DEBUG 23996 --- [nio-8080-exec-5] o.s.web.servlet.DispatcherServlet        : Completed 200 OK
2026-09-26T17:33:00.552+05:30 DEBUG 23996 --- [nio-8080-exec-1] o.s.web.servlet.DispatcherServlet        : GET "/receipt.html", parameters={}
2026-09-26T17:33:00.557+05:30 DEBUG 23996 --- [nio-8080-exec-1] o.s.w.s.handler.SimpleUrlHandlerMapping  : Mapped to ResourceHttpRequestHandler [URL [file:frontend/], classpath [static/]]
2026-09-26T17:33:00.562+05:30 DEBUG 23996 --- [nio-8080-exec-1] o.s.web.servlet.DispatcherServlet        : Completed 200 OK
2026-09-26T17:33:00.590+05:30 DEBUG 23996 --- [nio-8080-exec-8] o.s.web.servlet.DispatcherServlet        : GET "/style.css", parameters={}
2026-09-26T17:33:00.596+05:30 DEBUG 23996 --- [nio-8080-exec-8] o.s.w.s.handler.SimpleUrlHandlerMapping  : Mapped to ResourceHttpRequestHandler [URL [file:frontend/], classpath [static/]]
2026-09-26T17:33:00.601+05:30 DEBUG 23996 --- [nio-8080-exec-8] o.s.web.servlet.DispatcherServlet        : Completed 200 OK
2026-09-26T17:33:00.614+05:30 DEBUG 23996 --- [nio-8080-exec-6] o.s.web.servlet.DispatcherServlet        : GET "/utils.js", parameters={}
2026-09-26T17:33:00.614+05:30 DEBUG 23996 --- [nio-8080-exec-7] o.s.web.servlet.DispatcherServlet        : GET "/api.js", parameters={}
2026-09-26T17:33:00.616+05:30 DEBUG 23996 --- [nio-8080-exec-6] o.s.w.s.handler.SimpleUrlHandlerMapping  : Mapped to ResourceHttpRequestHandler [URL [file:frontend/], classpath [static/]]
2026-09-26T17:33:00.621+05:30 DEBUG 23996 --- [nio-8080-exec-7] o.s.w.s.handler.SimpleUrlHandlerMapping  : Mapped to ResourceHttpRequestHandler [URL [file:frontend/], classpath [static/]]
2026-09-26T17:33:00.632+05:30 DEBUG 23996 --- [nio-8080-exec-6] o.s.web.servlet.DispatcherServlet        : Completed 200 OK
2026-09-26T17:33:00.635+05:30 DEBUG 23996 --- [nio-8080-exec-7] o.s.web.servlet.DispatcherServlet        : Completed 200 OK
2026-09-26T17:33:00.662+05:30 DEBUG 23996 --- [nio-8080-exec-2] o.s.web.servlet.DispatcherServlet        : GET "/locations", parameters={}
2026-09-26T17:33:00.662+05:30 DEBUG 23996 --- [nio-8080-exec-9] o.s.web.servlet.DispatcherServlet        : GET "/products", parameters={}
2026-09-26T17:33:00.663+05:30 DEBUG 23996 --- [nio-8080-exec-2] s.w.s.m.m.a.RequestMappingHandlerMapping : Mapped to com.stocksense.controller.LocationController#getAllLocations()
2026-09-26T17:33:00.670+05:30 DEBUG 23996 --- [nio-8080-exec-3] o.s.web.servlet.DispatcherServlet        : GET "/moves/recent?limit=5&type=receipt", parameters={masked}
2026-09-26T17:33:00.681+05:30 DEBUG 23996 --- [nio-8080-exec-9] s.w.s.m.m.a.RequestMappingHandlerMapping : Mapped to com.stocksense.controller.ProductController#listProducts()
2026-09-26T17:33:00.684+05:30 DEBUG 23996 --- [nio-8080-exec-3] s.w.s.m.m.a.RequestMappingHandlerMapping : Mapped to com.stocksense.controller.StockMoveController#getRecentMoves(String, int)
2026-09-26T17:33:00.686+05:30 DEBUG 23996 --- [nio-8080-exec-2] org.hibernate.SQL                        : select l1_0.id,l1_0.name from locations l1_0 order by l1_0.name
2026-09-26T17:33:00.693+05:30 DEBUG 23996 --- [nio-8080-exec-2] o.s.w.s.m.m.a.HttpEntityMethodProcessor  : Using 'application/json', given [*/*] and supported [application/json, application/*+json]
2026-09-26T17:33:00.693+05:30 DEBUG 23996 --- [nio-8080-exec-2] o.s.w.s.m.m.a.HttpEntityMethodProcessor  : Writing [[com.stocksense.model.Location@20, com.stocksense.model.Location@40]]
2026-09-26T17:33:00.693+05:30 DEBUG 23996 --- [io-8080-exec-10] o.s.web.servlet.DispatcherServlet        : GET "/favicon.ico", parameters={}
2026-09-26T17:33:00.693+05:30 DEBUG 23996 --- [nio-8080-exec-3] org.hibernate.SQL                        : select sm1_0.id,sm1_0.location_id,l1_0.id,l1_0.name,sm1_0.move_type,sm1_0.note,sm1_0.product_id,p1_0.id,p1_0.category,p1_0.name,p1_0.sku,p1_0.unit_of_measure,sm1_0.quantity_change,sm1_0.status,sm1_0.supplier_name,sm1_0.timestamp from stock_moves sm1_0 join products p1_0 on p1_0.id=sm1_0.product_id join locations l1_0 on l1_0.id=sm1_0.location_id where sm1_0.move_type=? order by sm1_0.timestamp desc fetch first ? rows only
2026-09-26T17:33:00.696+05:30 DEBUG 23996 --- [io-8080-exec-10] o.s.w.s.handler.SimpleUrlHandlerMapping  : Mapped to ResourceHttpRequestHandler [URL [file:frontend/], classpath [static/]]
2026-09-26T17:33:00.696+05:30 DEBUG 23996 --- [nio-8080-exec-2] o.s.web.servlet.DispatcherServlet        : Completed 200 OK
2026-09-26T17:33:00.699+05:30 DEBUG 23996 --- [io-8080-exec-10] o.s.w.s.r.ResourceHttpRequestHandler     : Resource not found
2026-09-26T17:33:00.701+05:30 DEBUG 23996 --- [nio-8080-exec-9] org.hibernate.SQL                        : select p1_0.id,p1_0.category,p1_0.name,p1_0.sku,p1_0.unit_of_measure from products p1_0 order by p1_0.name
2026-09-26T17:33:00.704+05:30 DEBUG 23996 --- [io-8080-exec-10] .m.m.a.ExceptionHandlerExceptionResolver : Using @ExceptionHandler com.stocksense.controller.GlobalExceptionHandler#handleGenericException(Exception)
2026-09-26T17:33:00.713+05:30 DEBUG 23996 --- [io-8080-exec-10] o.s.w.s.m.m.a.HttpEntityMethodProcessor  : Using 'application/json;q=0.8', given [image/avif, image/webp, image/apng, image/svg+xml, image/*, */*;q=0.8] and supported [application/json, application/*+json]
2026-09-26T17:33:00.714+05:30 DEBUG 23996 --- [io-8080-exec-10] o.s.w.s.m.m.a.HttpEntityMethodProcessor  : Writing [com.stocksense.dto.ErrorResponseDto@4aa0a23f]
2026-09-26T17:33:00.714+05:30 DEBUG 23996 --- [nio-8080-exec-3] o.s.w.s.m.m.a.HttpEntityMethodProcessor  : Using 'application/json', given [*/*] and supported [application/json, application/*+json]
2026-09-26T17:33:00.716+05:30 DEBUG 23996 --- [nio-8080-exec-3] o.s.w.s.m.m.a.HttpEntityMethodProcessor  : Writing [[com.stocksense.dto.StockMoveResponseDto@19ab4786, com.stocksense.dto.StockMoveResponseDto@20ad748,  (truncated)...]
2026-09-26T17:33:00.716+05:30 DEBUG 23996 --- [nio-8080-exec-9] org.hibernate.SQL                        : select sm1_0.product_id,cast(coalesce(sum(sm1_0.quantity_change),0) as integer) from stock_moves sm1_0 where sm1_0.status='CONFIRMED' group by sm1_0.product_id
2026-09-26T17:33:00.716+05:30 DEBUG 23996 --- [io-8080-exec-10] .m.m.a.ExceptionHandlerExceptionResolver : Resolved [org.springframework.web.servlet.resource.NoResourceFoundException: No static resource favicon.ico.]
2026-09-26T17:33:00.716+05:30 DEBUG 23996 --- [io-8080-exec-10] o.s.web.servlet.DispatcherServlet        : Completed 500 INTERNAL_SERVER_ERROR
2026-09-26T17:33:00.718+05:30 DEBUG 23996 --- [nio-8080-exec-3] o.s.web.servlet.DispatcherServlet        : Completed 200 OK
2026-09-26T17:33:00.723+05:30 DEBUG 23996 --- [nio-8080-exec-9] org.hibernate.SQL                        : select sm1_0.product_id,sm1_0.location_id,l1_0.name,cast(coalesce(sum(sm1_0.quantity_change),0) as integer) from stock_moves sm1_0 join locations l1_0 on l1_0.id=sm1_0.location_id where sm1_0.status='CONFIRMED' group by sm1_0.product_id,sm1_0.location_id,l1_0.name
2026-09-26T17:33:00.730+05:30 DEBUG 23996 --- [nio-8080-exec-9] o.s.w.s.m.m.a.HttpEntityMethodProcessor  : Using 'application/json', given [*/*] and supported [application/json, application/*+json]
2026-09-26T17:33:00.732+05:30 DEBUG 23996 --- [nio-8080-exec-9] o.s.w.s.m.m.a.HttpEntityMethodProcessor  : Writing [[com.stocksense.dto.ProductResponseDto@3843c7e, com.stocksense.dto.ProductResponseDto@7fddf4ee, com. (truncated)...]
2026-09-26T17:33:00.734+05:30 DEBUG 23996 --- [nio-8080-exec-9] o.s.web.servlet.DispatcherServlet        : Completed 200 OK
2026-09-26T17:33:04.158+05:30 DEBUG 23996 --- [nio-8080-exec-4] o.s.web.servlet.DispatcherServlet        : GET "/delivery.html", parameters={}
2026-09-26T17:33:04.160+05:30 DEBUG 23996 --- [nio-8080-exec-4] o.s.w.s.handler.SimpleUrlHandlerMapping  : Mapped to ResourceHttpRequestHandler [URL [file:frontend/], classpath [static/]]
2026-09-26T17:33:04.166+05:30 DEBUG 23996 --- [nio-8080-exec-4] o.s.web.servlet.DispatcherServlet        : Completed 200 OK
2026-09-26T17:33:04.188+05:30 DEBUG 23996 --- [nio-8080-exec-5] o.s.web.servlet.DispatcherServlet        : GET "/style.css", parameters={}
2026-09-26T17:33:04.192+05:30 DEBUG 23996 --- [nio-8080-exec-5] o.s.w.s.handler.SimpleUrlHandlerMapping  : Mapped to ResourceHttpRequestHandler [URL [file:frontend/], classpath [static/]]
2026-09-26T17:33:04.198+05:30 DEBUG 23996 --- [nio-8080-exec-5] o.s.web.servlet.DispatcherServlet        : Completed 200 OK
2026-09-26T17:33:04.208+05:30 DEBUG 23996 --- [nio-8080-exec-1] o.s.web.servlet.DispatcherServlet        : GET "/api.js", parameters={}
2026-09-26T17:33:04.213+05:30 DEBUG 23996 --- [nio-8080-exec-8] o.s.web.servlet.DispatcherServlet        : GET "/utils.js", parameters={}
2026-09-26T17:33:04.213+05:30 DEBUG 23996 --- [nio-8080-exec-1] o.s.w.s.handler.SimpleUrlHandlerMapping  : Mapped to ResourceHttpRequestHandler [URL [file:frontend/], classpath [static/]]
2026-09-26T17:33:04.213+05:30 DEBUG 23996 --- [nio-8080-exec-8] o.s.w.s.handler.SimpleUrlHandlerMapping  : Mapped to ResourceHttpRequestHandler [URL [file:frontend/], classpath [static/]]
2026-09-26T17:33:04.221+05:30 DEBUG 23996 --- [nio-8080-exec-1] o.s.web.servlet.DispatcherServlet        : Completed 200 OK
2026-09-26T17:33:04.221+05:30 DEBUG 23996 --- [nio-8080-exec-8] o.s.web.servlet.DispatcherServlet        : Completed 200 OK
2026-09-26T17:33:04.253+05:30 DEBUG 23996 --- [nio-8080-exec-6] o.s.web.servlet.DispatcherServlet        : GET "/products", parameters={}
2026-09-26T17:33:04.253+05:30 DEBUG 23996 --- [nio-8080-exec-6] s.w.s.m.m.a.RequestMappingHandlerMapping : Mapped to com.stocksense.controller.ProductController#listProducts()
2026-09-26T17:33:04.253+05:30 DEBUG 23996 --- [nio-8080-exec-7] o.s.web.servlet.DispatcherServlet        : GET "/locations", parameters={}
2026-09-26T17:33:04.253+05:30 DEBUG 23996 --- [nio-8080-exec-2] o.s.web.servlet.DispatcherServlet        : GET "/moves/recent?limit=5&type=delivery", parameters={masked}
2026-09-26T17:33:04.253+05:30 DEBUG 23996 --- [nio-8080-exec-2] s.w.s.m.m.a.RequestMappingHandlerMapping : Mapped to com.stocksense.controller.StockMoveController#getRecentMoves(String, int)
2026-09-26T17:33:04.253+05:30 DEBUG 23996 --- [nio-8080-exec-7] s.w.s.m.m.a.RequestMappingHandlerMapping : Mapped to com.stocksense.controller.LocationController#getAllLocations()
2026-09-26T17:33:04.264+05:30 DEBUG 23996 --- [nio-8080-exec-6] org.hibernate.SQL                        : select p1_0.id,p1_0.category,p1_0.name,p1_0.sku,p1_0.unit_of_measure from products p1_0 order by p1_0.name
2026-09-26T17:33:04.266+05:30 DEBUG 23996 --- [nio-8080-exec-7] org.hibernate.SQL                        : select l1_0.id,l1_0.name from locations l1_0 order by l1_0.name
2026-09-26T17:33:04.264+05:30 DEBUG 23996 --- [nio-8080-exec-2] org.hibernate.SQL                        : select sm1_0.id,sm1_0.location_id,l1_0.id,l1_0.name,sm1_0.move_type,sm1_0.note,sm1_0.product_id,p1_0.id,p1_0.category,p1_0.name,p1_0.sku,p1_0.unit_of_measure,sm1_0.quantity_change,sm1_0.status,sm1_0.supplier_name,sm1_0.timestamp from stock_moves sm1_0 join products p1_0 on p1_0.id=sm1_0.product_id join locations l1_0 on l1_0.id=sm1_0.location_id where sm1_0.move_type=? order by sm1_0.timestamp desc fetch first ? rows only
2026-09-26T17:33:04.273+05:30 DEBUG 23996 --- [nio-8080-exec-7] o.s.w.s.m.m.a.HttpEntityMethodProcessor  : Using 'application/json', given [*/*] and supported [application/json, application/*+json]
2026-09-26T17:33:04.274+05:30 DEBUG 23996 --- [nio-8080-exec-7] o.s.w.s.m.m.a.HttpEntityMethodProcessor  : Writing [[com.stocksense.model.Location@20, com.stocksense.model.Location@40]]
2026-09-26T17:33:04.276+05:30 DEBUG 23996 --- [nio-8080-exec-6] org.hibernate.SQL                        : select sm1_0.product_id,cast(coalesce(sum(sm1_0.quantity_change),0) as integer) from stock_moves sm1_0 where sm1_0.status='CONFIRMED' group by sm1_0.product_id
2026-09-26T17:33:04.281+05:30 DEBUG 23996 --- [nio-8080-exec-7] o.s.web.servlet.DispatcherServlet        : Completed 200 OK
2026-09-26T17:33:04.285+05:30 DEBUG 23996 --- [nio-8080-exec-6] org.hibernate.SQL                        : select sm1_0.product_id,sm1_0.location_id,l1_0.name,cast(coalesce(sum(sm1_0.quantity_change),0) as integer) from stock_moves sm1_0 join locations l1_0 on l1_0.id=sm1_0.location_id where sm1_0.status='CONFIRMED' group by sm1_0.product_id,sm1_0.location_id,l1_0.name
2026-09-26T17:33:04.293+05:30 DEBUG 23996 --- [nio-8080-exec-6] o.s.w.s.m.m.a.HttpEntityMethodProcessor  : Using 'application/json', given [*/*] and supported [application/json, application/*+json]
2026-09-26T17:33:04.293+05:30 DEBUG 23996 --- [nio-8080-exec-6] o.s.w.s.m.m.a.HttpEntityMethodProcessor  : Writing [[com.stocksense.dto.ProductResponseDto@2b747af9, com.stocksense.dto.ProductResponseDto@76f5a514, com (truncated)...]
2026-09-26T17:33:04.298+05:30 DEBUG 23996 --- [nio-8080-exec-6] o.s.web.servlet.DispatcherServlet        : Completed 200 OK
2026-09-26T17:33:04.299+05:30 DEBUG 23996 --- [io-8080-exec-10] o.s.web.servlet.DispatcherServlet        : GET "/favicon.ico", parameters={}
2026-09-26T17:33:04.299+05:30 DEBUG 23996 --- [nio-8080-exec-2] o.s.w.s.m.m.a.HttpEntityMethodProcessor  : Using 'application/json', given [*/*] and supported [application/json, application/*+json]
2026-09-26T17:33:04.301+05:30 DEBUG 23996 --- [nio-8080-exec-2] o.s.w.s.m.m.a.HttpEntityMethodProcessor  : Writing [[com.stocksense.dto.StockMoveResponseDto@5d5a401, com.stocksense.dto.StockMoveResponseDto@622aa3bc,  (truncated)...]
2026-09-26T17:33:04.302+05:30 DEBUG 23996 --- [io-8080-exec-10] o.s.w.s.handler.SimpleUrlHandlerMapping  : Mapped to ResourceHttpRequestHandler [URL [file:frontend/], classpath [static/]]
2026-09-26T17:33:04.306+05:30 DEBUG 23996 --- [io-8080-exec-10] o.s.w.s.r.ResourceHttpRequestHandler     : Resource not found
2026-09-26T17:33:04.307+05:30 DEBUG 23996 --- [nio-8080-exec-2] o.s.web.servlet.DispatcherServlet        : Completed 200 OK
2026-09-26T17:33:04.309+05:30 DEBUG 23996 --- [io-8080-exec-10] .m.m.a.ExceptionHandlerExceptionResolver : Using @ExceptionHandler com.stocksense.controller.GlobalExceptionHandler#handleGenericException(Exception)
2026-09-26T17:33:04.312+05:30 DEBUG 23996 --- [io-8080-exec-10] o.s.w.s.m.m.a.HttpEntityMethodProcessor  : Using 'application/json;q=0.8', given [image/avif, image/webp, image/apng, image/svg+xml, image/*, */*;q=0.8] and supported [application/json, application/*+json]
2026-09-26T17:33:04.312+05:30 DEBUG 23996 --- [io-8080-exec-10] o.s.w.s.m.m.a.HttpEntityMethodProcessor  : Writing [com.stocksense.dto.ErrorResponseDto@18fd9c56]
2026-09-26T17:33:04.314+05:30 DEBUG 23996 --- [io-8080-exec-10] .m.m.a.ExceptionHandlerExceptionResolver : Resolved [org.springframework.web.servlet.resource.NoResourceFoundException: No static resource favicon.ico.]
2026-09-26T17:33:04.314+05:30 DEBUG 23996 --- [io-8080-exec-10] o.s.web.servlet.DispatcherServlet        : Completed 500 INTERNAL_SERVER_ERROR
2026-09-26T17:33:07.383+05:30 DEBUG 23996 --- [nio-8080-exec-3] o.s.web.servlet.DispatcherServlet        : GET "/transfer.html", parameters={}
2026-09-26T17:33:07.383+05:30 DEBUG 23996 --- [nio-8080-exec-3] o.s.w.s.handler.SimpleUrlHandlerMapping  : Mapped to ResourceHttpRequestHandler [URL [file:frontend/], classpath [static/]]
2026-09-26T17:33:07.392+05:30 DEBUG 23996 --- [nio-8080-exec-3] o.s.web.servlet.DispatcherServlet        : Completed 200 OK
2026-09-26T17:33:07.420+05:30 DEBUG 23996 --- [nio-8080-exec-9] o.s.web.servlet.DispatcherServlet        : GET "/style.css", parameters={}
2026-09-26T17:33:07.425+05:30 DEBUG 23996 --- [nio-8080-exec-9] o.s.w.s.handler.SimpleUrlHandlerMapping  : Mapped to ResourceHttpRequestHandler [URL [file:frontend/], classpath [static/]]
2026-09-26T17:33:07.432+05:30 DEBUG 23996 --- [nio-8080-exec-9] o.s.web.servlet.DispatcherServlet        : Completed 200 OK
2026-09-26T17:33:07.441+05:30 DEBUG 23996 --- [nio-8080-exec-4] o.s.web.servlet.DispatcherServlet        : GET "/api.js", parameters={}
2026-09-26T17:33:07.441+05:30 DEBUG 23996 --- [nio-8080-exec-5] o.s.web.servlet.DispatcherServlet        : GET "/utils.js", parameters={}
2026-09-26T17:33:07.443+05:30 DEBUG 23996 --- [nio-8080-exec-4] o.s.w.s.handler.SimpleUrlHandlerMapping  : Mapped to ResourceHttpRequestHandler [URL [file:frontend/], classpath [static/]]
2026-09-26T17:33:07.443+05:30 DEBUG 23996 --- [nio-8080-exec-5] o.s.w.s.handler.SimpleUrlHandlerMapping  : Mapped to ResourceHttpRequestHandler [URL [file:frontend/], classpath [static/]]
2026-09-26T17:33:07.451+05:30 DEBUG 23996 --- [nio-8080-exec-4] o.s.web.servlet.DispatcherServlet        : Completed 200 OK
2026-09-26T17:33:07.451+05:30 DEBUG 23996 --- [nio-8080-exec-5] o.s.web.servlet.DispatcherServlet        : Completed 200 OK
2026-09-26T17:33:07.482+05:30 DEBUG 23996 --- [nio-8080-exec-1] o.s.web.servlet.DispatcherServlet        : GET "/products", parameters={}
2026-09-26T17:33:07.482+05:30 DEBUG 23996 --- [nio-8080-exec-8] o.s.web.servlet.DispatcherServlet        : GET "/locations", parameters={}
2026-09-26T17:33:07.482+05:30 DEBUG 23996 --- [nio-8080-exec-1] s.w.s.m.m.a.RequestMappingHandlerMapping : Mapped to com.stocksense.controller.ProductController#listProducts()
2026-09-26T17:33:07.482+05:30 DEBUG 23996 --- [nio-8080-exec-8] s.w.s.m.m.a.RequestMappingHandlerMapping : Mapped to com.stocksense.controller.LocationController#getAllLocations()
2026-09-26T17:33:07.495+05:30 DEBUG 23996 --- [nio-8080-exec-8] org.hibernate.SQL                        : select l1_0.id,l1_0.name from locations l1_0 order by l1_0.name
2026-09-26T17:33:07.505+05:30 DEBUG 23996 --- [nio-8080-exec-1] org.hibernate.SQL                        : select p1_0.id,p1_0.category,p1_0.name,p1_0.sku,p1_0.unit_of_measure from products p1_0 order by p1_0.name
2026-09-26T17:33:07.518+05:30 DEBUG 23996 --- [nio-8080-exec-7] o.s.web.servlet.DispatcherServlet        : GET "/favicon.ico", parameters={}
2026-09-26T17:33:07.523+05:30 DEBUG 23996 --- [nio-8080-exec-7] o.s.w.s.handler.SimpleUrlHandlerMapping  : Mapped to ResourceHttpRequestHandler [URL [file:frontend/], classpath [static/]]
2026-09-26T17:33:07.520+05:30 DEBUG 23996 --- [nio-8080-exec-8] o.s.w.s.m.m.a.HttpEntityMethodProcessor  : Using 'application/json', given [*/*] and supported [application/json, application/*+json]
2026-09-26T17:33:07.526+05:30 DEBUG 23996 --- [nio-8080-exec-8] o.s.w.s.m.m.a.HttpEntityMethodProcessor  : Writing [[com.stocksense.model.Location@20, com.stocksense.model.Location@40]]
2026-09-26T17:33:07.526+05:30 DEBUG 23996 --- [nio-8080-exec-7] o.s.w.s.r.ResourceHttpRequestHandler     : Resource not found
2026-09-26T17:33:07.530+05:30 DEBUG 23996 --- [nio-8080-exec-7] .m.m.a.ExceptionHandlerExceptionResolver : Using @ExceptionHandler com.stocksense.controller.GlobalExceptionHandler#handleGenericException(Exception)
2026-09-26T17:33:07.530+05:30 DEBUG 23996 --- [nio-8080-exec-8] o.s.web.servlet.DispatcherServlet        : Completed 200 OK
2026-09-26T17:33:07.533+05:30 DEBUG 23996 --- [nio-8080-exec-7] o.s.w.s.m.m.a.HttpEntityMethodProcessor  : Using 'application/json;q=0.8', given [image/avif, image/webp, image/apng, image/svg+xml, image/*, */*;q=0.8] and supported [application/json, application/*+json]
2026-09-26T17:33:07.533+05:30 DEBUG 23996 --- [nio-8080-exec-1] org.hibernate.SQL                        : select sm1_0.product_id,cast(coalesce(sum(sm1_0.quantity_change),0) as integer) from stock_moves sm1_0 where sm1_0.status='CONFIRMED' group by sm1_0.product_id
2026-09-26T17:33:07.533+05:30 DEBUG 23996 --- [nio-8080-exec-7] o.s.w.s.m.m.a.HttpEntityMethodProcessor  : Writing [com.stocksense.dto.ErrorResponseDto@157a39eb]
2026-09-26T17:33:07.535+05:30 DEBUG 23996 --- [nio-8080-exec-7] .m.m.a.ExceptionHandlerExceptionResolver : Resolved [org.springframework.web.servlet.resource.NoResourceFoundException: No static resource favicon.ico.]
2026-09-26T17:33:07.537+05:30 DEBUG 23996 --- [nio-8080-exec-7] o.s.web.servlet.DispatcherServlet        : Completed 500 INTERNAL_SERVER_ERROR
2026-09-26T17:33:07.537+05:30 DEBUG 23996 --- [nio-8080-exec-1] org.hibernate.SQL                        : select sm1_0.product_id,sm1_0.location_id,l1_0.name,cast(coalesce(sum(sm1_0.quantity_change),0) as integer) from stock_moves sm1_0 join locations l1_0 on l1_0.id=sm1_0.location_id where sm1_0.status='CONFIRMED' group by sm1_0.product_id,sm1_0.location_id,l1_0.name
2026-09-26T17:33:07.543+05:30 DEBUG 23996 --- [nio-8080-exec-1] o.s.w.s.m.m.a.HttpEntityMethodProcessor  : Using 'application/json', given [*/*] and supported [application/json, application/*+json]
2026-09-26T17:33:07.546+05:30 DEBUG 23996 --- [nio-8080-exec-1] o.s.w.s.m.m.a.HttpEntityMethodProcessor  : Writing [[com.stocksense.dto.ProductResponseDto@15d2be1a, com.stocksense.dto.ProductResponseDto@41c525ee, com (truncated)...]
2026-09-26T17:33:07.548+05:30 DEBUG 23996 --- [nio-8080-exec-1] o.s.web.servlet.DispatcherServlet        : Completed 200 OK
2026-09-26T17:33:09.377+05:30 DEBUG 23996 --- [nio-8080-exec-6] o.s.web.servlet.DispatcherServlet        : GET "/adjustment.html", parameters={}
2026-09-26T17:33:09.380+05:30 DEBUG 23996 --- [nio-8080-exec-6] o.s.w.s.handler.SimpleUrlHandlerMapping  : Mapped to ResourceHttpRequestHandler [URL [file:frontend/], classpath [static/]]
2026-09-26T17:33:09.383+05:30 DEBUG 23996 --- [nio-8080-exec-6] o.s.web.servlet.DispatcherServlet        : Completed 200 OK
2026-09-26T17:33:09.393+05:30 DEBUG 23996 --- [nio-8080-exec-2] o.s.web.servlet.DispatcherServlet        : GET "/style.css", parameters={}
2026-09-26T17:33:09.396+05:30 DEBUG 23996 --- [nio-8080-exec-2] o.s.w.s.handler.SimpleUrlHandlerMapping  : Mapped to ResourceHttpRequestHandler [URL [file:frontend/], classpath [static/]]
2026-09-26T17:33:09.406+05:30 DEBUG 23996 --- [nio-8080-exec-2] o.s.web.servlet.DispatcherServlet        : Completed 200 OK
2026-09-26T17:33:09.419+05:30 DEBUG 23996 --- [nio-8080-exec-3] o.s.web.servlet.DispatcherServlet        : GET "/utils.js", parameters={}
2026-09-26T17:33:09.419+05:30 DEBUG 23996 --- [io-8080-exec-10] o.s.web.servlet.DispatcherServlet        : GET "/api.js", parameters={}
2026-09-26T17:33:09.422+05:30 DEBUG 23996 --- [nio-8080-exec-3] o.s.w.s.handler.SimpleUrlHandlerMapping  : Mapped to ResourceHttpRequestHandler [URL [file:frontend/], classpath [static/]]
2026-09-26T17:33:09.423+05:30 DEBUG 23996 --- [io-8080-exec-10] o.s.w.s.handler.SimpleUrlHandlerMapping  : Mapped to ResourceHttpRequestHandler [URL [file:frontend/], classpath [static/]]
2026-09-26T17:33:09.428+05:30 DEBUG 23996 --- [io-8080-exec-10] o.s.web.servlet.DispatcherServlet        : Completed 200 OK
2026-09-26T17:33:09.428+05:30 DEBUG 23996 --- [nio-8080-exec-3] o.s.web.servlet.DispatcherServlet        : Completed 200 OK
2026-09-26T17:33:09.473+05:30 DEBUG 23996 --- [nio-8080-exec-9] o.s.web.servlet.DispatcherServlet        : GET "/products", parameters={}
2026-09-26T17:33:09.475+05:30 DEBUG 23996 --- [nio-8080-exec-9] s.w.s.m.m.a.RequestMappingHandlerMapping : Mapped to com.stocksense.controller.ProductController#listProducts()
2026-09-26T17:33:09.475+05:30 DEBUG 23996 --- [nio-8080-exec-4] o.s.web.servlet.DispatcherServlet        : GET "/locations", parameters={}
2026-09-26T17:33:09.485+05:30 DEBUG 23996 --- [nio-8080-exec-4] s.w.s.m.m.a.RequestMappingHandlerMapping : Mapped to com.stocksense.controller.LocationController#getAllLocations()
2026-09-26T17:33:09.483+05:30 DEBUG 23996 --- [nio-8080-exec-9] org.hibernate.SQL                        : select p1_0.id,p1_0.category,p1_0.name,p1_0.sku,p1_0.unit_of_measure from products p1_0 order by p1_0.name
2026-09-26T17:33:09.502+05:30 DEBUG 23996 --- [nio-8080-exec-5] o.s.web.servlet.DispatcherServlet        : GET "/favicon.ico", parameters={}
2026-09-26T17:33:09.505+05:30 DEBUG 23996 --- [nio-8080-exec-4] org.hibernate.SQL                        : select l1_0.id,l1_0.name from locations l1_0 order by l1_0.name
2026-09-26T17:33:09.513+05:30 DEBUG 23996 --- [nio-8080-exec-5] o.s.w.s.handler.SimpleUrlHandlerMapping  : Mapped to ResourceHttpRequestHandler [URL [file:frontend/], classpath [static/]]
2026-09-26T17:33:09.514+05:30 DEBUG 23996 --- [nio-8080-exec-9] org.hibernate.SQL                        : select sm1_0.product_id,cast(coalesce(sum(sm1_0.quantity_change),0) as integer) from stock_moves sm1_0 where sm1_0.status='CONFIRMED' group by sm1_0.product_id
2026-09-26T17:33:09.515+05:30 DEBUG 23996 --- [nio-8080-exec-5] o.s.w.s.r.ResourceHttpRequestHandler     : Resource not found
2026-09-26T17:33:09.515+05:30 DEBUG 23996 --- [nio-8080-exec-4] o.s.w.s.m.m.a.HttpEntityMethodProcessor  : Using 'application/json', given [*/*] and supported [application/json, application/*+json]
2026-09-26T17:33:09.517+05:30 DEBUG 23996 --- [nio-8080-exec-5] .m.m.a.ExceptionHandlerExceptionResolver : Using @ExceptionHandler com.stocksense.controller.GlobalExceptionHandler#handleGenericException(Exception)
2026-09-26T17:33:09.517+05:30 DEBUG 23996 --- [nio-8080-exec-4] o.s.w.s.m.m.a.HttpEntityMethodProcessor  : Writing [[com.stocksense.model.Location@20, com.stocksense.model.Location@40]]
2026-09-26T17:33:09.519+05:30 DEBUG 23996 --- [nio-8080-exec-5] o.s.w.s.m.m.a.HttpEntityMethodProcessor  : Using 'application/json;q=0.8', given [image/avif, image/webp, image/apng, image/svg+xml, image/*, */*;q=0.8] and supported [application/json, application/*+json]
2026-09-26T17:33:09.519+05:30 DEBUG 23996 --- [nio-8080-exec-9] org.hibernate.SQL                        : select sm1_0.product_id,sm1_0.location_id,l1_0.name,cast(coalesce(sum(sm1_0.quantity_change),0) as integer) from stock_moves sm1_0 join locations l1_0 on l1_0.id=sm1_0.location_id where sm1_0.status='CONFIRMED' group by sm1_0.product_id,sm1_0.location_id,l1_0.name
2026-09-26T17:33:09.520+05:30 DEBUG 23996 --- [nio-8080-exec-5] o.s.w.s.m.m.a.HttpEntityMethodProcessor  : Writing [com.stocksense.dto.ErrorResponseDto@210bb4da]
2026-09-26T17:33:09.520+05:30 DEBUG 23996 --- [nio-8080-exec-4] o.s.web.servlet.DispatcherServlet        : Completed 200 OK
2026-09-26T17:33:09.523+05:30 DEBUG 23996 --- [nio-8080-exec-5] .m.m.a.ExceptionHandlerExceptionResolver : Resolved [org.springframework.web.servlet.resource.NoResourceFoundException: No static resource favicon.ico.]
2026-09-26T17:33:09.524+05:30 DEBUG 23996 --- [nio-8080-exec-5] o.s.web.servlet.DispatcherServlet        : Completed 500 INTERNAL_SERVER_ERROR
2026-09-26T17:33:09.526+05:30 DEBUG 23996 --- [nio-8080-exec-9] o.s.w.s.m.m.a.HttpEntityMethodProcessor  : Using 'application/json', given [*/*] and supported [application/json, application/*+json]
2026-09-26T17:33:09.531+05:30 DEBUG 23996 --- [nio-8080-exec-9] o.s.w.s.m.m.a.HttpEntityMethodProcessor  : Writing [[com.stocksense.dto.ProductResponseDto@34812b21, com.stocksense.dto.ProductResponseDto@6e8c1bbe, com (truncated)...]
2026-09-26T17:33:09.535+05:30 DEBUG 23996 --- [nio-8080-exec-9] o.s.web.servlet.DispatcherServlet        : Completed 200 OK
2026-09-26T17:33:11.174+05:30 DEBUG 23996 --- [nio-8080-exec-8] o.s.web.servlet.DispatcherServlet        : GET "/history.html", parameters={}
2026-09-26T17:33:11.175+05:30 DEBUG 23996 --- [nio-8080-exec-8] o.s.w.s.handler.SimpleUrlHandlerMapping  : Mapped to ResourceHttpRequestHandler [URL [file:frontend/], classpath [static/]]
2026-09-26T17:33:11.181+05:30 DEBUG 23996 --- [nio-8080-exec-8] o.s.web.servlet.DispatcherServlet        : Completed 200 OK
2026-09-26T17:33:11.200+05:30 DEBUG 23996 --- [nio-8080-exec-7] o.s.web.servlet.DispatcherServlet        : GET "/style.css", parameters={}
2026-09-26T17:33:11.204+05:30 DEBUG 23996 --- [nio-8080-exec-7] o.s.w.s.handler.SimpleUrlHandlerMapping  : Mapped to ResourceHttpRequestHandler [URL [file:frontend/], classpath [static/]]
2026-09-26T17:33:11.208+05:30 DEBUG 23996 --- [nio-8080-exec-7] o.s.web.servlet.DispatcherServlet        : Completed 200 OK
2026-09-26T17:33:11.217+05:30 DEBUG 23996 --- [nio-8080-exec-1] o.s.web.servlet.DispatcherServlet        : GET "/api.js", parameters={}
2026-09-26T17:33:11.217+05:30 DEBUG 23996 --- [nio-8080-exec-6] o.s.web.servlet.DispatcherServlet        : GET "/utils.js", parameters={}
2026-09-26T17:33:11.218+05:30 DEBUG 23996 --- [nio-8080-exec-1] o.s.w.s.handler.SimpleUrlHandlerMapping  : Mapped to ResourceHttpRequestHandler [URL [file:frontend/], classpath [static/]]
2026-09-26T17:33:11.218+05:30 DEBUG 23996 --- [nio-8080-exec-6] o.s.w.s.handler.SimpleUrlHandlerMapping  : Mapped to ResourceHttpRequestHandler [URL [file:frontend/], classpath [static/]]
2026-09-26T17:33:11.221+05:30 DEBUG 23996 --- [nio-8080-exec-1] o.s.web.servlet.DispatcherServlet        : Completed 200 OK
2026-09-26T17:33:11.224+05:30 DEBUG 23996 --- [nio-8080-exec-6] o.s.web.servlet.DispatcherServlet        : Completed 200 OK
2026-09-26T17:33:11.243+05:30 DEBUG 23996 --- [nio-8080-exec-2] o.s.web.servlet.DispatcherServlet        : GET "/moves/all", parameters={}
2026-09-26T17:33:11.245+05:30 DEBUG 23996 --- [nio-8080-exec-2] s.w.s.m.m.a.RequestMappingHandlerMapping : Mapped to com.stocksense.controller.StockMoveController#getAllMoves()
2026-09-26T17:33:11.251+05:30 DEBUG 23996 --- [nio-8080-exec-2] org.hibernate.SQL                        : select sm1_0.id,sm1_0.location_id,l1_0.id,l1_0.name,sm1_0.move_type,sm1_0.note,sm1_0.product_id,p1_0.id,p1_0.category,p1_0.name,p1_0.sku,p1_0.unit_of_measure,sm1_0.quantity_change,sm1_0.status,sm1_0.supplier_name,sm1_0.timestamp from stock_moves sm1_0 join products p1_0 on p1_0.id=sm1_0.product_id join locations l1_0 on l1_0.id=sm1_0.location_id order by sm1_0.timestamp desc
2026-09-26T17:33:11.271+05:30 DEBUG 23996 --- [nio-8080-exec-2] o.s.w.s.m.m.a.HttpEntityMethodProcessor  : Using 'application/json', given [*/*] and supported [application/json, application/*+json]
2026-09-26T17:33:11.274+05:30 DEBUG 23996 --- [io-8080-exec-10] o.s.web.servlet.DispatcherServlet        : GET "/favicon.ico", parameters={}
2026-09-26T17:33:11.276+05:30 DEBUG 23996 --- [io-8080-exec-10] o.s.w.s.handler.SimpleUrlHandlerMapping  : Mapped to ResourceHttpRequestHandler [URL [file:frontend/], classpath [static/]]
2026-09-26T17:33:11.280+05:30 DEBUG 23996 --- [io-8080-exec-10] o.s.w.s.r.ResourceHttpRequestHandler     : Resource not found
2026-09-26T17:33:11.283+05:30 DEBUG 23996 --- [io-8080-exec-10] .m.m.a.ExceptionHandlerExceptionResolver : Using @ExceptionHandler com.stocksense.controller.GlobalExceptionHandler#handleGenericException(Exception)
2026-09-26T17:33:11.283+05:30 DEBUG 23996 --- [nio-8080-exec-2] o.s.w.s.m.m.a.HttpEntityMethodProcessor  : Writing [[com.stocksense.dto.StockMoveResponseDto@1ea5050d, com.stocksense.dto.StockMoveResponseDto@47788093, (truncated)...]
2026-09-26T17:33:11.283+05:30 DEBUG 23996 --- [io-8080-exec-10] o.s.w.s.m.m.a.HttpEntityMethodProcessor  : Using 'application/json;q=0.8', given [image/avif, image/webp, image/apng, image/svg+xml, image/*, */*;q=0.8] and supported [application/json, application/*+json]
2026-09-26T17:33:11.285+05:30 DEBUG 23996 --- [io-8080-exec-10] o.s.w.s.m.m.a.HttpEntityMethodProcessor  : Writing [com.stocksense.dto.ErrorResponseDto@1ee6cb9c]
2026-09-26T17:33:11.285+05:30 DEBUG 23996 --- [nio-8080-exec-2] o.s.web.servlet.DispatcherServlet        : Completed 200 OK
2026-09-26T17:33:11.285+05:30 DEBUG 23996 --- [io-8080-exec-10] .m.m.a.ExceptionHandlerExceptionResolver : Resolved [org.springframework.web.servlet.resource.NoResourceFoundException: No static resource favicon.ico.]
2026-09-26T17:33:11.293+05:30 DEBUG 23996 --- [io-8080-exec-10] o.s.web.servlet.DispatcherServlet        : Completed 500 INTERNAL_SERVER_ERROR
2026-09-26T17:33:12.122+05:30 DEBUG 23996 --- [nio-8080-exec-3] o.s.web.servlet.DispatcherServlet        : GET "/pending.html", parameters={}
2026-09-26T17:33:12.125+05:30 DEBUG 23996 --- [nio-8080-exec-3] o.s.w.s.handler.SimpleUrlHandlerMapping  : Mapped to ResourceHttpRequestHandler [URL [file:frontend/], classpath [static/]]
2026-09-26T17:33:12.130+05:30 DEBUG 23996 --- [nio-8080-exec-3] o.s.web.servlet.DispatcherServlet        : Completed 200 OK
2026-09-26T17:33:12.156+05:30 DEBUG 23996 --- [nio-8080-exec-4] o.s.web.servlet.DispatcherServlet        : GET "/style.css", parameters={}
2026-09-26T17:33:12.158+05:30 DEBUG 23996 --- [nio-8080-exec-4] o.s.w.s.handler.SimpleUrlHandlerMapping  : Mapped to ResourceHttpRequestHandler [URL [file:frontend/], classpath [static/]]
2026-09-26T17:33:12.162+05:30 DEBUG 23996 --- [nio-8080-exec-4] o.s.web.servlet.DispatcherServlet        : Completed 200 OK
2026-09-26T17:33:12.168+05:30 DEBUG 23996 --- [nio-8080-exec-5] o.s.web.servlet.DispatcherServlet        : GET "/api.js", parameters={}
2026-09-26T17:33:12.171+05:30 DEBUG 23996 --- [nio-8080-exec-9] o.s.web.servlet.DispatcherServlet        : GET "/utils.js", parameters={}
2026-09-26T17:33:12.173+05:30 DEBUG 23996 --- [nio-8080-exec-5] o.s.w.s.handler.SimpleUrlHandlerMapping  : Mapped to ResourceHttpRequestHandler [URL [file:frontend/], classpath [static/]]
2026-09-26T17:33:12.173+05:30 DEBUG 23996 --- [nio-8080-exec-9] o.s.w.s.handler.SimpleUrlHandlerMapping  : Mapped to ResourceHttpRequestHandler [URL [file:frontend/], classpath [static/]]
2026-09-26T17:33:12.179+05:30 DEBUG 23996 --- [nio-8080-exec-5] o.s.web.servlet.DispatcherServlet        : Completed 200 OK
2026-09-26T17:33:12.179+05:30 DEBUG 23996 --- [nio-8080-exec-9] o.s.web.servlet.DispatcherServlet        : Completed 200 OK
2026-09-26T17:33:12.198+05:30 DEBUG 23996 --- [nio-8080-exec-8] o.s.web.servlet.DispatcherServlet        : GET "/moves/pending", parameters={}
2026-09-26T17:33:12.200+05:30 DEBUG 23996 --- [nio-8080-exec-8] s.w.s.m.m.a.RequestMappingHandlerMapping : Mapped to com.stocksense.controller.StockMoveController#getPendingMoves()
2026-09-26T17:33:12.203+05:30 DEBUG 23996 --- [nio-8080-exec-8] org.hibernate.SQL                        : select sm1_0.id,sm1_0.location_id,l1_0.id,l1_0.name,sm1_0.move_type,sm1_0.note,sm1_0.product_id,p1_0.id,p1_0.category,p1_0.name,p1_0.sku,p1_0.unit_of_measure,sm1_0.quantity_change,sm1_0.status,sm1_0.supplier_name,sm1_0.timestamp from stock_moves sm1_0 join products p1_0 on p1_0.id=sm1_0.product_id join locations l1_0 on l1_0.id=sm1_0.location_id where sm1_0.status=? order by sm1_0.timestamp desc
2026-09-26T17:33:12.216+05:30 DEBUG 23996 --- [nio-8080-exec-8] o.s.w.s.m.m.a.HttpEntityMethodProcessor  : Using 'application/json', given [*/*] and supported [application/json, application/*+json]
2026-09-26T17:33:12.218+05:30 DEBUG 23996 --- [nio-8080-exec-7] o.s.web.servlet.DispatcherServlet        : GET "/favicon.ico", parameters={}
2026-09-26T17:33:12.218+05:30 DEBUG 23996 --- [nio-8080-exec-8] o.s.w.s.m.m.a.HttpEntityMethodProcessor  : Writing [[]]
2026-09-26T17:33:12.219+05:30 DEBUG 23996 --- [nio-8080-exec-7] o.s.w.s.handler.SimpleUrlHandlerMapping  : Mapped to ResourceHttpRequestHandler [URL [file:frontend/], classpath [static/]]
2026-09-26T17:33:12.220+05:30 DEBUG 23996 --- [nio-8080-exec-8] o.s.web.servlet.DispatcherServlet        : Completed 200 OK
2026-09-26T17:33:12.224+05:30 DEBUG 23996 --- [nio-8080-exec-7] o.s.w.s.r.ResourceHttpRequestHandler     : Resource not found
2026-09-26T17:33:12.230+05:30 DEBUG 23996 --- [nio-8080-exec-7] .m.m.a.ExceptionHandlerExceptionResolver : Using @ExceptionHandler com.stocksense.controller.GlobalExceptionHandler#handleGenericException(Exception)
2026-09-26T17:33:12.235+05:30 DEBUG 23996 --- [nio-8080-exec-7] o.s.w.s.m.m.a.HttpEntityMethodProcessor  : Using 'application/json;q=0.8', given [image/avif, image/webp, image/apng, image/svg+xml, image/*, */*;q=0.8] and supported [application/json, application/*+json]
2026-09-26T17:33:12.238+05:30 DEBUG 23996 --- [nio-8080-exec-7] o.s.w.s.m.m.a.HttpEntityMethodProcessor  : Writing [com.stocksense.dto.ErrorResponseDto@2e61da47]
2026-09-26T17:33:12.241+05:30 DEBUG 23996 --- [nio-8080-exec-7] .m.m.a.ExceptionHandlerExceptionResolver : Resolved [org.springframework.web.servlet.resource.NoResourceFoundException: No static resource favicon.ico.]
2026-09-26T17:33:12.243+05:30 DEBUG 23996 --- [nio-8080-exec-7] o.s.web.servlet.DispatcherServlet        : Completed 500 INTERNAL_SERVER_ERROR
2026-09-26T17:33:14.522+05:30 DEBUG 23996 --- [nio-8080-exec-1] o.s.web.servlet.DispatcherServlet        : GET "/settings.html", parameters={}
2026-09-26T17:33:14.524+05:30 DEBUG 23996 --- [nio-8080-exec-1] o.s.w.s.handler.SimpleUrlHandlerMapping  : Mapped to ResourceHttpRequestHandler [URL [file:frontend/], classpath [static/]]
2026-09-26T17:33:14.528+05:30 DEBUG 23996 --- [nio-8080-exec-1] o.s.web.servlet.DispatcherServlet        : Completed 200 OK
2026-09-26T17:33:14.555+05:30 DEBUG 23996 --- [nio-8080-exec-6] o.s.web.servlet.DispatcherServlet        : GET "/style.css", parameters={}
2026-09-26T17:33:14.558+05:30 DEBUG 23996 --- [nio-8080-exec-6] o.s.w.s.handler.SimpleUrlHandlerMapping  : Mapped to ResourceHttpRequestHandler [URL [file:frontend/], classpath [static/]]
2026-09-26T17:33:14.562+05:30 DEBUG 23996 --- [nio-8080-exec-6] o.s.web.servlet.DispatcherServlet        : Completed 200 OK
2026-09-26T17:33:14.571+05:30 DEBUG 23996 --- [io-8080-exec-10] o.s.web.servlet.DispatcherServlet        : GET "/utils.js", parameters={}
2026-09-26T17:33:14.572+05:30 DEBUG 23996 --- [io-8080-exec-10] o.s.w.s.handler.SimpleUrlHandlerMapping  : Mapped to ResourceHttpRequestHandler [URL [file:frontend/], classpath [static/]]
2026-09-26T17:33:14.579+05:30 DEBUG 23996 --- [io-8080-exec-10] o.s.web.servlet.DispatcherServlet        : Completed 200 OK
2026-09-26T17:33:14.584+05:30 DEBUG 23996 --- [nio-8080-exec-2] o.s.web.servlet.DispatcherServlet        : GET "/api.js", parameters={}
2026-09-26T17:33:14.586+05:30 DEBUG 23996 --- [nio-8080-exec-2] o.s.w.s.handler.SimpleUrlHandlerMapping  : Mapped to ResourceHttpRequestHandler [URL [file:frontend/], classpath [static/]]
2026-09-26T17:33:14.593+05:30 DEBUG 23996 --- [nio-8080-exec-2] o.s.web.servlet.DispatcherServlet        : Completed 200 OK
2026-09-26T17:33:14.622+05:30 DEBUG 23996 --- [nio-8080-exec-3] o.s.web.servlet.DispatcherServlet        : GET "/locations", parameters={}
2026-09-26T17:33:14.625+05:30 DEBUG 23996 --- [nio-8080-exec-3] s.w.s.m.m.a.RequestMappingHandlerMapping : Mapped to com.stocksense.controller.LocationController#getAllLocations()
2026-09-26T17:33:14.632+05:30 DEBUG 23996 --- [nio-8080-exec-3] org.hibernate.SQL                        : select l1_0.id,l1_0.name from locations l1_0 order by l1_0.name
2026-09-26T17:33:14.639+05:30 DEBUG 23996 --- [nio-8080-exec-3] o.s.w.s.m.m.a.HttpEntityMethodProcessor  : Using 'application/json', given [*/*] and supported [application/json, application/*+json]
2026-09-26T17:33:14.641+05:30 DEBUG 23996 --- [nio-8080-exec-3] o.s.w.s.m.m.a.HttpEntityMethodProcessor  : Writing [[com.stocksense.model.Location@20, com.stocksense.model.Location@40]]
2026-09-26T17:33:14.644+05:30 DEBUG 23996 --- [nio-8080-exec-3] o.s.web.servlet.DispatcherServlet        : Completed 200 OK
2026-09-26T17:33:14.661+05:30 DEBUG 23996 --- [nio-8080-exec-4] o.s.web.servlet.DispatcherServlet        : GET "/favicon.ico", parameters={}
2026-09-26T17:33:14.663+05:30 DEBUG 23996 --- [nio-8080-exec-4] o.s.w.s.handler.SimpleUrlHandlerMapping  : Mapped to ResourceHttpRequestHandler [URL [file:frontend/], classpath [static/]]
2026-09-26T17:33:14.663+05:30 DEBUG 23996 --- [nio-8080-exec-4] o.s.w.s.r.ResourceHttpRequestHandler     : Resource not found
2026-09-26T17:33:14.663+05:30 DEBUG 23996 --- [nio-8080-exec-4] .m.m.a.ExceptionHandlerExceptionResolver : Using @ExceptionHandler com.stocksense.controller.GlobalExceptionHandler#handleGenericException(Exception)
2026-09-26T17:33:14.668+05:30 DEBUG 23996 --- [nio-8080-exec-4] o.s.w.s.m.m.a.HttpEntityMethodProcessor  : Using 'application/json;q=0.8', given [image/avif, image/webp, image/apng, image/svg+xml, image/*, */*;q=0.8] and supported [application/json, application/*+json]
2026-09-26T17:33:14.669+05:30 DEBUG 23996 --- [nio-8080-exec-4] o.s.w.s.m.m.a.HttpEntityMethodProcessor  : Writing [com.stocksense.dto.ErrorResponseDto@3641cad3]
2026-09-26T17:33:14.674+05:30 DEBUG 23996 --- [nio-8080-exec-4] .m.m.a.ExceptionHandlerExceptionResolver : Resolved [org.springframework.web.servlet.resource.NoResourceFoundException: No static resource favicon.ico.]
2026-09-26T17:33:14.674+05:30 DEBUG 23996 --- [nio-8080-exec-4] o.s.web.servlet.DispatcherServlet        : Completed 500 INTERNAL_SERVER_ERROR
2026-09-26T17:33:22.685+05:30 DEBUG 23996 --- [nio-8080-exec-9] o.s.web.servlet.DispatcherServlet        : GET "/login.html", parameters={}
2026-09-26T17:33:22.687+05:30 DEBUG 23996 --- [nio-8080-exec-9] o.s.w.s.handler.SimpleUrlHandlerMapping  : Mapped to ResourceHttpRequestHandler [URL [file:frontend/], classpath [static/]]
2026-09-26T17:33:22.694+05:30 DEBUG 23996 --- [nio-8080-exec-9] o.s.web.servlet.DispatcherServlet        : Completed 200 OK
2026-09-26T17:33:22.722+05:30 DEBUG 23996 --- [nio-8080-exec-5] o.s.web.servlet.DispatcherServlet        : GET "/style.css", parameters={}
2026-09-26T17:33:22.723+05:30 DEBUG 23996 --- [nio-8080-exec-5] o.s.w.s.handler.SimpleUrlHandlerMapping  : Mapped to ResourceHttpRequestHandler [URL [file:frontend/], classpath [static/]]
2026-09-26T17:33:22.727+05:30 DEBUG 23996 --- [nio-8080-exec-5] o.s.web.servlet.DispatcherServlet        : Completed 200 OK
2026-09-26T17:33:22.734+05:30 DEBUG 23996 --- [nio-8080-exec-8] o.s.web.servlet.DispatcherServlet        : GET "/api.js", parameters={}
2026-09-26T17:33:22.735+05:30 DEBUG 23996 --- [nio-8080-exec-7] o.s.web.servlet.DispatcherServlet        : GET "/utils.js", parameters={}
2026-09-26T17:33:22.737+05:30 DEBUG 23996 --- [nio-8080-exec-8] o.s.w.s.handler.SimpleUrlHandlerMapping  : Mapped to ResourceHttpRequestHandler [URL [file:frontend/], classpath [static/]]
2026-09-26T17:33:22.737+05:30 DEBUG 23996 --- [nio-8080-exec-7] o.s.w.s.handler.SimpleUrlHandlerMapping  : Mapped to ResourceHttpRequestHandler [URL [file:frontend/], classpath [static/]]
2026-09-26T17:33:22.741+05:30 DEBUG 23996 --- [nio-8080-exec-7] o.s.web.servlet.DispatcherServlet        : Completed 200 OK
2026-09-26T17:33:22.745+05:30 DEBUG 23996 --- [nio-8080-exec-8] o.s.web.servlet.DispatcherServlet        : Completed 200 OK
2026-09-26T17:33:22.781+05:30 DEBUG 23996 --- [nio-8080-exec-1] o.s.web.servlet.DispatcherServlet        : GET "/favicon.ico", parameters={}
2026-09-26T17:33:22.782+05:30 DEBUG 23996 --- [nio-8080-exec-1] o.s.w.s.handler.SimpleUrlHandlerMapping  : Mapped to ResourceHttpRequestHandler [URL [file:frontend/], classpath [static/]]
2026-09-26T17:33:22.784+05:30 DEBUG 23996 --- [nio-8080-exec-1] o.s.w.s.r.ResourceHttpRequestHandler     : Resource not found
2026-09-26T17:33:22.790+05:30 DEBUG 23996 --- [nio-8080-exec-1] .m.m.a.ExceptionHandlerExceptionResolver : Using @ExceptionHandler com.stocksense.controller.GlobalExceptionHandler#handleGenericException(Exception)
2026-09-26T17:33:22.797+05:30 DEBUG 23996 --- [nio-8080-exec-1] o.s.w.s.m.m.a.HttpEntityMethodProcessor  : Using 'application/json;q=0.8', given [image/avif, image/webp, image/apng, image/svg+xml, image/*, */*;q=0.8] and supported [application/json, application/*+json]
2026-09-26T17:33:22.801+05:30 DEBUG 23996 --- [nio-8080-exec-1] o.s.w.s.m.m.a.HttpEntityMethodProcessor  : Writing [com.stocksense.dto.ErrorResponseDto@4d41e18a]
2026-09-26T17:33:22.803+05:30 DEBUG 23996 --- [nio-8080-exec-1] .m.m.a.ExceptionHandlerExceptionResolver : Resolved [org.springframework.web.servlet.resource.NoResourceFoundException: No static resource favicon.ico.]
2026-09-26T17:33:22.804+05:30 DEBUG 23996 --- [nio-8080-exec-1] o.s.web.servlet.DispatcherServlet        : Completed 500 INTERNAL_SERVER_ERROR
2026-09-26T21:30:25.631+05:30  WARN 23996 --- [l-1 housekeeper] com.zaxxer.hikari.pool.HikariPool        : HikariPool-1 - Thread starvation or clock leap detected (housekeeper delta=3h45m53s382ms978µs700ns).
2026-09-26T21:44:43.636+05:30 DEBUG 23996 --- [io-8080-exec-10] o.s.web.servlet.DispatcherServlet        : GET "/", parameters={}
2026-09-26T21:44:43.696+05:30 DEBUG 23996 --- [io-8080-exec-10] o.s.w.s.handler.SimpleUrlHandlerMapping  : Mapped to ParameterizableViewController [view="forward:/index.html"]
2026-09-26T21:44:43.747+05:30 DEBUG 23996 --- [io-8080-exec-10] o.s.w.s.v.ContentNegotiatingViewResolver : Selected '*/*' given [*/*]
2026-09-26T21:44:43.753+05:30 DEBUG 23996 --- [io-8080-exec-10] o.s.w.servlet.view.InternalResourceView  : View name [forward:], model {}
2026-09-26T21:44:43.764+05:30 DEBUG 23996 --- [io-8080-exec-10] o.s.w.servlet.view.InternalResourceView  : Forwarding to [/index.html]
2026-09-26T21:44:43.769+05:30 DEBUG 23996 --- [io-8080-exec-10] o.s.web.servlet.DispatcherServlet        : "FORWARD" dispatch for GET "/index.html", parameters={}
2026-09-26T21:44:43.799+05:30 DEBUG 23996 --- [io-8080-exec-10] o.s.w.s.handler.SimpleUrlHandlerMapping  : Mapped to ResourceHttpRequestHandler [URL [file:frontend/], classpath [static/]]
2026-09-26T21:44:43.879+05:30 DEBUG 23996 --- [io-8080-exec-10] o.s.web.servlet.DispatcherServlet        : Exiting from "FORWARD" dispatch, status 200
2026-09-26T21:44:43.889+05:30 DEBUG 23996 --- [io-8080-exec-10] o.s.web.servlet.DispatcherServlet        : Completed 200 OK
2026-09-26T21:44:44.182+05:30 DEBUG 23996 --- [nio-8080-exec-2] o.s.web.servlet.DispatcherServlet        : GET "/reports/inventory-pdf", parameters={}
2026-09-26T21:44:44.196+05:30 DEBUG 23996 --- [nio-8080-exec-2] s.w.s.m.m.a.RequestMappingHandlerMapping : Mapped to com.stocksense.controller.DashboardController#getInventoryPdf()
2026-09-26T21:44:44.506+05:30 DEBUG 23996 --- [nio-8080-exec-2] org.hibernate.SQL                        : select p1_0.id,p1_0.category,p1_0.name,p1_0.sku,p1_0.unit_of_measure from products p1_0 order by p1_0.name
2026-09-26T21:44:44.627+05:30 DEBUG 23996 --- [nio-8080-exec-2] org.hibernate.SQL                        : select sm1_0.product_id,cast(coalesce(sum(sm1_0.quantity_change),0) as integer) from stock_moves sm1_0 where sm1_0.status='CONFIRMED' group by sm1_0.product_id
2026-09-26T21:44:44.673+05:30 DEBUG 23996 --- [nio-8080-exec-2] org.hibernate.SQL                        : select sm1_0.product_id,sm1_0.location_id,l1_0.name,cast(coalesce(sum(sm1_0.quantity_change),0) as integer) from stock_moves sm1_0 join locations l1_0 on l1_0.id=sm1_0.location_id where sm1_0.status='CONFIRMED' group by sm1_0.product_id,sm1_0.location_id,l1_0.name
2026-09-26T21:44:44.959+05:30 DEBUG 23996 --- [nio-8080-exec-2] o.s.w.s.m.m.a.HttpEntityMethodProcessor  : Found 'Content-Type:application/pdf' in response
2026-09-26T21:44:44.969+05:30 DEBUG 23996 --- [nio-8080-exec-2] o.s.w.s.m.m.a.HttpEntityMethodProcessor  : Writing [{37, 80, 68, 70, 45, 49, 46, 52, 10, 37, 83, 116, 111, 99, 107, 83, 101, 110, 115, 101, 10, 49, 32,  (truncated)...]
2026-09-26T21:44:44.982+05:30 DEBUG 23996 --- [nio-8080-exec-2] o.s.web.servlet.DispatcherServlet        : Completed 200 OK
2026-09-26T21:45:02.966+05:30 DEBUG 23996 --- [nio-8080-exec-4] o.s.web.servlet.DispatcherServlet        : GET "/dashboard", parameters={}
2026-09-26T21:45:02.968+05:30 DEBUG 23996 --- [nio-8080-exec-4] s.w.s.m.m.a.RequestMappingHandlerMapping : Mapped to com.stocksense.controller.DashboardController#getDashboard()
2026-09-26T21:45:02.977+05:30 DEBUG 23996 --- [nio-8080-exec-4] org.hibernate.SQL                        : select p1_0.id,p1_0.category,p1_0.name,p1_0.sku,p1_0.unit_of_measure from products p1_0 order by p1_0.name
2026-09-26T21:45:02.986+05:30 DEBUG 23996 --- [nio-8080-exec-4] org.hibernate.SQL                        : select sm1_0.product_id,cast(coalesce(sum(sm1_0.quantity_change),0) as integer) from stock_moves sm1_0 where sm1_0.status='CONFIRMED' group by sm1_0.product_id
2026-09-26T21:45:02.993+05:30 DEBUG 23996 --- [nio-8080-exec-4] org.hibernate.SQL                        : select sm1_0.product_id,sm1_0.location_id,l1_0.name,cast(coalesce(sum(sm1_0.quantity_change),0) as integer) from stock_moves sm1_0 join locations l1_0 on l1_0.id=sm1_0.location_id where sm1_0.status='CONFIRMED' group by sm1_0.product_id,sm1_0.location_id,l1_0.name
2026-09-26T21:45:03.021+05:30 DEBUG 23996 --- [nio-8080-exec-4] org.hibernate.SQL                        : select count(sm1_0.id) from stock_moves sm1_0 where sm1_0.status=? and sm1_0.move_type=?
2026-09-26T21:45:03.036+05:30 DEBUG 23996 --- [nio-8080-exec-4] org.hibernate.SQL                        : select count(sm1_0.id) from stock_moves sm1_0 where sm1_0.status=? and sm1_0.move_type=?
2026-09-26T21:45:03.044+05:30 DEBUG 23996 --- [nio-8080-exec-4] o.s.w.s.m.m.a.HttpEntityMethodProcessor  : Using 'application/json', given [*/*] and supported [application/json, application/*+json]
2026-09-26T21:45:03.052+05:30 DEBUG 23996 --- [nio-8080-exec-4] o.s.w.s.m.m.a.HttpEntityMethodProcessor  : Writing [com.stocksense.dto.DashboardResponseDto@1a25d72e]
2026-09-26T21:45:03.066+05:30 DEBUG 23996 --- [nio-8080-exec-4] o.s.web.servlet.DispatcherServlet        : Completed 200 OK
2026-09-26T21:45:03.139+05:30 DEBUG 23996 --- [nio-8080-exec-9] o.s.web.servlet.DispatcherServlet        : GET "/products", parameters={}
2026-09-26T21:45:03.139+05:30 DEBUG 23996 --- [nio-8080-exec-9] s.w.s.m.m.a.RequestMappingHandlerMapping : Mapped to com.stocksense.controller.ProductController#listProducts()
2026-09-26T21:45:03.143+05:30 DEBUG 23996 --- [nio-8080-exec-9] org.hibernate.SQL                        : select p1_0.id,p1_0.category,p1_0.name,p1_0.sku,p1_0.unit_of_measure from products p1_0 order by p1_0.name
2026-09-26T21:45:03.149+05:30 DEBUG 23996 --- [nio-8080-exec-9] org.hibernate.SQL                        : select sm1_0.product_id,cast(coalesce(sum(sm1_0.quantity_change),0) as integer) from stock_moves sm1_0 where sm1_0.status='CONFIRMED' group by sm1_0.product_id
2026-09-26T21:45:03.149+05:30 DEBUG 23996 --- [nio-8080-exec-9] org.hibernate.SQL                        : select sm1_0.product_id,sm1_0.location_id,l1_0.name,cast(coalesce(sum(sm1_0.quantity_change),0) as integer) from stock_moves sm1_0 join locations l1_0 on l1_0.id=sm1_0.location_id where sm1_0.status='CONFIRMED' group by sm1_0.product_id,sm1_0.location_id,l1_0.name
2026-09-26T21:45:03.156+05:30 DEBUG 23996 --- [nio-8080-exec-9] o.s.w.s.m.m.a.HttpEntityMethodProcessor  : Using 'application/json', given [*/*] and supported [application/json, application/*+json]
2026-09-26T21:45:03.156+05:30 DEBUG 23996 --- [nio-8080-exec-9] o.s.w.s.m.m.a.HttpEntityMethodProcessor  : Writing [[com.stocksense.dto.ProductResponseDto@fde5785, com.stocksense.dto.ProductResponseDto@5f9d2aaf, com. (truncated)...]
2026-09-26T21:45:03.156+05:30 DEBUG 23996 --- [nio-8080-exec-9] o.s.web.servlet.DispatcherServlet        : Completed 200 OK
2026-09-26T21:45:03.202+05:30 DEBUG 23996 --- [nio-8080-exec-5] o.s.web.servlet.DispatcherServlet        : GET "/locations", parameters={}
2026-09-26T21:45:03.204+05:30 DEBUG 23996 --- [nio-8080-exec-5] s.w.s.m.m.a.RequestMappingHandlerMapping : Mapped to com.stocksense.controller.LocationController#getAllLocations()
2026-09-26T21:45:03.208+05:30 DEBUG 23996 --- [nio-8080-exec-5] org.hibernate.SQL                        : select l1_0.id,l1_0.name from locations l1_0 order by l1_0.name
2026-09-26T21:45:03.215+05:30 DEBUG 23996 --- [nio-8080-exec-5] o.s.w.s.m.m.a.HttpEntityMethodProcessor  : Using 'application/json', given [*/*] and supported [application/json, application/*+json]
2026-09-26T21:45:03.216+05:30 DEBUG 23996 --- [nio-8080-exec-5] o.s.w.s.m.m.a.HttpEntityMethodProcessor  : Writing [[com.stocksense.model.Location@20, com.stocksense.model.Location@40]]
2026-09-26T21:45:03.217+05:30 DEBUG 23996 --- [nio-8080-exec-5] o.s.web.servlet.DispatcherServlet        : Completed 200 OK
2026-09-26T21:45:03.255+05:30 DEBUG 23996 --- [nio-8080-exec-7] o.s.web.servlet.DispatcherServlet        : GET "/stock-moves", parameters={}
2026-09-26T21:45:03.255+05:30 DEBUG 23996 --- [nio-8080-exec-7] o.s.w.s.handler.SimpleUrlHandlerMapping  : Mapped to ResourceHttpRequestHandler [URL [file:frontend/], classpath [static/]]
2026-09-26T21:45:03.264+05:30 DEBUG 23996 --- [nio-8080-exec-7] o.s.w.s.r.ResourceHttpRequestHandler     : Resource not found
2026-09-26T21:45:03.264+05:30 DEBUG 23996 --- [nio-8080-exec-7] .m.m.a.ExceptionHandlerExceptionResolver : Using @ExceptionHandler com.stocksense.controller.GlobalExceptionHandler#handleGenericException(Exception)
2026-09-26T21:45:03.274+05:30 DEBUG 23996 --- [nio-8080-exec-7] o.s.w.s.m.m.a.HttpEntityMethodProcessor  : Using 'application/json', given [*/*] and supported [application/json, application/*+json]
2026-09-26T21:45:03.274+05:30 DEBUG 23996 --- [nio-8080-exec-7] o.s.w.s.m.m.a.HttpEntityMethodProcessor  : Writing [com.stocksense.dto.ErrorResponseDto@614c9bd5]
2026-09-26T21:45:03.274+05:30 DEBUG 23996 --- [nio-8080-exec-7] .m.m.a.ExceptionHandlerExceptionResolver : Resolved [org.springframework.web.servlet.resource.NoResourceFoundException: No static resource stock-moves.]
2026-09-26T21:45:03.279+05:30 DEBUG 23996 --- [nio-8080-exec-7] o.s.web.servlet.DispatcherServlet        : Completed 500 INTERNAL_SERVER_ERROR
2026-09-26T21:45:03.331+05:30 DEBUG 23996 --- [nio-8080-exec-8] o.s.web.servlet.DispatcherServlet        : GET "/reports/inventory-pdf", parameters={}
2026-09-26T21:45:03.331+05:30 DEBUG 23996 --- [nio-8080-exec-8] s.w.s.m.m.a.RequestMappingHandlerMapping : Mapped to com.stocksense.controller.DashboardController#getInventoryPdf()
2026-09-26T21:45:03.331+05:30 DEBUG 23996 --- [nio-8080-exec-8] org.hibernate.SQL                        : select p1_0.id,p1_0.category,p1_0.name,p1_0.sku,p1_0.unit_of_measure from products p1_0 order by p1_0.name
2026-09-26T21:45:03.340+05:30 DEBUG 23996 --- [nio-8080-exec-8] org.hibernate.SQL                        : select sm1_0.product_id,cast(coalesce(sum(sm1_0.quantity_change),0) as integer) from stock_moves sm1_0 where sm1_0.status='CONFIRMED' group by sm1_0.product_id
2026-09-26T21:45:03.345+05:30 DEBUG 23996 --- [nio-8080-exec-8] org.hibernate.SQL                        : select sm1_0.product_id,sm1_0.location_id,l1_0.name,cast(coalesce(sum(sm1_0.quantity_change),0) as integer) from stock_moves sm1_0 join locations l1_0 on l1_0.id=sm1_0.location_id where sm1_0.status='CONFIRMED' group by sm1_0.product_id,sm1_0.location_id,l1_0.name
2026-09-26T21:45:03.383+05:30 DEBUG 23996 --- [nio-8080-exec-8] o.s.w.s.m.m.a.HttpEntityMethodProcessor  : Found 'Content-Type:application/pdf' in response
2026-09-26T21:45:03.396+05:30 DEBUG 23996 --- [nio-8080-exec-8] o.s.w.s.m.m.a.HttpEntityMethodProcessor  : Writing [{37, 80, 68, 70, 45, 49, 46, 52, 10, 37, 83, 116, 111, 99, 107, 83, 101, 110, 115, 101, 10, 49, 32,  (truncated)...]
2026-09-26T21:45:03.397+05:30 DEBUG 23996 --- [nio-8080-exec-8] o.s.web.servlet.DispatcherServlet        : Completed 200 OK
2026-09-26T21:45:03.454+05:30 DEBUG 23996 --- [nio-8080-exec-1] o.s.web.servlet.DispatcherServlet        : GET "/index.html", parameters={}
2026-09-26T21:45:03.454+05:30 DEBUG 23996 --- [nio-8080-exec-1] o.s.w.s.handler.SimpleUrlHandlerMapping  : Mapped to ResourceHttpRequestHandler [URL [file:frontend/], classpath [static/]]
2026-09-26T21:45:03.460+05:30 DEBUG 23996 --- [nio-8080-exec-1] o.s.web.servlet.DispatcherServlet        : Completed 200 OK
2026-09-26T21:45:03.553+05:30 DEBUG 23996 --- [nio-8080-exec-6] o.s.web.servlet.DispatcherServlet        : GET "/products.html", parameters={}
2026-09-26T21:45:03.555+05:30 DEBUG 23996 --- [nio-8080-exec-6] o.s.w.s.handler.SimpleUrlHandlerMapping  : Mapped to ResourceHttpRequestHandler [URL [file:frontend/], classpath [static/]]
2026-09-26T21:45:03.556+05:30 DEBUG 23996 --- [nio-8080-exec-6] o.s.web.servlet.DispatcherServlet        : Completed 200 OK
2026-09-26T21:45:03.611+05:30 DEBUG 23996 --- [io-8080-exec-10] o.s.web.servlet.DispatcherServlet        : GET "/receipt.html", parameters={}
2026-09-26T21:45:03.613+05:30 DEBUG 23996 --- [io-8080-exec-10] o.s.w.s.handler.SimpleUrlHandlerMapping  : Mapped to ResourceHttpRequestHandler [URL [file:frontend/], classpath [static/]]
2026-09-26T21:45:03.619+05:30 DEBUG 23996 --- [io-8080-exec-10] o.s.web.servlet.DispatcherServlet        : Completed 200 OK
2026-09-26T21:45:03.659+05:30 DEBUG 23996 --- [nio-8080-exec-2] o.s.web.servlet.DispatcherServlet        : GET "/delivery.html", parameters={}
2026-09-26T21:45:03.659+05:30 DEBUG 23996 --- [nio-8080-exec-2] o.s.w.s.handler.SimpleUrlHandlerMapping  : Mapped to ResourceHttpRequestHandler [URL [file:frontend/], classpath [static/]]
2026-09-26T21:45:03.659+05:30 DEBUG 23996 --- [nio-8080-exec-2] o.s.web.servlet.DispatcherServlet        : Completed 200 OK
2026-09-26T21:45:03.722+05:30 DEBUG 23996 --- [nio-8080-exec-3] o.s.web.servlet.DispatcherServlet        : GET "/transfer.html", parameters={}
2026-09-26T21:45:03.724+05:30 DEBUG 23996 --- [nio-8080-exec-3] o.s.w.s.handler.SimpleUrlHandlerMapping  : Mapped to ResourceHttpRequestHandler [URL [file:frontend/], classpath [static/]]
2026-09-26T21:45:03.724+05:30 DEBUG 23996 --- [nio-8080-exec-3] o.s.web.servlet.DispatcherServlet        : Completed 200 OK
2026-09-26T21:45:03.767+05:30 DEBUG 23996 --- [nio-8080-exec-4] o.s.web.servlet.DispatcherServlet        : GET "/adjustment.html", parameters={}
2026-09-26T21:45:03.767+05:30 DEBUG 23996 --- [nio-8080-exec-4] o.s.w.s.handler.SimpleUrlHandlerMapping  : Mapped to ResourceHttpRequestHandler [URL [file:frontend/], classpath [static/]]
2026-09-26T21:45:03.767+05:30 DEBUG 23996 --- [nio-8080-exec-4] o.s.web.servlet.DispatcherServlet        : Completed 200 OK
2026-09-26T21:45:03.816+05:30 DEBUG 23996 --- [nio-8080-exec-9] o.s.web.servlet.DispatcherServlet        : GET "/history.html", parameters={}
2026-09-26T21:45:03.816+05:30 DEBUG 23996 --- [nio-8080-exec-9] o.s.w.s.handler.SimpleUrlHandlerMapping  : Mapped to ResourceHttpRequestHandler [URL [file:frontend/], classpath [static/]]
2026-09-26T21:45:03.816+05:30 DEBUG 23996 --- [nio-8080-exec-9] o.s.web.servlet.DispatcherServlet        : Completed 200 OK
2026-09-26T21:45:03.859+05:30 DEBUG 23996 --- [nio-8080-exec-5] o.s.web.servlet.DispatcherServlet        : GET "/pending.html", parameters={}
2026-09-26T21:45:03.859+05:30 DEBUG 23996 --- [nio-8080-exec-5] o.s.w.s.handler.SimpleUrlHandlerMapping  : Mapped to ResourceHttpRequestHandler [URL [file:frontend/], classpath [static/]]
2026-09-26T21:45:03.859+05:30 DEBUG 23996 --- [nio-8080-exec-5] o.s.web.servlet.DispatcherServlet        : Completed 200 OK
2026-09-26T21:45:03.895+05:30 DEBUG 23996 --- [nio-8080-exec-7] o.s.web.servlet.DispatcherServlet        : GET "/settings.html", parameters={}
2026-09-26T21:45:03.895+05:30 DEBUG 23996 --- [nio-8080-exec-7] o.s.w.s.handler.SimpleUrlHandlerMapping  : Mapped to ResourceHttpRequestHandler [URL [file:frontend/], classpath [static/]]
2026-09-26T21:45:03.903+05:30 DEBUG 23996 --- [nio-8080-exec-7] o.s.web.servlet.DispatcherServlet        : Completed 200 OK
2026-09-26T21:45:03.942+05:30 DEBUG 23996 --- [nio-8080-exec-8] o.s.web.servlet.DispatcherServlet        : GET "/profile.html", parameters={}
2026-09-26T21:45:03.942+05:30 DEBUG 23996 --- [nio-8080-exec-8] o.s.w.s.handler.SimpleUrlHandlerMapping  : Mapped to ResourceHttpRequestHandler [URL [file:frontend/], classpath [static/]]
2026-09-26T21:45:03.942+05:30 DEBUG 23996 --- [nio-8080-exec-8] o.s.web.servlet.DispatcherServlet        : Completed 200 OK
2026-09-26T21:45:03.978+05:30 DEBUG 23996 --- [nio-8080-exec-1] o.s.web.servlet.DispatcherServlet        : GET "/api.js", parameters={}
2026-09-26T21:45:03.980+05:30 DEBUG 23996 --- [nio-8080-exec-1] o.s.w.s.handler.SimpleUrlHandlerMapping  : Mapped to ResourceHttpRequestHandler [URL [file:frontend/], classpath [static/]]
2026-09-26T21:45:03.981+05:30 DEBUG 23996 --- [nio-8080-exec-1] o.s.web.servlet.DispatcherServlet        : Completed 200 OK
2026-09-26T21:45:04.009+05:30 DEBUG 23996 --- [nio-8080-exec-6] o.s.web.servlet.DispatcherServlet        : GET "/utils.js", parameters={}
2026-09-26T21:45:04.011+05:30 DEBUG 23996 --- [nio-8080-exec-6] o.s.w.s.handler.SimpleUrlHandlerMapping  : Mapped to ResourceHttpRequestHandler [URL [file:frontend/], classpath [static/]]
2026-09-26T21:45:04.013+05:30 DEBUG 23996 --- [nio-8080-exec-6] o.s.web.servlet.DispatcherServlet        : Completed 200 OK
2026-09-26T21:45:04.062+05:30 DEBUG 23996 --- [io-8080-exec-10] o.s.web.servlet.DispatcherServlet        : GET "/style.css", parameters={}
2026-09-26T21:45:04.064+05:30 DEBUG 23996 --- [io-8080-exec-10] o.s.w.s.handler.SimpleUrlHandlerMapping  : Mapped to ResourceHttpRequestHandler [URL [file:frontend/], classpath [static/]]
2026-09-26T21:45:04.065+05:30 DEBUG 23996 --- [io-8080-exec-10] o.s.web.servlet.DispatcherServlet        : Completed 200 OK
2026-09-26T21:45:19.833+05:30 DEBUG 23996 --- [nio-8080-exec-3] o.s.web.servlet.DispatcherServlet        : GET "/moves/all", parameters={}
2026-09-26T21:45:19.833+05:30 DEBUG 23996 --- [nio-8080-exec-3] s.w.s.m.m.a.RequestMappingHandlerMapping : Mapped to com.stocksense.controller.StockMoveController#getAllMoves()
2026-09-26T21:45:19.839+05:30 DEBUG 23996 --- [nio-8080-exec-3] org.hibernate.SQL                        : select sm1_0.id,sm1_0.location_id,l1_0.id,l1_0.name,sm1_0.move_type,sm1_0.note,sm1_0.product_id,p1_0.id,p1_0.category,p1_0.name,p1_0.sku,p1_0.unit_of_measure,sm1_0.quantity_change,sm1_0.status,sm1_0.supplier_name,sm1_0.timestamp from stock_moves sm1_0 join products p1_0 on p1_0.id=sm1_0.product_id join locations l1_0 on l1_0.id=sm1_0.location_id order by sm1_0.timestamp desc
2026-09-26T21:45:19.876+05:30 DEBUG 23996 --- [nio-8080-exec-3] o.s.w.s.m.m.a.HttpEntityMethodProcessor  : Using 'application/json', given [*/*] and supported [application/json, application/*+json]
2026-09-26T21:45:19.878+05:30 DEBUG 23996 --- [nio-8080-exec-3] o.s.w.s.m.m.a.HttpEntityMethodProcessor  : Writing [[com.stocksense.dto.StockMoveResponseDto@1c09b161, com.stocksense.dto.StockMoveResponseDto@409ec08f, (truncated)...]
2026-09-26T21:45:19.892+05:30 DEBUG 23996 --- [nio-8080-exec-3] o.s.web.servlet.DispatcherServlet        : Completed 200 OK
2026-09-26T21:45:19.950+05:30 DEBUG 23996 --- [nio-8080-exec-4] o.s.web.servlet.DispatcherServlet        : GET "/moves/pending", parameters={}
2026-09-26T21:45:19.950+05:30 DEBUG 23996 --- [nio-8080-exec-4] s.w.s.m.m.a.RequestMappingHandlerMapping : Mapped to com.stocksense.controller.StockMoveController#getPendingMoves()
2026-09-26T21:45:19.950+05:30 DEBUG 23996 --- [nio-8080-exec-4] org.hibernate.SQL                        : select sm1_0.id,sm1_0.location_id,l1_0.id,l1_0.name,sm1_0.move_type,sm1_0.note,sm1_0.product_id,p1_0.id,p1_0.category,p1_0.name,p1_0.sku,p1_0.unit_of_measure,sm1_0.quantity_change,sm1_0.status,sm1_0.supplier_name,sm1_0.timestamp from stock_moves sm1_0 join products p1_0 on p1_0.id=sm1_0.product_id join locations l1_0 on l1_0.id=sm1_0.location_id where sm1_0.status=? order by sm1_0.timestamp desc
2026-09-26T21:45:19.971+05:30 DEBUG 23996 --- [nio-8080-exec-4] o.s.w.s.m.m.a.HttpEntityMethodProcessor  : Using 'application/json', given [*/*] and supported [application/json, application/*+json]
2026-09-26T21:45:19.971+05:30 DEBUG 23996 --- [nio-8080-exec-4] o.s.w.s.m.m.a.HttpEntityMethodProcessor  : Writing [[]]
2026-09-26T21:45:19.973+05:30 DEBUG 23996 --- [nio-8080-exec-4] o.s.web.servlet.DispatcherServlet        : Completed 200 OK
2026-09-26T21:45:20.005+05:30 DEBUG 23996 --- [nio-8080-exec-9] o.s.web.servlet.DispatcherServlet        : GET "/moves/recent", parameters={}
2026-09-26T21:45:20.007+05:30 DEBUG 23996 --- [nio-8080-exec-9] s.w.s.m.m.a.RequestMappingHandlerMapping : Mapped to com.stocksense.controller.StockMoveController#getRecentMoves(String, int)
2026-09-26T21:45:20.030+05:30 DEBUG 23996 --- [nio-8080-exec-9] org.hibernate.SQL                        : select sm1_0.id,sm1_0.location_id,l1_0.id,l1_0.name,sm1_0.move_type,sm1_0.note,sm1_0.product_id,p1_0.id,p1_0.category,p1_0.name,p1_0.sku,p1_0.unit_of_measure,sm1_0.quantity_change,sm1_0.status,sm1_0.supplier_name,sm1_0.timestamp from stock_moves sm1_0 join products p1_0 on p1_0.id=sm1_0.product_id join locations l1_0 on l1_0.id=sm1_0.location_id order by sm1_0.timestamp desc fetch first ? rows only
2026-09-26T21:45:20.030+05:30 DEBUG 23996 --- [nio-8080-exec-9] o.s.w.s.m.m.a.HttpEntityMethodProcessor  : Using 'application/json', given [*/*] and supported [application/json, application/*+json]
2026-09-26T21:45:20.030+05:30 DEBUG 23996 --- [nio-8080-exec-9] o.s.w.s.m.m.a.HttpEntityMethodProcessor  : Writing [[com.stocksense.dto.StockMoveResponseDto@63e0f7da, com.stocksense.dto.StockMoveResponseDto@40337f5c, (truncated)...]
2026-09-26T21:45:20.030+05:30 DEBUG 23996 --- [nio-8080-exec-9] o.s.web.servlet.DispatcherServlet        : Completed 200 OK
2026-09-26T21:45:20.072+05:30 DEBUG 23996 --- [nio-8080-exec-5] o.s.web.servlet.DispatcherServlet        : GET "/auth/me", parameters={}
2026-09-26T21:45:20.072+05:30 DEBUG 23996 --- [nio-8080-exec-5] s.w.s.m.m.a.RequestMappingHandlerMapping : Mapped to com.stocksense.controller.AuthController#getCurrentUser(String)
2026-09-26T21:45:20.103+05:30 DEBUG 23996 --- [nio-8080-exec-5] .m.m.a.ExceptionHandlerExceptionResolver : Using @ExceptionHandler com.stocksense.controller.GlobalExceptionHandler#handleUnauthorized(UnauthorizedException)
2026-09-26T21:45:20.103+05:30 DEBUG 23996 --- [nio-8080-exec-5] o.s.w.s.m.m.a.HttpEntityMethodProcessor  : Using 'application/json', given [*/*] and supported [application/json, application/*+json]
2026-09-26T21:45:20.103+05:30 DEBUG 23996 --- [nio-8080-exec-5] o.s.w.s.m.m.a.HttpEntityMethodProcessor  : Writing [com.stocksense.dto.ErrorResponseDto@315d7458]
2026-09-26T21:45:20.103+05:30 DEBUG 23996 --- [nio-8080-exec-5] .m.m.a.ExceptionHandlerExceptionResolver : Resolved [com.stocksense.exception.UnauthorizedException: Authentication token is missing.]
2026-09-26T21:45:20.103+05:30 DEBUG 23996 --- [nio-8080-exec-5] o.s.web.servlet.DispatcherServlet        : Completed 401 UNAUTHORIZED
2026-09-26T21:45:20.125+05:30 DEBUG 23996 --- [nio-8080-exec-7] o.s.web.servlet.DispatcherServlet        : GET "/favicon.ico", parameters={}
2026-09-26T21:45:20.125+05:30 DEBUG 23996 --- [nio-8080-exec-7] o.s.w.s.handler.SimpleUrlHandlerMapping  : Mapped to ResourceHttpRequestHandler [URL [file:frontend/], classpath [static/]]
2026-09-26T21:45:20.131+05:30 DEBUG 23996 --- [nio-8080-exec-7] o.s.w.s.r.ResourceHttpRequestHandler     : Resource not found
2026-09-26T21:45:20.131+05:30 DEBUG 23996 --- [nio-8080-exec-7] .m.m.a.ExceptionHandlerExceptionResolver : Using @ExceptionHandler com.stocksense.controller.GlobalExceptionHandler#handleGenericException(Exception)
2026-09-26T21:45:20.131+05:30 DEBUG 23996 --- [nio-8080-exec-7] o.s.w.s.m.m.a.HttpEntityMethodProcessor  : Using 'application/json', given [*/*] and supported [application/json, application/*+json]
2026-09-26T21:45:20.131+05:30 DEBUG 23996 --- [nio-8080-exec-7] o.s.w.s.m.m.a.HttpEntityMethodProcessor  : Writing [com.stocksense.dto.ErrorResponseDto@5dc6172]
2026-09-26T21:45:20.131+05:30 DEBUG 23996 --- [nio-8080-exec-7] .m.m.a.ExceptionHandlerExceptionResolver : Resolved [org.springframework.web.servlet.resource.NoResourceFoundException: No static resource favicon.ico.]
2026-09-26T21:45:20.131+05:30 DEBUG 23996 --- [nio-8080-exec-7] o.s.web.servlet.DispatcherServlet        : Completed 500 INTERNAL_SERVER_ERROR
2026-09-26T21:45:57.699+05:30 DEBUG 23996 --- [nio-8080-exec-8] o.s.web.servlet.DispatcherServlet        : GET "/products", parameters={}
2026-09-26T21:45:57.699+05:30 DEBUG 23996 --- [nio-8080-exec-8] s.w.s.m.m.a.RequestMappingHandlerMapping : Mapped to com.stocksense.controller.ProductController#listProducts()
2026-09-26T21:45:57.705+05:30 DEBUG 23996 --- [nio-8080-exec-8] org.hibernate.SQL                        : select p1_0.id,p1_0.category,p1_0.name,p1_0.sku,p1_0.unit_of_measure from products p1_0 order by p1_0.name
2026-09-26T21:45:57.709+05:30 DEBUG 23996 --- [nio-8080-exec-8] org.hibernate.SQL                        : select sm1_0.product_id,cast(coalesce(sum(sm1_0.quantity_change),0) as integer) from stock_moves sm1_0 where sm1_0.status='CONFIRMED' group by sm1_0.product_id
2026-09-26T21:45:57.715+05:30 DEBUG 23996 --- [nio-8080-exec-8] org.hibernate.SQL                        : select sm1_0.product_id,sm1_0.location_id,l1_0.name,cast(coalesce(sum(sm1_0.quantity_change),0) as integer) from stock_moves sm1_0 join locations l1_0 on l1_0.id=sm1_0.location_id where sm1_0.status='CONFIRMED' group by sm1_0.product_id,sm1_0.location_id,l1_0.name
2026-09-26T21:45:57.717+05:30 DEBUG 23996 --- [nio-8080-exec-8] o.s.w.s.m.m.a.HttpEntityMethodProcessor  : Using 'application/json', given [*/*] and supported [application/json, application/*+json]
2026-09-26T21:45:57.717+05:30 DEBUG 23996 --- [nio-8080-exec-8] o.s.w.s.m.m.a.HttpEntityMethodProcessor  : Writing [[com.stocksense.dto.ProductResponseDto@10d79450, com.stocksense.dto.ProductResponseDto@2fd42c30, com (truncated)...]
2026-09-26T21:45:57.723+05:30 DEBUG 23996 --- [nio-8080-exec-8] o.s.web.servlet.DispatcherServlet        : Completed 200 OK
2026-09-26T21:45:58.045+05:30 DEBUG 23996 --- [nio-8080-exec-1] o.s.web.servlet.DispatcherServlet        : GET "/dashboard", parameters={}
2026-09-26T21:45:58.047+05:30 DEBUG 23996 --- [nio-8080-exec-1] s.w.s.m.m.a.RequestMappingHandlerMapping : Mapped to com.stocksense.controller.DashboardController#getDashboard()
2026-09-26T21:45:58.051+05:30 DEBUG 23996 --- [nio-8080-exec-1] org.hibernate.SQL                        : select p1_0.id,p1_0.category,p1_0.name,p1_0.sku,p1_0.unit_of_measure from products p1_0 order by p1_0.name
2026-09-26T21:45:58.051+05:30 DEBUG 23996 --- [nio-8080-exec-1] org.hibernate.SQL                        : select sm1_0.product_id,cast(coalesce(sum(sm1_0.quantity_change),0) as integer) from stock_moves sm1_0 where sm1_0.status='CONFIRMED' group by sm1_0.product_id
2026-09-26T21:45:58.058+05:30 DEBUG 23996 --- [nio-8080-exec-1] org.hibernate.SQL                        : select sm1_0.product_id,sm1_0.location_id,l1_0.name,cast(coalesce(sum(sm1_0.quantity_change),0) as integer) from stock_moves sm1_0 join locations l1_0 on l1_0.id=sm1_0.location_id where sm1_0.status='CONFIRMED' group by sm1_0.product_id,sm1_0.location_id,l1_0.name
2026-09-26T21:45:58.067+05:30 DEBUG 23996 --- [nio-8080-exec-1] org.hibernate.SQL                        : select count(sm1_0.id) from stock_moves sm1_0 where sm1_0.status=? and sm1_0.move_type=?
2026-09-26T21:45:58.074+05:30 DEBUG 23996 --- [nio-8080-exec-1] org.hibernate.SQL                        : select count(sm1_0.id) from stock_moves sm1_0 where sm1_0.status=? and sm1_0.move_type=?
2026-09-26T21:45:58.078+05:30 DEBUG 23996 --- [nio-8080-exec-1] o.s.w.s.m.m.a.HttpEntityMethodProcessor  : Using 'application/json', given [*/*] and supported [application/json, application/*+json]
2026-09-26T21:45:58.080+05:30 DEBUG 23996 --- [nio-8080-exec-1] o.s.w.s.m.m.a.HttpEntityMethodProcessor  : Writing [com.stocksense.dto.DashboardResponseDto@27c65988]
2026-09-26T21:45:58.083+05:30 DEBUG 23996 --- [nio-8080-exec-1] o.s.web.servlet.DispatcherServlet        : Completed 200 OK
2026-09-26T21:45:58.256+05:30 DEBUG 23996 --- [nio-8080-exec-6] o.s.web.servlet.DispatcherServlet        : GET "/reports/inventory-pdf", parameters={}
2026-09-26T21:45:58.256+05:30 DEBUG 23996 --- [nio-8080-exec-6] s.w.s.m.m.a.RequestMappingHandlerMapping : Mapped to com.stocksense.controller.DashboardController#getInventoryPdf()
2026-09-26T21:45:58.256+05:30 DEBUG 23996 --- [nio-8080-exec-6] org.hibernate.SQL                        : select p1_0.id,p1_0.category,p1_0.name,p1_0.sku,p1_0.unit_of_measure from products p1_0 order by p1_0.name
2026-09-26T21:45:58.256+05:30 DEBUG 23996 --- [nio-8080-exec-6] org.hibernate.SQL                        : select sm1_0.product_id,cast(coalesce(sum(sm1_0.quantity_change),0) as integer) from stock_moves sm1_0 where sm1_0.status='CONFIRMED' group by sm1_0.product_id
2026-09-26T21:45:58.256+05:30 DEBUG 23996 --- [nio-8080-exec-6] org.hibernate.SQL                        : select sm1_0.product_id,sm1_0.location_id,l1_0.name,cast(coalesce(sum(sm1_0.quantity_change),0) as integer) from stock_moves sm1_0 join locations l1_0 on l1_0.id=sm1_0.location_id where sm1_0.status='CONFIRMED' group by sm1_0.product_id,sm1_0.location_id,l1_0.name
2026-09-26T21:45:58.289+05:30 DEBUG 23996 --- [nio-8080-exec-6] o.s.w.s.m.m.a.HttpEntityMethodProcessor  : Found 'Content-Type:application/pdf' in response
2026-09-26T21:45:58.296+05:30 DEBUG 23996 --- [nio-8080-exec-6] o.s.w.s.m.m.a.HttpEntityMethodProcessor  : Writing [{37, 80, 68, 70, 45, 49, 46, 52, 10, 37, 83, 116, 111, 99, 107, 83, 101, 110, 115, 101, 10, 49, 32,  (truncated)...]
2026-09-26T21:45:58.298+05:30 DEBUG 23996 --- [nio-8080-exec-6] o.s.web.servlet.DispatcherServlet        : Completed 200 OK
2026-09-26T21:46:17.513+05:30 DEBUG 23996 --- [nio-8080-exec-2] o.s.web.servlet.DispatcherServlet        : GET "/login.html", parameters={}
2026-09-26T21:46:17.518+05:30 DEBUG 23996 --- [nio-8080-exec-2] o.s.w.s.handler.SimpleUrlHandlerMapping  : Mapped to ResourceHttpRequestHandler [URL [file:frontend/], classpath [static/]]
2026-09-26T21:46:17.530+05:30 DEBUG 23996 --- [nio-8080-exec-2] o.s.web.servlet.DispatcherServlet        : Completed 200 OK
2026-09-26T21:46:18.001+05:30 DEBUG 23996 --- [nio-8080-exec-3] o.s.web.servlet.DispatcherServlet        : GET "/style.css", parameters={}
2026-09-26T21:46:18.003+05:30 DEBUG 23996 --- [nio-8080-exec-3] o.s.w.s.handler.SimpleUrlHandlerMapping  : Mapped to ResourceHttpRequestHandler [URL [file:frontend/], classpath [static/]]
2026-09-26T21:46:18.010+05:30 DEBUG 23996 --- [nio-8080-exec-3] o.s.web.servlet.DispatcherServlet        : Completed 200 OK
2026-09-26T21:46:18.046+05:30 DEBUG 23996 --- [nio-8080-exec-4] o.s.web.servlet.DispatcherServlet        : GET "/api.js", parameters={}
2026-09-26T21:46:18.046+05:30 DEBUG 23996 --- [nio-8080-exec-9] o.s.web.servlet.DispatcherServlet        : GET "/utils.js", parameters={}
2026-09-26T21:46:18.046+05:30 DEBUG 23996 --- [nio-8080-exec-4] o.s.w.s.handler.SimpleUrlHandlerMapping  : Mapped to ResourceHttpRequestHandler [URL [file:frontend/], classpath [static/]]
2026-09-26T21:46:18.046+05:30 DEBUG 23996 --- [nio-8080-exec-9] o.s.w.s.handler.SimpleUrlHandlerMapping  : Mapped to ResourceHttpRequestHandler [URL [file:frontend/], classpath [static/]]
2026-09-26T21:46:18.051+05:30 DEBUG 23996 --- [nio-8080-exec-9] o.s.web.servlet.DispatcherServlet        : Completed 200 OK
2026-09-26T21:46:18.051+05:30 DEBUG 23996 --- [nio-8080-exec-4] o.s.web.servlet.DispatcherServlet        : Completed 200 OK
2026-09-26T21:46:18.232+05:30 DEBUG 23996 --- [nio-8080-exec-5] o.s.web.servlet.DispatcherServlet        : GET "/favicon.ico", parameters={}
2026-09-26T21:46:18.235+05:30 DEBUG 23996 --- [nio-8080-exec-5] o.s.w.s.handler.SimpleUrlHandlerMapping  : Mapped to ResourceHttpRequestHandler [URL [file:frontend/], classpath [static/]]
2026-09-26T21:46:18.240+05:30 DEBUG 23996 --- [nio-8080-exec-5] o.s.w.s.r.ResourceHttpRequestHandler     : Resource not found
2026-09-26T21:46:18.242+05:30 DEBUG 23996 --- [nio-8080-exec-5] .m.m.a.ExceptionHandlerExceptionResolver : Using @ExceptionHandler com.stocksense.controller.GlobalExceptionHandler#handleGenericException(Exception)
2026-09-26T21:46:18.250+05:30 DEBUG 23996 --- [nio-8080-exec-5] o.s.w.s.m.m.a.HttpEntityMethodProcessor  : Using 'application/json;q=0.8', given [image/avif, image/webp, image/apng, image/svg+xml, image/*, */*;q=0.8] and supported [application/json, application/*+json]
2026-09-26T21:46:18.251+05:30 DEBUG 23996 --- [nio-8080-exec-5] o.s.w.s.m.m.a.HttpEntityMethodProcessor  : Writing [com.stocksense.dto.ErrorResponseDto@7da095e]
2026-09-26T21:46:18.256+05:30 DEBUG 23996 --- [nio-8080-exec-5] .m.m.a.ExceptionHandlerExceptionResolver : Resolved [org.springframework.web.servlet.resource.NoResourceFoundException: No static resource favicon.ico.]
2026-09-26T21:46:18.256+05:30 DEBUG 23996 --- [nio-8080-exec-5] o.s.web.servlet.DispatcherServlet        : Completed 500 INTERNAL_SERVER_ERROR
2026-09-26T21:46:19.856+05:30 DEBUG 23996 --- [nio-8080-exec-7] o.s.web.servlet.DispatcherServlet        : POST "/auth/login", parameters={}
2026-09-26T21:46:19.856+05:30 DEBUG 23996 --- [nio-8080-exec-7] s.w.s.m.m.a.RequestMappingHandlerMapping : Mapped to com.stocksense.controller.AuthController#login(AuthRequestDto)
2026-09-26T21:46:19.885+05:30 DEBUG 23996 --- [nio-8080-exec-7] m.m.a.RequestResponseBodyMethodProcessor : Read "application/json;charset=UTF-8" to [com.stocksense.dto.AuthRequestDto@412da543]
2026-09-26T21:46:19.933+05:30 DEBUG 23996 --- [nio-8080-exec-7] org.hibernate.SQL                        : select u1_0.id,u1_0.created_at,u1_0.email,u1_0.password_hash from users u1_0 where upper(u1_0.email)=upper(?)
2026-09-26T21:46:20.281+05:30 DEBUG 23996 --- [nio-8080-exec-7] o.s.w.s.m.m.a.HttpEntityMethodProcessor  : Using 'application/json', given [*/*] and supported [application/json, application/*+json]
2026-09-26T21:46:20.281+05:30 DEBUG 23996 --- [nio-8080-exec-7] o.s.w.s.m.m.a.HttpEntityMethodProcessor  : Writing [com.stocksense.dto.AuthResponseDto@57738615]
2026-09-26T21:46:20.281+05:30 DEBUG 23996 --- [nio-8080-exec-7] o.s.web.servlet.DispatcherServlet        : Completed 200 OK
2026-09-26T21:46:20.823+05:30 DEBUG 23996 --- [nio-8080-exec-8] o.s.web.servlet.DispatcherServlet        : GET "/index.html", parameters={}
2026-09-26T21:46:20.829+05:30 DEBUG 23996 --- [nio-8080-exec-8] o.s.w.s.handler.SimpleUrlHandlerMapping  : Mapped to ResourceHttpRequestHandler [URL [file:frontend/], classpath [static/]]
2026-09-26T21:46:20.833+05:30 DEBUG 23996 --- [nio-8080-exec-8] o.s.web.servlet.DispatcherServlet        : Completed 200 OK
2026-09-26T21:46:20.865+05:30 DEBUG 23996 --- [nio-8080-exec-1] o.s.web.servlet.DispatcherServlet        : GET "/style.css", parameters={}
2026-09-26T21:46:20.870+05:30 DEBUG 23996 --- [nio-8080-exec-1] o.s.w.s.handler.SimpleUrlHandlerMapping  : Mapped to ResourceHttpRequestHandler [URL [file:frontend/], classpath [static/]]
2026-09-26T21:46:20.882+05:30 DEBUG 23996 --- [nio-8080-exec-1] o.s.web.servlet.DispatcherServlet        : Completed 200 OK
2026-09-26T21:46:21.072+05:30 DEBUG 23996 --- [io-8080-exec-10] o.s.web.servlet.DispatcherServlet        : GET "/utils.js", parameters={}
2026-09-26T21:46:21.079+05:30 DEBUG 23996 --- [io-8080-exec-10] o.s.w.s.handler.SimpleUrlHandlerMapping  : Mapped to ResourceHttpRequestHandler [URL [file:frontend/], classpath [static/]]
2026-09-26T21:46:21.072+05:30 DEBUG 23996 --- [nio-8080-exec-6] o.s.web.servlet.DispatcherServlet        : GET "/api.js", parameters={}
2026-09-26T21:46:21.088+05:30 DEBUG 23996 --- [nio-8080-exec-6] o.s.w.s.handler.SimpleUrlHandlerMapping  : Mapped to ResourceHttpRequestHandler [URL [file:frontend/], classpath [static/]]
2026-09-26T21:46:21.102+05:30 DEBUG 23996 --- [nio-8080-exec-6] o.s.web.servlet.DispatcherServlet        : Completed 200 OK
2026-09-26T21:46:21.118+05:30 DEBUG 23996 --- [io-8080-exec-10] o.s.web.servlet.DispatcherServlet        : Completed 200 OK
2026-09-26T21:46:21.142+05:30 DEBUG 23996 --- [nio-8080-exec-3] o.s.web.servlet.DispatcherServlet        : GET "/products", parameters={}
2026-09-26T21:46:21.144+05:30 DEBUG 23996 --- [nio-8080-exec-3] s.w.s.m.m.a.RequestMappingHandlerMapping : Mapped to com.stocksense.controller.ProductController#listProducts()
2026-09-26T21:46:21.155+05:30 DEBUG 23996 --- [nio-8080-exec-3] org.hibernate.SQL                        : select p1_0.id,p1_0.category,p1_0.name,p1_0.sku,p1_0.unit_of_measure from products p1_0 order by p1_0.name
2026-09-26T21:46:21.148+05:30 DEBUG 23996 --- [nio-8080-exec-2] o.s.web.servlet.DispatcherServlet        : GET "/dashboard", parameters={}
2026-09-26T21:46:21.157+05:30 DEBUG 23996 --- [nio-8080-exec-2] s.w.s.m.m.a.RequestMappingHandlerMapping : Mapped to com.stocksense.controller.DashboardController#getDashboard()
2026-09-26T21:46:21.166+05:30 DEBUG 23996 --- [nio-8080-exec-2] org.hibernate.SQL                        : select p1_0.id,p1_0.category,p1_0.name,p1_0.sku,p1_0.unit_of_measure from products p1_0 order by p1_0.name
2026-09-26T21:46:21.170+05:30 DEBUG 23996 --- [nio-8080-exec-3] org.hibernate.SQL                        : select sm1_0.product_id,cast(coalesce(sum(sm1_0.quantity_change),0) as integer) from stock_moves sm1_0 where sm1_0.status='CONFIRMED' group by sm1_0.product_id
2026-09-26T21:46:21.172+05:30 DEBUG 23996 --- [nio-8080-exec-2] org.hibernate.SQL                        : select sm1_0.product_id,cast(coalesce(sum(sm1_0.quantity_change),0) as integer) from stock_moves sm1_0 where sm1_0.status='CONFIRMED' group by sm1_0.product_id
2026-09-26T21:46:21.172+05:30 DEBUG 23996 --- [nio-8080-exec-3] org.hibernate.SQL                        : select sm1_0.product_id,sm1_0.location_id,l1_0.name,cast(coalesce(sum(sm1_0.quantity_change),0) as integer) from stock_moves sm1_0 join locations l1_0 on l1_0.id=sm1_0.location_id where sm1_0.status='CONFIRMED' group by sm1_0.product_id,sm1_0.location_id,l1_0.name
2026-09-26T21:46:21.182+05:30 DEBUG 23996 --- [nio-8080-exec-2] org.hibernate.SQL                        : select sm1_0.product_id,sm1_0.location_id,l1_0.name,cast(coalesce(sum(sm1_0.quantity_change),0) as integer) from stock_moves sm1_0 join locations l1_0 on l1_0.id=sm1_0.location_id where sm1_0.status='CONFIRMED' group by sm1_0.product_id,sm1_0.location_id,l1_0.name
2026-09-26T21:46:21.185+05:30 DEBUG 23996 --- [nio-8080-exec-3] o.s.w.s.m.m.a.HttpEntityMethodProcessor  : Using 'application/json', given [*/*] and supported [application/json, application/*+json]
2026-09-26T21:46:21.196+05:30 DEBUG 23996 --- [nio-8080-exec-3] o.s.w.s.m.m.a.HttpEntityMethodProcessor  : Writing [[com.stocksense.dto.ProductResponseDto@9556568, com.stocksense.dto.ProductResponseDto@2e39b0ea, com. (truncated)...]
2026-09-26T21:46:21.202+05:30 DEBUG 23996 --- [nio-8080-exec-3] o.s.web.servlet.DispatcherServlet        : Completed 200 OK
2026-09-26T21:46:21.204+05:30 DEBUG 23996 --- [nio-8080-exec-4] o.s.web.servlet.DispatcherServlet        : GET "/favicon.ico", parameters={}
2026-09-26T21:46:21.204+05:30 DEBUG 23996 --- [nio-8080-exec-2] org.hibernate.SQL                        : select count(sm1_0.id) from stock_moves sm1_0 where sm1_0.status=? and sm1_0.move_type=?
2026-09-26T21:46:21.204+05:30 DEBUG 23996 --- [nio-8080-exec-4] o.s.w.s.handler.SimpleUrlHandlerMapping  : Mapped to ResourceHttpRequestHandler [URL [file:frontend/], classpath [static/]]
2026-09-26T21:46:21.208+05:30 DEBUG 23996 --- [nio-8080-exec-4] o.s.w.s.r.ResourceHttpRequestHandler     : Resource not found
2026-09-26T21:46:21.215+05:30 DEBUG 23996 --- [nio-8080-exec-2] org.hibernate.SQL                        : select count(sm1_0.id) from stock_moves sm1_0 where sm1_0.status=? and sm1_0.move_type=?
2026-09-26T21:46:21.215+05:30 DEBUG 23996 --- [nio-8080-exec-4] .m.m.a.ExceptionHandlerExceptionResolver : Using @ExceptionHandler com.stocksense.controller.GlobalExceptionHandler#handleGenericException(Exception)
2026-09-26T21:46:21.217+05:30 DEBUG 23996 --- [nio-8080-exec-4] o.s.w.s.m.m.a.HttpEntityMethodProcessor  : Using 'application/json;q=0.8', given [image/avif, image/webp, image/apng, image/svg+xml, image/*, */*;q=0.8] and supported [application/json, application/*+json]
2026-09-26T21:46:21.219+05:30 DEBUG 23996 --- [nio-8080-exec-4] o.s.w.s.m.m.a.HttpEntityMethodProcessor  : Writing [com.stocksense.dto.ErrorResponseDto@5d04c8]
2026-09-26T21:46:21.219+05:30 DEBUG 23996 --- [nio-8080-exec-4] .m.m.a.ExceptionHandlerExceptionResolver : Resolved [org.springframework.web.servlet.resource.NoResourceFoundException: No static resource favicon.ico.]
2026-09-26T21:46:21.223+05:30 DEBUG 23996 --- [nio-8080-exec-4] o.s.web.servlet.DispatcherServlet        : Completed 500 INTERNAL_SERVER_ERROR
2026-09-26T21:46:21.227+05:30 DEBUG 23996 --- [nio-8080-exec-2] o.s.w.s.m.m.a.HttpEntityMethodProcessor  : Using 'application/json', given [*/*] and supported [application/json, application/*+json]
2026-09-26T21:46:21.230+05:30 DEBUG 23996 --- [nio-8080-exec-2] o.s.w.s.m.m.a.HttpEntityMethodProcessor  : Writing [com.stocksense.dto.DashboardResponseDto@7a936e62]
2026-09-26T21:46:21.232+05:30 DEBUG 23996 --- [nio-8080-exec-2] o.s.web.servlet.DispatcherServlet        : Completed 200 OK
2026-09-26T21:46:30.150+05:30 DEBUG 23996 --- [nio-8080-exec-9] o.s.web.servlet.DispatcherServlet        : GET "/history.html", parameters={}
2026-09-26T21:46:30.152+05:30 DEBUG 23996 --- [nio-8080-exec-9] o.s.w.s.handler.SimpleUrlHandlerMapping  : Mapped to ResourceHttpRequestHandler [URL [file:frontend/], classpath [static/]]
2026-09-26T21:46:30.169+05:30 DEBUG 23996 --- [nio-8080-exec-9] o.s.web.servlet.DispatcherServlet        : Completed 200 OK
2026-09-26T21:46:30.251+05:30 DEBUG 23996 --- [nio-8080-exec-5] o.s.web.servlet.DispatcherServlet        : GET "/style.css", parameters={}
2026-09-26T21:46:30.264+05:30 DEBUG 23996 --- [nio-8080-exec-5] o.s.w.s.handler.SimpleUrlHandlerMapping  : Mapped to ResourceHttpRequestHandler [URL [file:frontend/], classpath [static/]]
2026-09-26T21:46:30.272+05:30 DEBUG 23996 --- [nio-8080-exec-5] o.s.web.servlet.DispatcherServlet        : Completed 200 OK
2026-09-26T21:46:30.283+05:30 DEBUG 23996 --- [nio-8080-exec-7] o.s.web.servlet.DispatcherServlet        : GET "/api.js", parameters={}
2026-09-26T21:46:30.283+05:30 DEBUG 23996 --- [nio-8080-exec-8] o.s.web.servlet.DispatcherServlet        : GET "/utils.js", parameters={}
2026-09-26T21:46:30.285+05:30 DEBUG 23996 --- [nio-8080-exec-7] o.s.w.s.handler.SimpleUrlHandlerMapping  : Mapped to ResourceHttpRequestHandler [URL [file:frontend/], classpath [static/]]
2026-09-26T21:46:30.285+05:30 DEBUG 23996 --- [nio-8080-exec-8] o.s.w.s.handler.SimpleUrlHandlerMapping  : Mapped to ResourceHttpRequestHandler [URL [file:frontend/], classpath [static/]]
2026-09-26T21:46:30.287+05:30 DEBUG 23996 --- [nio-8080-exec-7] o.s.web.servlet.DispatcherServlet        : Completed 200 OK
2026-09-26T21:46:30.292+05:30 DEBUG 23996 --- [nio-8080-exec-8] o.s.web.servlet.DispatcherServlet        : Completed 200 OK
2026-09-26T21:46:30.326+05:30 DEBUG 23996 --- [nio-8080-exec-1] o.s.web.servlet.DispatcherServlet        : GET "/moves/all", parameters={}
2026-09-26T21:46:30.329+05:30 DEBUG 23996 --- [nio-8080-exec-1] s.w.s.m.m.a.RequestMappingHandlerMapping : Mapped to com.stocksense.controller.StockMoveController#getAllMoves()
2026-09-26T21:46:30.337+05:30 DEBUG 23996 --- [nio-8080-exec-1] org.hibernate.SQL                        : select sm1_0.id,sm1_0.location_id,l1_0.id,l1_0.name,sm1_0.move_type,sm1_0.note,sm1_0.product_id,p1_0.id,p1_0.category,p1_0.name,p1_0.sku,p1_0.unit_of_measure,sm1_0.quantity_change,sm1_0.status,sm1_0.supplier_name,sm1_0.timestamp from stock_moves sm1_0 join products p1_0 on p1_0.id=sm1_0.product_id join locations l1_0 on l1_0.id=sm1_0.location_id order by sm1_0.timestamp desc
2026-09-26T21:46:30.346+05:30 DEBUG 23996 --- [nio-8080-exec-6] o.s.web.servlet.DispatcherServlet        : GET "/favicon.ico", parameters={}
2026-09-26T21:46:30.349+05:30 DEBUG 23996 --- [nio-8080-exec-6] o.s.w.s.handler.SimpleUrlHandlerMapping  : Mapped to ResourceHttpRequestHandler [URL [file:frontend/], classpath [static/]]
2026-09-26T21:46:30.351+05:30 DEBUG 23996 --- [nio-8080-exec-6] o.s.w.s.r.ResourceHttpRequestHandler     : Resource not found
2026-09-26T21:46:30.353+05:30 DEBUG 23996 --- [nio-8080-exec-6] .m.m.a.ExceptionHandlerExceptionResolver : Using @ExceptionHandler com.stocksense.controller.GlobalExceptionHandler#handleGenericException(Exception)
2026-09-26T21:46:30.354+05:30 DEBUG 23996 --- [nio-8080-exec-1] o.s.w.s.m.m.a.HttpEntityMethodProcessor  : Using 'application/json', given [*/*] and supported [application/json, application/*+json]
2026-09-26T21:46:30.360+05:30 DEBUG 23996 --- [nio-8080-exec-6] o.s.w.s.m.m.a.HttpEntityMethodProcessor  : Using 'application/json;q=0.8', given [image/avif, image/webp, image/apng, image/svg+xml, image/*, */*;q=0.8] and supported [application/json, application/*+json]
2026-09-26T21:46:30.360+05:30 DEBUG 23996 --- [nio-8080-exec-1] o.s.w.s.m.m.a.HttpEntityMethodProcessor  : Writing [[com.stocksense.dto.StockMoveResponseDto@1f9d3e66, com.stocksense.dto.StockMoveResponseDto@303371bd, (truncated)...]
2026-09-26T21:46:30.362+05:30 DEBUG 23996 --- [nio-8080-exec-6] o.s.w.s.m.m.a.HttpEntityMethodProcessor  : Writing [com.stocksense.dto.ErrorResponseDto@461966e2]
2026-09-26T21:46:30.362+05:30 DEBUG 23996 --- [nio-8080-exec-1] o.s.web.servlet.DispatcherServlet        : Completed 200 OK
2026-09-26T21:46:30.362+05:30 DEBUG 23996 --- [nio-8080-exec-6] .m.m.a.ExceptionHandlerExceptionResolver : Resolved [org.springframework.web.servlet.resource.NoResourceFoundException: No static resource favicon.ico.]
2026-09-26T21:46:30.365+05:30 DEBUG 23996 --- [nio-8080-exec-6] o.s.web.servlet.DispatcherServlet        : Completed 500 INTERNAL_SERVER_ERROR
2026-09-26T21:46:33.200+05:30 DEBUG 23996 --- [io-8080-exec-10] o.s.web.servlet.DispatcherServlet        : GET "/favicon.ico", parameters={}
2026-09-26T21:46:33.202+05:30 DEBUG 23996 --- [io-8080-exec-10] o.s.w.s.handler.SimpleUrlHandlerMapping  : Mapped to ResourceHttpRequestHandler [URL [file:frontend/], classpath [static/]]
2026-09-26T21:46:33.207+05:30 DEBUG 23996 --- [io-8080-exec-10] o.s.w.s.r.ResourceHttpRequestHandler     : Resource not found
2026-09-26T21:46:33.210+05:30 DEBUG 23996 --- [io-8080-exec-10] .m.m.a.ExceptionHandlerExceptionResolver : Using @ExceptionHandler com.stocksense.controller.GlobalExceptionHandler#handleGenericException(Exception)
2026-09-26T21:46:33.213+05:30 DEBUG 23996 --- [io-8080-exec-10] o.s.w.s.m.m.a.HttpEntityMethodProcessor  : Using 'application/json;q=0.8', given [image/avif, image/webp, image/apng, image/svg+xml, image/*, */*;q=0.8] and supported [application/json, application/*+json]
2026-09-26T21:46:33.215+05:30 DEBUG 23996 --- [io-8080-exec-10] o.s.w.s.m.m.a.HttpEntityMethodProcessor  : Writing [com.stocksense.dto.ErrorResponseDto@46630efc]
2026-09-26T21:46:33.220+05:30 DEBUG 23996 --- [io-8080-exec-10] .m.m.a.ExceptionHandlerExceptionResolver : Resolved [org.springframework.web.servlet.resource.NoResourceFoundException: No static resource favicon.ico.]
2026-09-26T21:46:33.222+05:30 DEBUG 23996 --- [io-8080-exec-10] o.s.web.servlet.DispatcherServlet        : Completed 500 INTERNAL_SERVER_ERROR
2026-09-26T21:46:35.702+05:30 DEBUG 23996 --- [nio-8080-exec-3] o.s.web.servlet.DispatcherServlet        : GET "/reports/inventory-pdf", parameters={}
2026-09-26T21:46:35.711+05:30 DEBUG 23996 --- [nio-8080-exec-3] s.w.s.m.m.a.RequestMappingHandlerMapping : Mapped to com.stocksense.controller.DashboardController#getInventoryPdf()
2026-09-26T21:46:35.721+05:30 DEBUG 23996 --- [nio-8080-exec-3] org.hibernate.SQL                        : select p1_0.id,p1_0.category,p1_0.name,p1_0.sku,p1_0.unit_of_measure from products p1_0 order by p1_0.name
2026-09-26T21:46:35.746+05:30 DEBUG 23996 --- [nio-8080-exec-3] org.hibernate.SQL                        : select sm1_0.product_id,cast(coalesce(sum(sm1_0.quantity_change),0) as integer) from stock_moves sm1_0 where sm1_0.status='CONFIRMED' group by sm1_0.product_id
2026-09-26T21:46:35.753+05:30 DEBUG 23996 --- [nio-8080-exec-3] org.hibernate.SQL                        : select sm1_0.product_id,sm1_0.location_id,l1_0.name,cast(coalesce(sum(sm1_0.quantity_change),0) as integer) from stock_moves sm1_0 join locations l1_0 on l1_0.id=sm1_0.location_id where sm1_0.status='CONFIRMED' group by sm1_0.product_id,sm1_0.location_id,l1_0.name
2026-09-26T21:46:35.811+05:30 DEBUG 23996 --- [nio-8080-exec-3] o.s.w.s.m.m.a.HttpEntityMethodProcessor  : Found 'Content-Type:application/pdf' in response
2026-09-26T21:46:35.832+05:30 DEBUG 23996 --- [nio-8080-exec-3] o.s.w.s.m.m.a.HttpEntityMethodProcessor  : Writing [{37, 80, 68, 70, 45, 49, 46, 52, 10, 37, 83, 116, 111, 99, 107, 83, 101, 110, 115, 101, 10, 49, 32,  (truncated)...]
2026-09-26T21:46:35.832+05:30 DEBUG 23996 --- [nio-8080-exec-3] o.s.web.servlet.DispatcherServlet        : Completed 200 OK
2026-09-26T21:46:36.397+05:30 DEBUG 23996 --- [nio-8080-exec-4] o.s.web.servlet.DispatcherServlet        : GET "/", parameters={}
2026-09-26T21:46:36.398+05:30 DEBUG 23996 --- [nio-8080-exec-4] o.s.w.s.handler.SimpleUrlHandlerMapping  : Mapped to ParameterizableViewController [view="forward:/index.html"]
2026-09-26T21:46:36.398+05:30 DEBUG 23996 --- [nio-8080-exec-4] o.s.w.s.v.ContentNegotiatingViewResolver : Selected '*/*' given [*/*]
2026-09-26T21:46:36.398+05:30 DEBUG 23996 --- [nio-8080-exec-4] o.s.w.servlet.view.InternalResourceView  : View name [forward:], model {}
2026-09-26T21:46:36.398+05:30 DEBUG 23996 --- [nio-8080-exec-4] o.s.w.servlet.view.InternalResourceView  : Forwarding to [/index.html]
2026-09-26T21:46:36.403+05:30 DEBUG 23996 --- [nio-8080-exec-4] o.s.web.servlet.DispatcherServlet        : "FORWARD" dispatch for GET "/index.html", parameters={}
2026-09-26T21:46:36.406+05:30 DEBUG 23996 --- [nio-8080-exec-4] o.s.w.s.handler.SimpleUrlHandlerMapping  : Mapped to ResourceHttpRequestHandler [URL [file:frontend/], classpath [static/]]
2026-09-26T21:46:36.409+05:30 DEBUG 23996 --- [nio-8080-exec-4] o.s.web.servlet.DispatcherServlet        : Exiting from "FORWARD" dispatch, status 200
2026-09-26T21:46:36.412+05:30 DEBUG 23996 --- [nio-8080-exec-4] o.s.web.servlet.DispatcherServlet        : Completed 200 OK
2026-09-26T21:46:36.500+05:30 DEBUG 23996 --- [nio-8080-exec-2] o.s.web.servlet.DispatcherServlet        : GET "/health", parameters={}
2026-09-26T21:46:36.500+05:30 DEBUG 23996 --- [nio-8080-exec-2] s.w.s.m.m.a.RequestMappingHandlerMapping : Mapped to com.stocksense.controller.DashboardController#healthCheck()
2026-09-26T21:46:36.505+05:30 DEBUG 23996 --- [nio-8080-exec-2] o.s.w.s.m.m.a.HttpEntityMethodProcessor  : Using 'application/json', given [*/*] and supported [application/json, application/*+json]
2026-09-26T21:46:36.505+05:30 DEBUG 23996 --- [nio-8080-exec-2] o.s.w.s.m.m.a.HttpEntityMethodProcessor  : Writing [{status=ok, service=StockSense API (Spring Boot)}]
2026-09-26T21:46:36.516+05:30 DEBUG 23996 --- [nio-8080-exec-2] o.s.web.servlet.DispatcherServlet        : Completed 200 OK
2026-09-26T21:46:36.577+05:30 DEBUG 23996 --- [nio-8080-exec-9] o.s.web.servlet.DispatcherServlet        : GET "/dashboard", parameters={}
2026-09-26T21:46:36.579+05:30 DEBUG 23996 --- [nio-8080-exec-9] s.w.s.m.m.a.RequestMappingHandlerMapping : Mapped to com.stocksense.controller.DashboardController#getDashboard()
2026-09-26T21:46:36.584+05:30 DEBUG 23996 --- [nio-8080-exec-9] org.hibernate.SQL                        : select p1_0.id,p1_0.category,p1_0.name,p1_0.sku,p1_0.unit_of_measure from products p1_0 order by p1_0.name
2026-09-26T21:46:36.593+05:30 DEBUG 23996 --- [nio-8080-exec-9] org.hibernate.SQL                        : select sm1_0.product_id,cast(coalesce(sum(sm1_0.quantity_change),0) as integer) from stock_moves sm1_0 where sm1_0.status='CONFIRMED' group by sm1_0.product_id
2026-09-26T21:46:36.599+05:30 DEBUG 23996 --- [nio-8080-exec-9] org.hibernate.SQL                        : select sm1_0.product_id,sm1_0.location_id,l1_0.name,cast(coalesce(sum(sm1_0.quantity_change),0) as integer) from stock_moves sm1_0 join locations l1_0 on l1_0.id=sm1_0.location_id where sm1_0.status='CONFIRMED' group by sm1_0.product_id,sm1_0.location_id,l1_0.name
2026-09-26T21:46:36.617+05:30 DEBUG 23996 --- [nio-8080-exec-9] org.hibernate.SQL                        : select count(sm1_0.id) from stock_moves sm1_0 where sm1_0.status=? and sm1_0.move_type=?
2026-09-26T21:46:36.635+05:30 DEBUG 23996 --- [nio-8080-exec-9] org.hibernate.SQL                        : select count(sm1_0.id) from stock_moves sm1_0 where sm1_0.status=? and sm1_0.move_type=?
2026-09-26T21:46:36.649+05:30 DEBUG 23996 --- [nio-8080-exec-9] o.s.w.s.m.m.a.HttpEntityMethodProcessor  : Using 'application/json', given [*/*] and supported [application/json, application/*+json]
2026-09-26T21:46:36.651+05:30 DEBUG 23996 --- [nio-8080-exec-9] o.s.w.s.m.m.a.HttpEntityMethodProcessor  : Writing [com.stocksense.dto.DashboardResponseDto@e9a6d3f]
2026-09-26T21:46:36.652+05:30 DEBUG 23996 --- [nio-8080-exec-9] o.s.web.servlet.DispatcherServlet        : Completed 200 OK
2026-09-26T21:46:36.720+05:30 DEBUG 23996 --- [nio-8080-exec-5] o.s.web.servlet.DispatcherServlet        : GET "/products", parameters={}
2026-09-26T21:46:36.730+05:30 DEBUG 23996 --- [nio-8080-exec-5] s.w.s.m.m.a.RequestMappingHandlerMapping : Mapped to com.stocksense.controller.ProductController#listProducts()
2026-09-26T21:46:36.753+05:30 DEBUG 23996 --- [nio-8080-exec-5] org.hibernate.SQL                        : select p1_0.id,p1_0.category,p1_0.name,p1_0.sku,p1_0.unit_of_measure from products p1_0 order by p1_0.name
2026-09-26T21:46:36.868+05:30 DEBUG 23996 --- [nio-8080-exec-5] org.hibernate.SQL                        : select sm1_0.product_id,cast(coalesce(sum(sm1_0.quantity_change),0) as integer) from stock_moves sm1_0 where sm1_0.status='CONFIRMED' group by sm1_0.product_id
2026-09-26T21:46:36.961+05:30 DEBUG 23996 --- [nio-8080-exec-5] org.hibernate.SQL                        : select sm1_0.product_id,sm1_0.location_id,l1_0.name,cast(coalesce(sum(sm1_0.quantity_change),0) as integer) from stock_moves sm1_0 join locations l1_0 on l1_0.id=sm1_0.location_id where sm1_0.status='CONFIRMED' group by sm1_0.product_id,sm1_0.location_id,l1_0.name
2026-09-26T21:46:37.035+05:30 DEBUG 23996 --- [nio-8080-exec-5] o.s.w.s.m.m.a.HttpEntityMethodProcessor  : Using 'application/json', given [*/*] and supported [application/json, application/*+json]
2026-09-26T21:46:37.045+05:30 DEBUG 23996 --- [nio-8080-exec-5] o.s.w.s.m.m.a.HttpEntityMethodProcessor  : Writing [[com.stocksense.dto.ProductResponseDto@1310a8fe, com.stocksense.dto.ProductResponseDto@2d03cc89, com (truncated)...]
2026-09-26T21:46:37.048+05:30 DEBUG 23996 --- [nio-8080-exec-5] o.s.web.servlet.DispatcherServlet        : Completed 200 OK
2026-09-26T21:46:37.078+05:30 DEBUG 23996 --- [nio-8080-exec-7] o.s.web.servlet.DispatcherServlet        : GET "/locations", parameters={}
2026-09-26T21:46:37.081+05:30 DEBUG 23996 --- [nio-8080-exec-7] s.w.s.m.m.a.RequestMappingHandlerMapping : Mapped to com.stocksense.controller.LocationController#getAllLocations()
2026-09-26T21:46:37.112+05:30 DEBUG 23996 --- [nio-8080-exec-7] org.hibernate.SQL                        : select l1_0.id,l1_0.name from locations l1_0 order by l1_0.name
2026-09-26T21:46:37.345+05:30 DEBUG 23996 --- [nio-8080-exec-7] o.s.w.s.m.m.a.HttpEntityMethodProcessor  : Using 'application/json', given [*/*] and supported [application/json, application/*+json]
2026-09-26T21:46:37.348+05:30 DEBUG 23996 --- [nio-8080-exec-7] o.s.w.s.m.m.a.HttpEntityMethodProcessor  : Writing [[com.stocksense.model.Location@20, com.stocksense.model.Location@40]]
2026-09-26T21:46:37.350+05:30 DEBUG 23996 --- [nio-8080-exec-7] o.s.web.servlet.DispatcherServlet        : Completed 200 OK
2026-09-26T21:46:37.484+05:30 DEBUG 23996 --- [nio-8080-exec-8] o.s.web.servlet.DispatcherServlet        : GET "/moves/all", parameters={}
2026-09-26T21:46:37.484+05:30 DEBUG 23996 --- [nio-8080-exec-8] s.w.s.m.m.a.RequestMappingHandlerMapping : Mapped to com.stocksense.controller.StockMoveController#getAllMoves()
2026-09-26T21:46:37.490+05:30 DEBUG 23996 --- [nio-8080-exec-8] org.hibernate.SQL                        : select sm1_0.id,sm1_0.location_id,l1_0.id,l1_0.name,sm1_0.move_type,sm1_0.note,sm1_0.product_id,p1_0.id,p1_0.category,p1_0.name,p1_0.sku,p1_0.unit_of_measure,sm1_0.quantity_change,sm1_0.status,sm1_0.supplier_name,sm1_0.timestamp from stock_moves sm1_0 join products p1_0 on p1_0.id=sm1_0.product_id join locations l1_0 on l1_0.id=sm1_0.location_id order by sm1_0.timestamp desc
2026-09-26T21:46:37.520+05:30 DEBUG 23996 --- [nio-8080-exec-8] o.s.w.s.m.m.a.HttpEntityMethodProcessor  : Using 'application/json', given [*/*] and supported [application/json, application/*+json]
2026-09-26T21:46:37.521+05:30 DEBUG 23996 --- [nio-8080-exec-8] o.s.w.s.m.m.a.HttpEntityMethodProcessor  : Writing [[com.stocksense.dto.StockMoveResponseDto@3c305bcc, com.stocksense.dto.StockMoveResponseDto@358391f1, (truncated)...]
2026-09-26T21:46:37.526+05:30 DEBUG 23996 --- [nio-8080-exec-8] o.s.web.servlet.DispatcherServlet        : Completed 200 OK
2026-09-26T21:46:37.611+05:30 DEBUG 23996 --- [nio-8080-exec-1] o.s.web.servlet.DispatcherServlet        : GET "/moves/pending", parameters={}
2026-09-26T21:46:37.611+05:30 DEBUG 23996 --- [nio-8080-exec-1] s.w.s.m.m.a.RequestMappingHandlerMapping : Mapped to com.stocksense.controller.StockMoveController#getPendingMoves()
2026-09-26T21:46:37.611+05:30 DEBUG 23996 --- [nio-8080-exec-1] org.hibernate.SQL                        : select sm1_0.id,sm1_0.location_id,l1_0.id,l1_0.name,sm1_0.move_type,sm1_0.note,sm1_0.product_id,p1_0.id,p1_0.category,p1_0.name,p1_0.sku,p1_0.unit_of_measure,sm1_0.quantity_change,sm1_0.status,sm1_0.supplier_name,sm1_0.timestamp from stock_moves sm1_0 join products p1_0 on p1_0.id=sm1_0.product_id join locations l1_0 on l1_0.id=sm1_0.location_id where sm1_0.status=? order by sm1_0.timestamp desc
2026-09-26T21:46:37.622+05:30 DEBUG 23996 --- [nio-8080-exec-1] o.s.w.s.m.m.a.HttpEntityMethodProcessor  : Using 'application/json', given [*/*] and supported [application/json, application/*+json]
2026-09-26T21:46:37.622+05:30 DEBUG 23996 --- [nio-8080-exec-1] o.s.w.s.m.m.a.HttpEntityMethodProcessor  : Writing [[]]
2026-09-26T21:46:37.625+05:30 DEBUG 23996 --- [nio-8080-exec-1] o.s.web.servlet.DispatcherServlet        : Completed 200 OK
2026-09-26T21:46:37.658+05:30 DEBUG 23996 --- [nio-8080-exec-6] o.s.web.servlet.DispatcherServlet        : GET "/moves/recent", parameters={}
2026-09-26T21:46:37.658+05:30 DEBUG 23996 --- [nio-8080-exec-6] s.w.s.m.m.a.RequestMappingHandlerMapping : Mapped to com.stocksense.controller.StockMoveController#getRecentMoves(String, int)
2026-09-26T21:46:37.669+05:30 DEBUG 23996 --- [nio-8080-exec-6] org.hibernate.SQL                        : select sm1_0.id,sm1_0.location_id,l1_0.id,l1_0.name,sm1_0.move_type,sm1_0.note,sm1_0.product_id,p1_0.id,p1_0.category,p1_0.name,p1_0.sku,p1_0.unit_of_measure,sm1_0.quantity_change,sm1_0.status,sm1_0.supplier_name,sm1_0.timestamp from stock_moves sm1_0 join products p1_0 on p1_0.id=sm1_0.product_id join locations l1_0 on l1_0.id=sm1_0.location_id order by sm1_0.timestamp desc fetch first ? rows only
2026-09-26T21:46:37.675+05:30 DEBUG 23996 --- [nio-8080-exec-6] o.s.w.s.m.m.a.HttpEntityMethodProcessor  : Using 'application/json', given [*/*] and supported [application/json, application/*+json]
2026-09-26T21:46:37.675+05:30 DEBUG 23996 --- [nio-8080-exec-6] o.s.w.s.m.m.a.HttpEntityMethodProcessor  : Writing [[com.stocksense.dto.StockMoveResponseDto@2151f129, com.stocksense.dto.StockMoveResponseDto@5aa47b42, (truncated)...]
2026-09-26T21:46:37.675+05:30 DEBUG 23996 --- [nio-8080-exec-6] o.s.web.servlet.DispatcherServlet        : Completed 200 OK
2026-09-26T21:46:37.708+05:30 DEBUG 23996 --- [io-8080-exec-10] o.s.web.servlet.DispatcherServlet        : GET "/index.html", parameters={}
2026-09-26T21:46:37.708+05:30 DEBUG 23996 --- [io-8080-exec-10] o.s.w.s.handler.SimpleUrlHandlerMapping  : Mapped to ResourceHttpRequestHandler [URL [file:frontend/], classpath [static/]]
2026-09-26T21:46:37.708+05:30 DEBUG 23996 --- [io-8080-exec-10] o.s.web.servlet.DispatcherServlet        : Completed 200 OK
2026-09-26T21:46:37.780+05:30 DEBUG 23996 --- [nio-8080-exec-3] o.s.web.servlet.DispatcherServlet        : GET "/login.html", parameters={}
2026-09-26T21:46:37.782+05:30 DEBUG 23996 --- [nio-8080-exec-3] o.s.w.s.handler.SimpleUrlHandlerMapping  : Mapped to ResourceHttpRequestHandler [URL [file:frontend/], classpath [static/]]
2026-09-26T21:46:37.783+05:30 DEBUG 23996 --- [nio-8080-exec-3] o.s.web.servlet.DispatcherServlet        : Completed 200 OK
2026-09-26T21:46:37.826+05:30 DEBUG 23996 --- [nio-8080-exec-4] o.s.web.servlet.DispatcherServlet        : GET "/style.css", parameters={}
2026-09-26T21:46:37.829+05:30 DEBUG 23996 --- [nio-8080-exec-4] o.s.w.s.handler.SimpleUrlHandlerMapping  : Mapped to ResourceHttpRequestHandler [URL [file:frontend/], classpath [static/]]
2026-09-26T21:46:37.832+05:30 DEBUG 23996 --- [nio-8080-exec-4] o.s.web.servlet.DispatcherServlet        : Completed 200 OK
2026-09-26T21:46:37.915+05:30 DEBUG 23996 --- [nio-8080-exec-2] o.s.web.servlet.DispatcherServlet        : GET "/api.js", parameters={}
2026-09-26T21:46:37.917+05:30 DEBUG 23996 --- [nio-8080-exec-2] o.s.w.s.handler.SimpleUrlHandlerMapping  : Mapped to ResourceHttpRequestHandler [URL [file:frontend/], classpath [static/]]
2026-09-26T21:46:37.922+05:30 DEBUG 23996 --- [nio-8080-exec-2] o.s.web.servlet.DispatcherServlet        : Completed 200 OK
2026-09-26T21:46:37.950+05:30 DEBUG 23996 --- [nio-8080-exec-9] o.s.web.servlet.DispatcherServlet        : GET "/utils.js", parameters={}
2026-09-26T21:46:37.954+05:30 DEBUG 23996 --- [nio-8080-exec-9] o.s.w.s.handler.SimpleUrlHandlerMapping  : Mapped to ResourceHttpRequestHandler [URL [file:frontend/], classpath [static/]]
2026-09-26T21:46:37.961+05:30 DEBUG 23996 --- [nio-8080-exec-9] o.s.web.servlet.DispatcherServlet        : Completed 200 OK
2026-09-26T21:46:38.002+05:30 DEBUG 23996 --- [nio-8080-exec-5] o.s.web.servlet.DispatcherServlet        : GET "/reports/inventory-pdf", parameters={}
2026-09-26T21:46:38.002+05:30 DEBUG 23996 --- [nio-8080-exec-5] s.w.s.m.m.a.RequestMappingHandlerMapping : Mapped to com.stocksense.controller.DashboardController#getInventoryPdf()
2026-09-26T21:46:38.008+05:30 DEBUG 23996 --- [nio-8080-exec-5] org.hibernate.SQL                        : select p1_0.id,p1_0.category,p1_0.name,p1_0.sku,p1_0.unit_of_measure from products p1_0 order by p1_0.name
2026-09-26T21:46:38.010+05:30 DEBUG 23996 --- [nio-8080-exec-5] org.hibernate.SQL                        : select sm1_0.product_id,cast(coalesce(sum(sm1_0.quantity_change),0) as integer) from stock_moves sm1_0 where sm1_0.status='CONFIRMED' group by sm1_0.product_id
2026-09-26T21:46:38.012+05:30 DEBUG 23996 --- [nio-8080-exec-5] org.hibernate.SQL                        : select sm1_0.product_id,sm1_0.location_id,l1_0.name,cast(coalesce(sum(sm1_0.quantity_change),0) as integer) from stock_moves sm1_0 join locations l1_0 on l1_0.id=sm1_0.location_id where sm1_0.status='CONFIRMED' group by sm1_0.product_id,sm1_0.location_id,l1_0.name
2026-09-26T21:46:38.033+05:30 DEBUG 23996 --- [nio-8080-exec-5] o.s.w.s.m.m.a.HttpEntityMethodProcessor  : Found 'Content-Type:application/pdf' in response
2026-09-26T21:46:38.046+05:30 DEBUG 23996 --- [nio-8080-exec-5] o.s.w.s.m.m.a.HttpEntityMethodProcessor  : Writing [{37, 80, 68, 70, 45, 49, 46, 52, 10, 37, 83, 116, 111, 99, 107, 83, 101, 110, 115, 101, 10, 49, 32,  (truncated)...]
2026-09-26T21:46:38.048+05:30 DEBUG 23996 --- [nio-8080-exec-5] o.s.web.servlet.DispatcherServlet        : Completed 200 OK
2026-09-26T21:46:51.815+05:30 DEBUG 23996 --- [nio-8080-exec-8] o.s.web.servlet.DispatcherServlet        : GET "/dashboard", parameters={}
2026-09-26T21:46:51.823+05:30 DEBUG 23996 --- [nio-8080-exec-8] s.w.s.m.m.a.RequestMappingHandlerMapping : Mapped to com.stocksense.controller.DashboardController#getDashboard()
2026-09-26T21:46:51.830+05:30 DEBUG 23996 --- [nio-8080-exec-1] o.s.web.servlet.DispatcherServlet        : GET "/products", parameters={}
2026-09-26T21:46:51.830+05:30 DEBUG 23996 --- [nio-8080-exec-1] s.w.s.m.m.a.RequestMappingHandlerMapping : Mapped to com.stocksense.controller.ProductController#listProducts()
2026-09-26T21:46:51.837+05:30 DEBUG 23996 --- [nio-8080-exec-8] org.hibernate.SQL                        : select p1_0.id,p1_0.category,p1_0.name,p1_0.sku,p1_0.unit_of_measure from products p1_0 order by p1_0.name
2026-09-26T21:46:51.847+05:30 DEBUG 23996 --- [nio-8080-exec-8] org.hibernate.SQL                        : select sm1_0.product_id,cast(coalesce(sum(sm1_0.quantity_change),0) as integer) from stock_moves sm1_0 where sm1_0.status='CONFIRMED' group by sm1_0.product_id
2026-09-26T21:46:51.849+05:30 DEBUG 23996 --- [nio-8080-exec-1] org.hibernate.SQL                        : select p1_0.id,p1_0.category,p1_0.name,p1_0.sku,p1_0.unit_of_measure from products p1_0 order by p1_0.name
2026-09-26T21:46:51.858+05:30 DEBUG 23996 --- [nio-8080-exec-8] org.hibernate.SQL                        : select sm1_0.product_id,sm1_0.location_id,l1_0.name,cast(coalesce(sum(sm1_0.quantity_change),0) as integer) from stock_moves sm1_0 join locations l1_0 on l1_0.id=sm1_0.location_id where sm1_0.status='CONFIRMED' group by sm1_0.product_id,sm1_0.location_id,l1_0.name
2026-09-26T21:46:51.915+05:30 DEBUG 23996 --- [nio-8080-exec-1] org.hibernate.SQL                        : select sm1_0.product_id,cast(coalesce(sum(sm1_0.quantity_change),0) as integer) from stock_moves sm1_0 where sm1_0.status='CONFIRMED' group by sm1_0.product_id
2026-09-26T21:46:51.928+05:30 DEBUG 23996 --- [nio-8080-exec-8] org.hibernate.SQL                        : select count(sm1_0.id) from stock_moves sm1_0 where sm1_0.status=? and sm1_0.move_type=?
2026-09-26T21:46:51.961+05:30 DEBUG 23996 --- [nio-8080-exec-8] org.hibernate.SQL                        : select count(sm1_0.id) from stock_moves sm1_0 where sm1_0.status=? and sm1_0.move_type=?
2026-09-26T21:46:52.082+05:30 DEBUG 23996 --- [nio-8080-exec-8] o.s.w.s.m.m.a.HttpEntityMethodProcessor  : Using 'application/json', given [*/*] and supported [application/json, application/*+json]
2026-09-26T21:46:52.147+05:30 DEBUG 23996 --- [nio-8080-exec-8] o.s.w.s.m.m.a.HttpEntityMethodProcessor  : Writing [com.stocksense.dto.DashboardResponseDto@1d931d05]
2026-09-26T21:46:52.179+05:30 DEBUG 23996 --- [nio-8080-exec-8] o.s.web.servlet.DispatcherServlet        : Completed 200 OK
2026-09-26T21:46:52.214+05:30 DEBUG 23996 --- [nio-8080-exec-1] org.hibernate.SQL                        : select sm1_0.product_id,sm1_0.location_id,l1_0.name,cast(coalesce(sum(sm1_0.quantity_change),0) as integer) from stock_moves sm1_0 join locations l1_0 on l1_0.id=sm1_0.location_id where sm1_0.status='CONFIRMED' group by sm1_0.product_id,sm1_0.location_id,l1_0.name
2026-09-26T21:46:52.310+05:30 DEBUG 23996 --- [nio-8080-exec-1] o.s.w.s.m.m.a.HttpEntityMethodProcessor  : Using 'application/json', given [*/*] and supported [application/json, application/*+json]
2026-09-26T21:46:52.310+05:30 DEBUG 23996 --- [nio-8080-exec-1] o.s.w.s.m.m.a.HttpEntityMethodProcessor  : Writing [[com.stocksense.dto.ProductResponseDto@5b8506f2, com.stocksense.dto.ProductResponseDto@4b538d31, com (truncated)...]
2026-09-26T21:46:52.313+05:30 DEBUG 23996 --- [nio-8080-exec-1] o.s.web.servlet.DispatcherServlet        : Completed 200 OK
2026-09-26T21:47:21.170+05:30 DEBUG 23996 --- [nio-8080-exec-6] o.s.web.servlet.DispatcherServlet        : GET "/dashboard", parameters={}
2026-09-26T21:47:21.173+05:30 DEBUG 23996 --- [io-8080-exec-10] o.s.web.servlet.DispatcherServlet        : GET "/products", parameters={}
2026-09-26T21:47:21.173+05:30 DEBUG 23996 --- [nio-8080-exec-6] s.w.s.m.m.a.RequestMappingHandlerMapping : Mapped to com.stocksense.controller.DashboardController#getDashboard()
2026-09-26T21:47:21.174+05:30 DEBUG 23996 --- [io-8080-exec-10] s.w.s.m.m.a.RequestMappingHandlerMapping : Mapped to com.stocksense.controller.ProductController#listProducts()
2026-09-26T21:47:21.179+05:30 DEBUG 23996 --- [nio-8080-exec-6] org.hibernate.SQL                        : select p1_0.id,p1_0.category,p1_0.name,p1_0.sku,p1_0.unit_of_measure from products p1_0 order by p1_0.name
2026-09-26T21:47:21.179+05:30 DEBUG 23996 --- [io-8080-exec-10] org.hibernate.SQL                        : select p1_0.id,p1_0.category,p1_0.name,p1_0.sku,p1_0.unit_of_measure from products p1_0 order by p1_0.name
2026-09-26T21:47:21.184+05:30 DEBUG 23996 --- [nio-8080-exec-6] org.hibernate.SQL                        : select sm1_0.product_id,cast(coalesce(sum(sm1_0.quantity_change),0) as integer) from stock_moves sm1_0 where sm1_0.status='CONFIRMED' group by sm1_0.product_id
2026-09-26T21:47:21.184+05:30 DEBUG 23996 --- [io-8080-exec-10] org.hibernate.SQL                        : select sm1_0.product_id,cast(coalesce(sum(sm1_0.quantity_change),0) as integer) from stock_moves sm1_0 where sm1_0.status='CONFIRMED' group by sm1_0.product_id
2026-09-26T21:47:21.192+05:30 DEBUG 23996 --- [nio-8080-exec-6] org.hibernate.SQL                        : select sm1_0.product_id,sm1_0.location_id,l1_0.name,cast(coalesce(sum(sm1_0.quantity_change),0) as integer) from stock_moves sm1_0 join locations l1_0 on l1_0.id=sm1_0.location_id where sm1_0.status='CONFIRMED' group by sm1_0.product_id,sm1_0.location_id,l1_0.name
2026-09-26T21:47:21.192+05:30 DEBUG 23996 --- [io-8080-exec-10] org.hibernate.SQL                        : select sm1_0.product_id,sm1_0.location_id,l1_0.name,cast(coalesce(sum(sm1_0.quantity_change),0) as integer) from stock_moves sm1_0 join locations l1_0 on l1_0.id=sm1_0.location_id where sm1_0.status='CONFIRMED' group by sm1_0.product_id,sm1_0.location_id,l1_0.name
2026-09-26T21:47:21.200+05:30 DEBUG 23996 --- [io-8080-exec-10] o.s.w.s.m.m.a.HttpEntityMethodProcessor  : Using 'application/json', given [*/*] and supported [application/json, application/*+json]
2026-09-26T21:47:21.200+05:30 DEBUG 23996 --- [io-8080-exec-10] o.s.w.s.m.m.a.HttpEntityMethodProcessor  : Writing [[com.stocksense.dto.ProductResponseDto@55e92729, com.stocksense.dto.ProductResponseDto@d2c4c61, com. (truncated)...]
2026-09-26T21:47:21.200+05:30 DEBUG 23996 --- [nio-8080-exec-6] org.hibernate.SQL                        : select count(sm1_0.id) from stock_moves sm1_0 where sm1_0.status=? and sm1_0.move_type=?
2026-09-26T21:47:21.200+05:30 DEBUG 23996 --- [io-8080-exec-10] o.s.web.servlet.DispatcherServlet        : Completed 200 OK
2026-09-26T21:47:21.211+05:30 DEBUG 23996 --- [nio-8080-exec-6] org.hibernate.SQL                        : select count(sm1_0.id) from stock_moves sm1_0 where sm1_0.status=? and sm1_0.move_type=?
2026-09-26T21:47:21.213+05:30 DEBUG 23996 --- [nio-8080-exec-6] o.s.w.s.m.m.a.HttpEntityMethodProcessor  : Using 'application/json', given [*/*] and supported [application/json, application/*+json]
2026-09-26T21:47:21.213+05:30 DEBUG 23996 --- [nio-8080-exec-6] o.s.w.s.m.m.a.HttpEntityMethodProcessor  : Writing [com.stocksense.dto.DashboardResponseDto@c7dbb92]
2026-09-26T21:47:21.217+05:30 DEBUG 23996 --- [nio-8080-exec-6] o.s.web.servlet.DispatcherServlet        : Completed 200 OK
2026-09-26T21:47:51.177+05:30 DEBUG 23996 --- [nio-8080-exec-3] o.s.web.servlet.DispatcherServlet        : GET "/dashboard", parameters={}
2026-09-26T21:47:51.181+05:30 DEBUG 23996 --- [nio-8080-exec-3] s.w.s.m.m.a.RequestMappingHandlerMapping : Mapped to com.stocksense.controller.DashboardController#getDashboard()
2026-09-26T21:47:51.181+05:30 DEBUG 23996 --- [nio-8080-exec-4] o.s.web.servlet.DispatcherServlet        : GET "/products", parameters={}
2026-09-26T21:47:51.183+05:30 DEBUG 23996 --- [nio-8080-exec-4] s.w.s.m.m.a.RequestMappingHandlerMapping : Mapped to com.stocksense.controller.ProductController#listProducts()
2026-09-26T21:47:51.190+05:30 DEBUG 23996 --- [nio-8080-exec-3] org.hibernate.SQL                        : select p1_0.id,p1_0.category,p1_0.name,p1_0.sku,p1_0.unit_of_measure from products p1_0 order by p1_0.name
2026-09-26T21:47:51.198+05:30 DEBUG 23996 --- [nio-8080-exec-4] org.hibernate.SQL                        : select p1_0.id,p1_0.category,p1_0.name,p1_0.sku,p1_0.unit_of_measure from products p1_0 order by p1_0.name
2026-09-26T21:47:51.210+05:30 DEBUG 23996 --- [nio-8080-exec-3] org.hibernate.SQL                        : select sm1_0.product_id,cast(coalesce(sum(sm1_0.quantity_change),0) as integer) from stock_moves sm1_0 where sm1_0.status='CONFIRMED' group by sm1_0.product_id
2026-09-26T21:47:51.214+05:30 DEBUG 23996 --- [nio-8080-exec-4] org.hibernate.SQL                        : select sm1_0.product_id,cast(coalesce(sum(sm1_0.quantity_change),0) as integer) from stock_moves sm1_0 where sm1_0.status='CONFIRMED' group by sm1_0.product_id
2026-09-26T21:47:51.220+05:30 DEBUG 23996 --- [nio-8080-exec-3] org.hibernate.SQL                        : select sm1_0.product_id,sm1_0.location_id,l1_0.name,cast(coalesce(sum(sm1_0.quantity_change),0) as integer) from stock_moves sm1_0 join locations l1_0 on l1_0.id=sm1_0.location_id where sm1_0.status='CONFIRMED' group by sm1_0.product_id,sm1_0.location_id,l1_0.name
2026-09-26T21:47:51.222+05:30 DEBUG 23996 --- [nio-8080-exec-4] org.hibernate.SQL                        : select sm1_0.product_id,sm1_0.location_id,l1_0.name,cast(coalesce(sum(sm1_0.quantity_change),0) as integer) from stock_moves sm1_0 join locations l1_0 on l1_0.id=sm1_0.location_id where sm1_0.status='CONFIRMED' group by sm1_0.product_id,sm1_0.location_id,l1_0.name
2026-09-26T21:47:51.226+05:30 DEBUG 23996 --- [nio-8080-exec-3] org.hibernate.SQL                        : select count(sm1_0.id) from stock_moves sm1_0 where sm1_0.status=? and sm1_0.move_type=?
2026-09-26T21:47:51.232+05:30 DEBUG 23996 --- [nio-8080-exec-4] o.s.w.s.m.m.a.HttpEntityMethodProcessor  : Using 'application/json', given [*/*] and supported [application/json, application/*+json]
2026-09-26T21:47:51.234+05:30 DEBUG 23996 --- [nio-8080-exec-4] o.s.w.s.m.m.a.HttpEntityMethodProcessor  : Writing [[com.stocksense.dto.ProductResponseDto@223fe32d, com.stocksense.dto.ProductResponseDto@71ffaaa3, com (truncated)...]
2026-09-26T21:47:51.237+05:30 DEBUG 23996 --- [nio-8080-exec-3] org.hibernate.SQL                        : select count(sm1_0.id) from stock_moves sm1_0 where sm1_0.status=? and sm1_0.move_type=?
2026-09-26T21:47:51.237+05:30 DEBUG 23996 --- [nio-8080-exec-4] o.s.web.servlet.DispatcherServlet        : Completed 200 OK
2026-09-26T21:47:51.241+05:30 DEBUG 23996 --- [nio-8080-exec-3] o.s.w.s.m.m.a.HttpEntityMethodProcessor  : Using 'application/json', given [*/*] and supported [application/json, application/*+json]
2026-09-26T21:47:51.245+05:30 DEBUG 23996 --- [nio-8080-exec-3] o.s.w.s.m.m.a.HttpEntityMethodProcessor  : Writing [com.stocksense.dto.DashboardResponseDto@723b6bcf]
2026-09-26T21:47:51.247+05:30 DEBUG 23996 --- [nio-8080-exec-3] o.s.web.servlet.DispatcherServlet        : Completed 200 OK
2026-09-26T21:48:21.169+05:30 DEBUG 23996 --- [nio-8080-exec-9] o.s.web.servlet.DispatcherServlet        : GET "/products", parameters={}
2026-09-26T21:48:21.169+05:30 DEBUG 23996 --- [nio-8080-exec-2] o.s.web.servlet.DispatcherServlet        : GET "/dashboard", parameters={}
2026-09-26T21:48:21.175+05:30 DEBUG 23996 --- [nio-8080-exec-9] s.w.s.m.m.a.RequestMappingHandlerMapping : Mapped to com.stocksense.controller.ProductController#listProducts()
2026-09-26T21:48:21.175+05:30 DEBUG 23996 --- [nio-8080-exec-2] s.w.s.m.m.a.RequestMappingHandlerMapping : Mapped to com.stocksense.controller.DashboardController#getDashboard()
2026-09-26T21:48:21.182+05:30 DEBUG 23996 --- [nio-8080-exec-9] org.hibernate.SQL                        : select p1_0.id,p1_0.category,p1_0.name,p1_0.sku,p1_0.unit_of_measure from products p1_0 order by p1_0.name
2026-09-26T21:48:21.182+05:30 DEBUG 23996 --- [nio-8080-exec-2] org.hibernate.SQL                        : select p1_0.id,p1_0.category,p1_0.name,p1_0.sku,p1_0.unit_of_measure from products p1_0 order by p1_0.name
2026-09-26T21:48:21.187+05:30 DEBUG 23996 --- [nio-8080-exec-9] org.hibernate.SQL                        : select sm1_0.product_id,cast(coalesce(sum(sm1_0.quantity_change),0) as integer) from stock_moves sm1_0 where sm1_0.status='CONFIRMED' group by sm1_0.product_id
2026-09-26T21:48:21.187+05:30 DEBUG 23996 --- [nio-8080-exec-2] org.hibernate.SQL                        : select sm1_0.product_id,cast(coalesce(sum(sm1_0.quantity_change),0) as integer) from stock_moves sm1_0 where sm1_0.status='CONFIRMED' group by sm1_0.product_id
2026-09-26T21:48:21.192+05:30 DEBUG 23996 --- [nio-8080-exec-9] org.hibernate.SQL                        : select sm1_0.product_id,sm1_0.location_id,l1_0.name,cast(coalesce(sum(sm1_0.quantity_change),0) as integer) from stock_moves sm1_0 join locations l1_0 on l1_0.id=sm1_0.location_id where sm1_0.status='CONFIRMED' group by sm1_0.product_id,sm1_0.location_id,l1_0.name
2026-09-26T21:48:21.192+05:30 DEBUG 23996 --- [nio-8080-exec-2] org.hibernate.SQL                        : select sm1_0.product_id,sm1_0.location_id,l1_0.name,cast(coalesce(sum(sm1_0.quantity_change),0) as integer) from stock_moves sm1_0 join locations l1_0 on l1_0.id=sm1_0.location_id where sm1_0.status='CONFIRMED' group by sm1_0.product_id,sm1_0.location_id,l1_0.name
2026-09-26T21:48:21.198+05:30 DEBUG 23996 --- [nio-8080-exec-9] o.s.w.s.m.m.a.HttpEntityMethodProcessor  : Using 'application/json', given [*/*] and supported [application/json, application/*+json]
2026-09-26T21:48:21.202+05:30 DEBUG 23996 --- [nio-8080-exec-9] o.s.w.s.m.m.a.HttpEntityMethodProcessor  : Writing [[com.stocksense.dto.ProductResponseDto@cbdc19, com.stocksense.dto.ProductResponseDto@e4e6d64, com.st (truncated)...]
2026-09-26T21:48:21.204+05:30 DEBUG 23996 --- [nio-8080-exec-9] o.s.web.servlet.DispatcherServlet        : Completed 200 OK
2026-09-26T21:48:21.204+05:30 DEBUG 23996 --- [nio-8080-exec-2] org.hibernate.SQL                        : select count(sm1_0.id) from stock_moves sm1_0 where sm1_0.status=? and sm1_0.move_type=?
2026-09-26T21:48:21.212+05:30 DEBUG 23996 --- [nio-8080-exec-2] org.hibernate.SQL                        : select count(sm1_0.id) from stock_moves sm1_0 where sm1_0.status=? and sm1_0.move_type=?
2026-09-26T21:48:21.216+05:30 DEBUG 23996 --- [nio-8080-exec-2] o.s.w.s.m.m.a.HttpEntityMethodProcessor  : Using 'application/json', given [*/*] and supported [application/json, application/*+json]
2026-09-26T21:48:21.216+05:30 DEBUG 23996 --- [nio-8080-exec-2] o.s.w.s.m.m.a.HttpEntityMethodProcessor  : Writing [com.stocksense.dto.DashboardResponseDto@470ac58c]
2026-09-26T21:48:21.221+05:30 DEBUG 23996 --- [nio-8080-exec-2] o.s.web.servlet.DispatcherServlet        : Completed 200 OK
2026-09-26T21:48:51.174+05:30 DEBUG 23996 --- [nio-8080-exec-7] o.s.web.servlet.DispatcherServlet        : GET "/products", parameters={}
2026-09-26T21:48:51.174+05:30 DEBUG 23996 --- [nio-8080-exec-5] o.s.web.servlet.DispatcherServlet        : GET "/dashboard", parameters={}
2026-09-26T21:48:51.177+05:30 DEBUG 23996 --- [nio-8080-exec-5] s.w.s.m.m.a.RequestMappingHandlerMapping : Mapped to com.stocksense.controller.DashboardController#getDashboard()
2026-09-26T21:48:51.177+05:30 DEBUG 23996 --- [nio-8080-exec-7] s.w.s.m.m.a.RequestMappingHandlerMapping : Mapped to com.stocksense.controller.ProductController#listProducts()
2026-09-26T21:48:51.182+05:30 DEBUG 23996 --- [nio-8080-exec-5] org.hibernate.SQL                        : select p1_0.id,p1_0.category,p1_0.name,p1_0.sku,p1_0.unit_of_measure from products p1_0 order by p1_0.name
2026-09-26T21:48:51.182+05:30 DEBUG 23996 --- [nio-8080-exec-7] org.hibernate.SQL                        : select p1_0.id,p1_0.category,p1_0.name,p1_0.sku,p1_0.unit_of_measure from products p1_0 order by p1_0.name
2026-09-26T21:48:51.186+05:30 DEBUG 23996 --- [nio-8080-exec-7] org.hibernate.SQL                        : select sm1_0.product_id,cast(coalesce(sum(sm1_0.quantity_change),0) as integer) from stock_moves sm1_0 where sm1_0.status='CONFIRMED' group by sm1_0.product_id
2026-09-26T21:48:51.187+05:30 DEBUG 23996 --- [nio-8080-exec-5] org.hibernate.SQL                        : select sm1_0.product_id,cast(coalesce(sum(sm1_0.quantity_change),0) as integer) from stock_moves sm1_0 where sm1_0.status='CONFIRMED' group by sm1_0.product_id
2026-09-26T21:48:51.191+05:30 DEBUG 23996 --- [nio-8080-exec-7] org.hibernate.SQL                        : select sm1_0.product_id,sm1_0.location_id,l1_0.name,cast(coalesce(sum(sm1_0.quantity_change),0) as integer) from stock_moves sm1_0 join locations l1_0 on l1_0.id=sm1_0.location_id where sm1_0.status='CONFIRMED' group by sm1_0.product_id,sm1_0.location_id,l1_0.name
2026-09-26T21:48:51.194+05:30 DEBUG 23996 --- [nio-8080-exec-5] org.hibernate.SQL                        : select sm1_0.product_id,sm1_0.location_id,l1_0.name,cast(coalesce(sum(sm1_0.quantity_change),0) as integer) from stock_moves sm1_0 join locations l1_0 on l1_0.id=sm1_0.location_id where sm1_0.status='CONFIRMED' group by sm1_0.product_id,sm1_0.location_id,l1_0.name
2026-09-26T21:48:51.196+05:30 DEBUG 23996 --- [nio-8080-exec-7] o.s.w.s.m.m.a.HttpEntityMethodProcessor  : Using 'application/json', given [*/*] and supported [application/json, application/*+json]
2026-09-26T21:48:51.199+05:30 DEBUG 23996 --- [nio-8080-exec-7] o.s.w.s.m.m.a.HttpEntityMethodProcessor  : Writing [[com.stocksense.dto.ProductResponseDto@42540b, com.stocksense.dto.ProductResponseDto@6c74076d, com.s (truncated)...]
2026-09-26T21:48:51.202+05:30 DEBUG 23996 --- [nio-8080-exec-7] o.s.web.servlet.DispatcherServlet        : Completed 200 OK
2026-09-26T21:48:51.202+05:30 DEBUG 23996 --- [nio-8080-exec-5] org.hibernate.SQL                        : select count(sm1_0.id) from stock_moves sm1_0 where sm1_0.status=? and sm1_0.move_type=?
2026-09-26T21:48:51.210+05:30 DEBUG 23996 --- [nio-8080-exec-5] org.hibernate.SQL                        : select count(sm1_0.id) from stock_moves sm1_0 where sm1_0.status=? and sm1_0.move_type=?
2026-09-26T21:48:51.210+05:30 DEBUG 23996 --- [nio-8080-exec-5] o.s.w.s.m.m.a.HttpEntityMethodProcessor  : Using 'application/json', given [*/*] and supported [application/json, application/*+json]
2026-09-26T21:48:51.214+05:30 DEBUG 23996 --- [nio-8080-exec-5] o.s.w.s.m.m.a.HttpEntityMethodProcessor  : Writing [com.stocksense.dto.DashboardResponseDto@de90ae1]
2026-09-26T21:48:51.214+05:30 DEBUG 23996 --- [nio-8080-exec-5] o.s.web.servlet.DispatcherServlet        : Completed 200 OK
2026-09-26T21:49:21.176+05:30 DEBUG 23996 --- [nio-8080-exec-1] o.s.web.servlet.DispatcherServlet        : GET "/products", parameters={}
2026-09-26T21:49:21.175+05:30 DEBUG 23996 --- [nio-8080-exec-8] o.s.web.servlet.DispatcherServlet        : GET "/dashboard", parameters={}
2026-09-26T21:49:21.179+05:30 DEBUG 23996 --- [nio-8080-exec-1] s.w.s.m.m.a.RequestMappingHandlerMapping : Mapped to com.stocksense.controller.ProductController#listProducts()
2026-09-26T21:49:21.179+05:30 DEBUG 23996 --- [nio-8080-exec-8] s.w.s.m.m.a.RequestMappingHandlerMapping : Mapped to com.stocksense.controller.DashboardController#getDashboard()
2026-09-26T21:49:21.186+05:30 DEBUG 23996 --- [nio-8080-exec-1] org.hibernate.SQL                        : select p1_0.id,p1_0.category,p1_0.name,p1_0.sku,p1_0.unit_of_measure from products p1_0 order by p1_0.name
2026-09-26T21:49:21.186+05:30 DEBUG 23996 --- [nio-8080-exec-8] org.hibernate.SQL                        : select p1_0.id,p1_0.category,p1_0.name,p1_0.sku,p1_0.unit_of_measure from products p1_0 order by p1_0.name
2026-09-26T21:49:21.192+05:30 DEBUG 23996 --- [nio-8080-exec-1] org.hibernate.SQL                        : select sm1_0.product_id,cast(coalesce(sum(sm1_0.quantity_change),0) as integer) from stock_moves sm1_0 where sm1_0.status='CONFIRMED' group by sm1_0.product_id
2026-09-26T21:49:21.192+05:30 DEBUG 23996 --- [nio-8080-exec-8] org.hibernate.SQL                        : select sm1_0.product_id,cast(coalesce(sum(sm1_0.quantity_change),0) as integer) from stock_moves sm1_0 where sm1_0.status='CONFIRMED' group by sm1_0.product_id
2026-09-26T21:49:21.200+05:30 DEBUG 23996 --- [nio-8080-exec-1] org.hibernate.SQL                        : select sm1_0.product_id,sm1_0.location_id,l1_0.name,cast(coalesce(sum(sm1_0.quantity_change),0) as integer) from stock_moves sm1_0 join locations l1_0 on l1_0.id=sm1_0.location_id where sm1_0.status='CONFIRMED' group by sm1_0.product_id,sm1_0.location_id,l1_0.name
2026-09-26T21:49:21.202+05:30 DEBUG 23996 --- [nio-8080-exec-8] org.hibernate.SQL                        : select sm1_0.product_id,sm1_0.location_id,l1_0.name,cast(coalesce(sum(sm1_0.quantity_change),0) as integer) from stock_moves sm1_0 join locations l1_0 on l1_0.id=sm1_0.location_id where sm1_0.status='CONFIRMED' group by sm1_0.product_id,sm1_0.location_id,l1_0.name
2026-09-26T21:49:21.210+05:30 DEBUG 23996 --- [nio-8080-exec-1] o.s.w.s.m.m.a.HttpEntityMethodProcessor  : Using 'application/json', given [*/*] and supported [application/json, application/*+json]
2026-09-26T21:49:21.210+05:30 DEBUG 23996 --- [nio-8080-exec-1] o.s.w.s.m.m.a.HttpEntityMethodProcessor  : Writing [[com.stocksense.dto.ProductResponseDto@6ff6afc7, com.stocksense.dto.ProductResponseDto@70b2e13e, com (truncated)...]
2026-09-26T21:49:21.218+05:30 DEBUG 23996 --- [nio-8080-exec-8] org.hibernate.SQL                        : select count(sm1_0.id) from stock_moves sm1_0 where sm1_0.status=? and sm1_0.move_type=?
2026-09-26T21:49:21.218+05:30 DEBUG 23996 --- [nio-8080-exec-1] o.s.web.servlet.DispatcherServlet        : Completed 200 OK
2026-09-26T21:49:21.226+05:30 DEBUG 23996 --- [nio-8080-exec-8] org.hibernate.SQL                        : select count(sm1_0.id) from stock_moves sm1_0 where sm1_0.status=? and sm1_0.move_type=?
2026-09-26T21:49:21.233+05:30 DEBUG 23996 --- [nio-8080-exec-8] o.s.w.s.m.m.a.HttpEntityMethodProcessor  : Using 'application/json', given [*/*] and supported [application/json, application/*+json]
2026-09-26T21:49:21.235+05:30 DEBUG 23996 --- [nio-8080-exec-8] o.s.w.s.m.m.a.HttpEntityMethodProcessor  : Writing [com.stocksense.dto.DashboardResponseDto@32db74d0]
2026-09-26T21:49:21.237+05:30 DEBUG 23996 --- [nio-8080-exec-8] o.s.web.servlet.DispatcherServlet        : Completed 200 OK
2026-09-26T21:49:51.174+05:30 DEBUG 23996 --- [nio-8080-exec-6] o.s.web.servlet.DispatcherServlet        : GET "/products", parameters={}
2026-09-26T21:49:51.174+05:30 DEBUG 23996 --- [io-8080-exec-10] o.s.web.servlet.DispatcherServlet        : GET "/dashboard", parameters={}
2026-09-26T21:49:51.178+05:30 DEBUG 23996 --- [io-8080-exec-10] s.w.s.m.m.a.RequestMappingHandlerMapping : Mapped to com.stocksense.controller.DashboardController#getDashboard()
2026-09-26T21:49:51.178+05:30 DEBUG 23996 --- [nio-8080-exec-6] s.w.s.m.m.a.RequestMappingHandlerMapping : Mapped to com.stocksense.controller.ProductController#listProducts()
2026-09-26T21:49:51.189+05:30 DEBUG 23996 --- [io-8080-exec-10] org.hibernate.SQL                        : select p1_0.id,p1_0.category,p1_0.name,p1_0.sku,p1_0.unit_of_measure from products p1_0 order by p1_0.name
2026-09-26T21:49:51.189+05:30 DEBUG 23996 --- [nio-8080-exec-6] org.hibernate.SQL                        : select p1_0.id,p1_0.category,p1_0.name,p1_0.sku,p1_0.unit_of_measure from products p1_0 order by p1_0.name
2026-09-26T21:49:51.192+05:30 DEBUG 23996 --- [nio-8080-exec-6] org.hibernate.SQL                        : select sm1_0.product_id,cast(coalesce(sum(sm1_0.quantity_change),0) as integer) from stock_moves sm1_0 where sm1_0.status='CONFIRMED' group by sm1_0.product_id
2026-09-26T21:49:51.192+05:30 DEBUG 23996 --- [io-8080-exec-10] org.hibernate.SQL                        : select sm1_0.product_id,cast(coalesce(sum(sm1_0.quantity_change),0) as integer) from stock_moves sm1_0 where sm1_0.status='CONFIRMED' group by sm1_0.product_id
2026-09-26T21:49:51.202+05:30 DEBUG 23996 --- [io-8080-exec-10] org.hibernate.SQL                        : select sm1_0.product_id,sm1_0.location_id,l1_0.name,cast(coalesce(sum(sm1_0.quantity_change),0) as integer) from stock_moves sm1_0 join locations l1_0 on l1_0.id=sm1_0.location_id where sm1_0.status='CONFIRMED' group by sm1_0.product_id,sm1_0.location_id,l1_0.name
2026-09-26T21:49:51.205+05:30 DEBUG 23996 --- [nio-8080-exec-6] org.hibernate.SQL                        : select sm1_0.product_id,sm1_0.location_id,l1_0.name,cast(coalesce(sum(sm1_0.quantity_change),0) as integer) from stock_moves sm1_0 join locations l1_0 on l1_0.id=sm1_0.location_id where sm1_0.status='CONFIRMED' group by sm1_0.product_id,sm1_0.location_id,l1_0.name
2026-09-26T21:49:51.213+05:30 DEBUG 23996 --- [nio-8080-exec-6] o.s.w.s.m.m.a.HttpEntityMethodProcessor  : Using 'application/json', given [*/*] and supported [application/json, application/*+json]
2026-09-26T21:49:51.215+05:30 DEBUG 23996 --- [nio-8080-exec-6] o.s.w.s.m.m.a.HttpEntityMethodProcessor  : Writing [[com.stocksense.dto.ProductResponseDto@1548b34f, com.stocksense.dto.ProductResponseDto@471b3d3e, com (truncated)...]
2026-09-26T21:49:51.220+05:30 DEBUG 23996 --- [nio-8080-exec-6] o.s.web.servlet.DispatcherServlet        : Completed 200 OK
2026-09-26T21:49:51.220+05:30 DEBUG 23996 --- [io-8080-exec-10] org.hibernate.SQL                        : select count(sm1_0.id) from stock_moves sm1_0 where sm1_0.status=? and sm1_0.move_type=?
2026-09-26T21:49:51.230+05:30 DEBUG 23996 --- [io-8080-exec-10] org.hibernate.SQL                        : select count(sm1_0.id) from stock_moves sm1_0 where sm1_0.status=? and sm1_0.move_type=?
2026-09-26T21:49:51.237+05:30 DEBUG 23996 --- [io-8080-exec-10] o.s.w.s.m.m.a.HttpEntityMethodProcessor  : Using 'application/json', given [*/*] and supported [application/json, application/*+json]
2026-09-26T21:49:51.237+05:30 DEBUG 23996 --- [io-8080-exec-10] o.s.w.s.m.m.a.HttpEntityMethodProcessor  : Writing [com.stocksense.dto.DashboardResponseDto@868a53e]
2026-09-26T21:49:51.241+05:30 DEBUG 23996 --- [io-8080-exec-10] o.s.web.servlet.DispatcherServlet        : Completed 200 OK
2026-09-26T21:50:21.174+05:30 DEBUG 23996 --- [nio-8080-exec-3] o.s.web.servlet.DispatcherServlet        : GET "/products", parameters={}
2026-09-26T21:50:21.174+05:30 DEBUG 23996 --- [nio-8080-exec-4] o.s.web.servlet.DispatcherServlet        : GET "/dashboard", parameters={}
2026-09-26T21:50:21.176+05:30 DEBUG 23996 --- [nio-8080-exec-3] s.w.s.m.m.a.RequestMappingHandlerMapping : Mapped to com.stocksense.controller.ProductController#listProducts()
2026-09-26T21:50:21.176+05:30 DEBUG 23996 --- [nio-8080-exec-4] s.w.s.m.m.a.RequestMappingHandlerMapping : Mapped to com.stocksense.controller.DashboardController#getDashboard()
2026-09-26T21:50:21.183+05:30 DEBUG 23996 --- [nio-8080-exec-4] org.hibernate.SQL                        : select p1_0.id,p1_0.category,p1_0.name,p1_0.sku,p1_0.unit_of_measure from products p1_0 order by p1_0.name
2026-09-26T21:50:21.183+05:30 DEBUG 23996 --- [nio-8080-exec-3] org.hibernate.SQL                        : select p1_0.id,p1_0.category,p1_0.name,p1_0.sku,p1_0.unit_of_measure from products p1_0 order by p1_0.name
2026-09-26T21:50:21.190+05:30 DEBUG 23996 --- [nio-8080-exec-3] org.hibernate.SQL                        : select sm1_0.product_id,cast(coalesce(sum(sm1_0.quantity_change),0) as integer) from stock_moves sm1_0 where sm1_0.status='CONFIRMED' group by sm1_0.product_id
2026-09-26T21:50:21.190+05:30 DEBUG 23996 --- [nio-8080-exec-4] org.hibernate.SQL                        : select sm1_0.product_id,cast(coalesce(sum(sm1_0.quantity_change),0) as integer) from stock_moves sm1_0 where sm1_0.status='CONFIRMED' group by sm1_0.product_id
2026-09-26T21:50:21.199+05:30 DEBUG 23996 --- [nio-8080-exec-4] org.hibernate.SQL                        : select sm1_0.product_id,sm1_0.location_id,l1_0.name,cast(coalesce(sum(sm1_0.quantity_change),0) as integer) from stock_moves sm1_0 join locations l1_0 on l1_0.id=sm1_0.location_id where sm1_0.status='CONFIRMED' group by sm1_0.product_id,sm1_0.location_id,l1_0.name
2026-09-26T21:50:21.199+05:30 DEBUG 23996 --- [nio-8080-exec-3] org.hibernate.SQL                        : select sm1_0.product_id,sm1_0.location_id,l1_0.name,cast(coalesce(sum(sm1_0.quantity_change),0) as integer) from stock_moves sm1_0 join locations l1_0 on l1_0.id=sm1_0.location_id where sm1_0.status='CONFIRMED' group by sm1_0.product_id,sm1_0.location_id,l1_0.name
2026-09-26T21:50:21.209+05:30 DEBUG 23996 --- [nio-8080-exec-3] o.s.w.s.m.m.a.HttpEntityMethodProcessor  : Using 'application/json', given [*/*] and supported [application/json, application/*+json]
2026-09-26T21:50:21.209+05:30 DEBUG 23996 --- [nio-8080-exec-3] o.s.w.s.m.m.a.HttpEntityMethodProcessor  : Writing [[com.stocksense.dto.ProductResponseDto@5cbc8f53, com.stocksense.dto.ProductResponseDto@72ccd028, com (truncated)...]
2026-09-26T21:50:21.209+05:30 DEBUG 23996 --- [nio-8080-exec-4] org.hibernate.SQL                        : select count(sm1_0.id) from stock_moves sm1_0 where sm1_0.status=? and sm1_0.move_type=?
2026-09-26T21:50:21.209+05:30 DEBUG 23996 --- [nio-8080-exec-3] o.s.web.servlet.DispatcherServlet        : Completed 200 OK
2026-09-26T21:50:21.219+05:30 DEBUG 23996 --- [nio-8080-exec-4] org.hibernate.SQL                        : select count(sm1_0.id) from stock_moves sm1_0 where sm1_0.status=? and sm1_0.move_type=?
2026-09-26T21:50:21.226+05:30 DEBUG 23996 --- [nio-8080-exec-4] o.s.w.s.m.m.a.HttpEntityMethodProcessor  : Using 'application/json', given [*/*] and supported [application/json, application/*+json]
2026-09-26T21:50:21.226+05:30 DEBUG 23996 --- [nio-8080-exec-4] o.s.w.s.m.m.a.HttpEntityMethodProcessor  : Writing [com.stocksense.dto.DashboardResponseDto@ac8b82]
2026-09-26T21:50:21.226+05:30 DEBUG 23996 --- [nio-8080-exec-4] o.s.web.servlet.DispatcherServlet        : Completed 200 OK
2026-09-26T21:50:51.177+05:30 DEBUG 23996 --- [nio-8080-exec-9] o.s.web.servlet.DispatcherServlet        : GET "/dashboard", parameters={}
2026-09-26T21:50:51.177+05:30 DEBUG 23996 --- [nio-8080-exec-2] o.s.web.servlet.DispatcherServlet        : GET "/products", parameters={}
2026-09-26T21:50:51.181+05:30 DEBUG 23996 --- [nio-8080-exec-9] s.w.s.m.m.a.RequestMappingHandlerMapping : Mapped to com.stocksense.controller.DashboardController#getDashboard()
2026-09-26T21:50:51.185+05:30 DEBUG 23996 --- [nio-8080-exec-2] s.w.s.m.m.a.RequestMappingHandlerMapping : Mapped to com.stocksense.controller.ProductController#listProducts()
2026-09-26T21:50:51.193+05:30 DEBUG 23996 --- [nio-8080-exec-2] org.hibernate.SQL                        : select p1_0.id,p1_0.category,p1_0.name,p1_0.sku,p1_0.unit_of_measure from products p1_0 order by p1_0.name
2026-09-26T21:50:51.193+05:30 DEBUG 23996 --- [nio-8080-exec-9] org.hibernate.SQL                        : select p1_0.id,p1_0.category,p1_0.name,p1_0.sku,p1_0.unit_of_measure from products p1_0 order by p1_0.name
2026-09-26T21:50:51.205+05:30 DEBUG 23996 --- [nio-8080-exec-2] org.hibernate.SQL                        : select sm1_0.product_id,cast(coalesce(sum(sm1_0.quantity_change),0) as integer) from stock_moves sm1_0 where sm1_0.status='CONFIRMED' group by sm1_0.product_id
2026-09-26T21:50:51.205+05:30 DEBUG 23996 --- [nio-8080-exec-9] org.hibernate.SQL                        : select sm1_0.product_id,cast(coalesce(sum(sm1_0.quantity_change),0) as integer) from stock_moves sm1_0 where sm1_0.status='CONFIRMED' group by sm1_0.product_id
2026-09-26T21:50:51.216+05:30 DEBUG 23996 --- [nio-8080-exec-9] org.hibernate.SQL                        : select sm1_0.product_id,sm1_0.location_id,l1_0.name,cast(coalesce(sum(sm1_0.quantity_change),0) as integer) from stock_moves sm1_0 join locations l1_0 on l1_0.id=sm1_0.location_id where sm1_0.status='CONFIRMED' group by sm1_0.product_id,sm1_0.location_id,l1_0.name
2026-09-26T21:50:51.216+05:30 DEBUG 23996 --- [nio-8080-exec-2] org.hibernate.SQL                        : select sm1_0.product_id,sm1_0.location_id,l1_0.name,cast(coalesce(sum(sm1_0.quantity_change),0) as integer) from stock_moves sm1_0 join locations l1_0 on l1_0.id=sm1_0.location_id where sm1_0.status='CONFIRMED' group by sm1_0.product_id,sm1_0.location_id,l1_0.name
2026-09-26T21:50:51.230+05:30 DEBUG 23996 --- [nio-8080-exec-2] o.s.w.s.m.m.a.HttpEntityMethodProcessor  : Using 'application/json', given [*/*] and supported [application/json, application/*+json]
2026-09-26T21:50:51.235+05:30 DEBUG 23996 --- [nio-8080-exec-2] o.s.w.s.m.m.a.HttpEntityMethodProcessor  : Writing [[com.stocksense.dto.ProductResponseDto@781d38d8, com.stocksense.dto.ProductResponseDto@5fa73d4c, com (truncated)...]
2026-09-26T21:50:51.237+05:30 DEBUG 23996 --- [nio-8080-exec-9] org.hibernate.SQL                        : select count(sm1_0.id) from stock_moves sm1_0 where sm1_0.status=? and sm1_0.move_type=?
2026-09-26T21:50:51.241+05:30 DEBUG 23996 --- [nio-8080-exec-2] o.s.web.servlet.DispatcherServlet        : Completed 200 OK
2026-09-26T21:50:51.255+05:30 DEBUG 23996 --- [nio-8080-exec-9] org.hibernate.SQL                        : select count(sm1_0.id) from stock_moves sm1_0 where sm1_0.status=? and sm1_0.move_type=?
2026-09-26T21:50:51.257+05:30 DEBUG 23996 --- [nio-8080-exec-9] o.s.w.s.m.m.a.HttpEntityMethodProcessor  : Using 'application/json', given [*/*] and supported [application/json, application/*+json]
2026-09-26T21:50:51.264+05:30 DEBUG 23996 --- [nio-8080-exec-9] o.s.w.s.m.m.a.HttpEntityMethodProcessor  : Writing [com.stocksense.dto.DashboardResponseDto@31dfbedc]
2026-09-26T21:50:51.270+05:30 DEBUG 23996 --- [nio-8080-exec-9] o.s.web.servlet.DispatcherServlet        : Completed 200 OK
2026-09-26T21:51:21.178+05:30 DEBUG 23996 --- [nio-8080-exec-5] o.s.web.servlet.DispatcherServlet        : GET "/products", parameters={}
2026-09-26T21:51:21.178+05:30 DEBUG 23996 --- [nio-8080-exec-7] o.s.web.servlet.DispatcherServlet        : GET "/dashboard", parameters={}
2026-09-26T21:51:21.178+05:30 DEBUG 23996 --- [nio-8080-exec-5] s.w.s.m.m.a.RequestMappingHandlerMapping : Mapped to com.stocksense.controller.ProductController#listProducts()
2026-09-26T21:51:21.178+05:30 DEBUG 23996 --- [nio-8080-exec-7] s.w.s.m.m.a.RequestMappingHandlerMapping : Mapped to com.stocksense.controller.DashboardController#getDashboard()
2026-09-26T21:51:21.192+05:30 DEBUG 23996 --- [nio-8080-exec-5] org.hibernate.SQL                        : select p1_0.id,p1_0.category,p1_0.name,p1_0.sku,p1_0.unit_of_measure from products p1_0 order by p1_0.name
2026-09-26T21:51:21.192+05:30 DEBUG 23996 --- [nio-8080-exec-7] org.hibernate.SQL                        : select p1_0.id,p1_0.category,p1_0.name,p1_0.sku,p1_0.unit_of_measure from products p1_0 order by p1_0.name
2026-09-26T21:51:21.197+05:30 DEBUG 23996 --- [nio-8080-exec-5] org.hibernate.SQL                        : select sm1_0.product_id,cast(coalesce(sum(sm1_0.quantity_change),0) as integer) from stock_moves sm1_0 where sm1_0.status='CONFIRMED' group by sm1_0.product_id
2026-09-26T21:51:21.197+05:30 DEBUG 23996 --- [nio-8080-exec-7] org.hibernate.SQL                        : select sm1_0.product_id,cast(coalesce(sum(sm1_0.quantity_change),0) as integer) from stock_moves sm1_0 where sm1_0.status='CONFIRMED' group by sm1_0.product_id
2026-09-26T21:51:21.203+05:30 DEBUG 23996 --- [nio-8080-exec-5] org.hibernate.SQL                        : select sm1_0.product_id,sm1_0.location_id,l1_0.name,cast(coalesce(sum(sm1_0.quantity_change),0) as integer) from stock_moves sm1_0 join locations l1_0 on l1_0.id=sm1_0.location_id where sm1_0.status='CONFIRMED' group by sm1_0.product_id,sm1_0.location_id,l1_0.name
2026-09-26T21:51:21.203+05:30 DEBUG 23996 --- [nio-8080-exec-7] org.hibernate.SQL                        : select sm1_0.product_id,sm1_0.location_id,l1_0.name,cast(coalesce(sum(sm1_0.quantity_change),0) as integer) from stock_moves sm1_0 join locations l1_0 on l1_0.id=sm1_0.location_id where sm1_0.status='CONFIRMED' group by sm1_0.product_id,sm1_0.location_id,l1_0.name
2026-09-26T21:51:21.216+05:30 DEBUG 23996 --- [nio-8080-exec-5] o.s.w.s.m.m.a.HttpEntityMethodProcessor  : Using 'application/json', given [*/*] and supported [application/json, application/*+json]
2026-09-26T21:51:21.218+05:30 DEBUG 23996 --- [nio-8080-exec-5] o.s.w.s.m.m.a.HttpEntityMethodProcessor  : Writing [[com.stocksense.dto.ProductResponseDto@88aff3f, com.stocksense.dto.ProductResponseDto@1ce7261, com.s (truncated)...]
2026-09-26T21:51:21.219+05:30 DEBUG 23996 --- [nio-8080-exec-7] org.hibernate.SQL                        : select count(sm1_0.id) from stock_moves sm1_0 where sm1_0.status=? and sm1_0.move_type=?
2026-09-26T21:51:21.219+05:30 DEBUG 23996 --- [nio-8080-exec-5] o.s.web.servlet.DispatcherServlet        : Completed 200 OK
2026-09-26T21:51:21.228+05:30 DEBUG 23996 --- [nio-8080-exec-7] org.hibernate.SQL                        : select count(sm1_0.id) from stock_moves sm1_0 where sm1_0.status=? and sm1_0.move_type=?
2026-09-26T21:51:21.232+05:30 DEBUG 23996 --- [nio-8080-exec-7] o.s.w.s.m.m.a.HttpEntityMethodProcessor  : Using 'application/json', given [*/*] and supported [application/json, application/*+json]
2026-09-26T21:51:21.235+05:30 DEBUG 23996 --- [nio-8080-exec-7] o.s.w.s.m.m.a.HttpEntityMethodProcessor  : Writing [com.stocksense.dto.DashboardResponseDto@36677eba]
2026-09-26T21:51:21.235+05:30 DEBUG 23996 --- [nio-8080-exec-7] o.s.web.servlet.DispatcherServlet        : Completed 200 OK
2026-09-26T21:52:22.197+05:30 DEBUG 23996 --- [nio-8080-exec-6] o.s.web.servlet.DispatcherServlet        : GET "/dashboard", parameters={}
2026-09-26T21:52:22.197+05:30 DEBUG 23996 --- [io-8080-exec-10] o.s.web.servlet.DispatcherServlet        : GET "/products", parameters={}
2026-09-26T21:52:22.199+05:30 DEBUG 23996 --- [nio-8080-exec-6] s.w.s.m.m.a.RequestMappingHandlerMapping : Mapped to com.stocksense.controller.DashboardController#getDashboard()
2026-09-26T21:52:22.201+05:30 DEBUG 23996 --- [io-8080-exec-10] s.w.s.m.m.a.RequestMappingHandlerMapping : Mapped to com.stocksense.controller.ProductController#listProducts()
2026-09-26T21:52:22.215+05:30 DEBUG 23996 --- [nio-8080-exec-6] org.hibernate.SQL                        : select p1_0.id,p1_0.category,p1_0.name,p1_0.sku,p1_0.unit_of_measure from products p1_0 order by p1_0.name
2026-09-26T21:52:22.215+05:30 DEBUG 23996 --- [io-8080-exec-10] org.hibernate.SQL                        : select p1_0.id,p1_0.category,p1_0.name,p1_0.sku,p1_0.unit_of_measure from products p1_0 order by p1_0.name
2026-09-26T21:52:22.221+05:30 DEBUG 23996 --- [nio-8080-exec-6] org.hibernate.SQL                        : select sm1_0.product_id,cast(coalesce(sum(sm1_0.quantity_change),0) as integer) from stock_moves sm1_0 where sm1_0.status='CONFIRMED' group by sm1_0.product_id
2026-09-26T21:52:22.221+05:30 DEBUG 23996 --- [io-8080-exec-10] org.hibernate.SQL                        : select sm1_0.product_id,cast(coalesce(sum(sm1_0.quantity_change),0) as integer) from stock_moves sm1_0 where sm1_0.status='CONFIRMED' group by sm1_0.product_id
2026-09-26T21:52:22.228+05:30 DEBUG 23996 --- [io-8080-exec-10] org.hibernate.SQL                        : select sm1_0.product_id,sm1_0.location_id,l1_0.name,cast(coalesce(sum(sm1_0.quantity_change),0) as integer) from stock_moves sm1_0 join locations l1_0 on l1_0.id=sm1_0.location_id where sm1_0.status='CONFIRMED' group by sm1_0.product_id,sm1_0.location_id,l1_0.name
2026-09-26T21:52:22.232+05:30 DEBUG 23996 --- [nio-8080-exec-6] org.hibernate.SQL                        : select sm1_0.product_id,sm1_0.location_id,l1_0.name,cast(coalesce(sum(sm1_0.quantity_change),0) as integer) from stock_moves sm1_0 join locations l1_0 on l1_0.id=sm1_0.location_id where sm1_0.status='CONFIRMED' group by sm1_0.product_id,sm1_0.location_id,l1_0.name
2026-09-26T21:52:22.242+05:30 DEBUG 23996 --- [io-8080-exec-10] o.s.w.s.m.m.a.HttpEntityMethodProcessor  : Using 'application/json', given [*/*] and supported [application/json, application/*+json]
2026-09-26T21:52:22.245+05:30 DEBUG 23996 --- [io-8080-exec-10] o.s.w.s.m.m.a.HttpEntityMethodProcessor  : Writing [[com.stocksense.dto.ProductResponseDto@15a4cf3d, com.stocksense.dto.ProductResponseDto@1b4745a9, com (truncated)...]
2026-09-26T21:52:22.247+05:30 DEBUG 23996 --- [nio-8080-exec-6] org.hibernate.SQL                        : select count(sm1_0.id) from stock_moves sm1_0 where sm1_0.status=? and sm1_0.move_type=?
2026-09-26T21:52:22.250+05:30 DEBUG 23996 --- [io-8080-exec-10] o.s.web.servlet.DispatcherServlet        : Completed 200 OK
2026-09-26T21:52:22.258+05:30 DEBUG 23996 --- [nio-8080-exec-6] org.hibernate.SQL                        : select count(sm1_0.id) from stock_moves sm1_0 where sm1_0.status=? and sm1_0.move_type=?
2026-09-26T21:52:22.266+05:30 DEBUG 23996 --- [nio-8080-exec-6] o.s.w.s.m.m.a.HttpEntityMethodProcessor  : Using 'application/json', given [*/*] and supported [application/json, application/*+json]
2026-09-26T21:52:22.267+05:30 DEBUG 23996 --- [nio-8080-exec-6] o.s.w.s.m.m.a.HttpEntityMethodProcessor  : Writing [com.stocksense.dto.DashboardResponseDto@5bbc2cfa]
2026-09-26T21:52:22.267+05:30 DEBUG 23996 --- [nio-8080-exec-6] o.s.web.servlet.DispatcherServlet        : Completed 200 OK
2026-09-26T21:53:23.179+05:30 DEBUG 23996 --- [nio-8080-exec-9] o.s.web.servlet.DispatcherServlet        : GET "/products", parameters={}
2026-09-26T21:53:23.179+05:30 DEBUG 23996 --- [nio-8080-exec-2] o.s.web.servlet.DispatcherServlet        : GET "/dashboard", parameters={}
2026-09-26T21:53:23.179+05:30 DEBUG 23996 --- [nio-8080-exec-9] s.w.s.m.m.a.RequestMappingHandlerMapping : Mapped to com.stocksense.controller.ProductController#listProducts()
2026-09-26T21:53:23.179+05:30 DEBUG 23996 --- [nio-8080-exec-2] s.w.s.m.m.a.RequestMappingHandlerMapping : Mapped to com.stocksense.controller.DashboardController#getDashboard()
2026-09-26T21:53:23.188+05:30 DEBUG 23996 --- [nio-8080-exec-2] org.hibernate.SQL                        : select p1_0.id,p1_0.category,p1_0.name,p1_0.sku,p1_0.unit_of_measure from products p1_0 order by p1_0.name
2026-09-26T21:53:23.191+05:30 DEBUG 23996 --- [nio-8080-exec-2] org.hibernate.SQL                        : select sm1_0.product_id,cast(coalesce(sum(sm1_0.quantity_change),0) as integer) from stock_moves sm1_0 where sm1_0.status='CONFIRMED' group by sm1_0.product_id
2026-09-26T21:53:23.196+05:30 DEBUG 23996 --- [nio-8080-exec-9] org.hibernate.SQL                        : select p1_0.id,p1_0.category,p1_0.name,p1_0.sku,p1_0.unit_of_measure from products p1_0 order by p1_0.name
2026-09-26T21:53:23.198+05:30 DEBUG 23996 --- [nio-8080-exec-2] org.hibernate.SQL                        : select sm1_0.product_id,sm1_0.location_id,l1_0.name,cast(coalesce(sum(sm1_0.quantity_change),0) as integer) from stock_moves sm1_0 join locations l1_0 on l1_0.id=sm1_0.location_id where sm1_0.status='CONFIRMED' group by sm1_0.product_id,sm1_0.location_id,l1_0.name
2026-09-26T21:53:23.198+05:30 DEBUG 23996 --- [nio-8080-exec-9] org.hibernate.SQL                        : select sm1_0.product_id,cast(coalesce(sum(sm1_0.quantity_change),0) as integer) from stock_moves sm1_0 where sm1_0.status='CONFIRMED' group by sm1_0.product_id
2026-09-26T21:53:23.205+05:30 DEBUG 23996 --- [nio-8080-exec-9] org.hibernate.SQL                        : select sm1_0.product_id,sm1_0.location_id,l1_0.name,cast(coalesce(sum(sm1_0.quantity_change),0) as integer) from stock_moves sm1_0 join locations l1_0 on l1_0.id=sm1_0.location_id where sm1_0.status='CONFIRMED' group by sm1_0.product_id,sm1_0.location_id,l1_0.name
2026-09-26T21:53:23.205+05:30 DEBUG 23996 --- [nio-8080-exec-2] org.hibernate.SQL                        : select count(sm1_0.id) from stock_moves sm1_0 where sm1_0.status=? and sm1_0.move_type=?
2026-09-26T21:53:23.210+05:30 DEBUG 23996 --- [nio-8080-exec-2] org.hibernate.SQL                        : select count(sm1_0.id) from stock_moves sm1_0 where sm1_0.status=? and sm1_0.move_type=?
2026-09-26T21:53:23.213+05:30 DEBUG 23996 --- [nio-8080-exec-9] o.s.w.s.m.m.a.HttpEntityMethodProcessor  : Using 'application/json', given [*/*] and supported [application/json, application/*+json]
2026-09-26T21:53:23.213+05:30 DEBUG 23996 --- [nio-8080-exec-9] o.s.w.s.m.m.a.HttpEntityMethodProcessor  : Writing [[com.stocksense.dto.ProductResponseDto@3507f88c, com.stocksense.dto.ProductResponseDto@211d46ff, com (truncated)...]
2026-09-26T21:53:23.213+05:30 DEBUG 23996 --- [nio-8080-exec-2] o.s.w.s.m.m.a.HttpEntityMethodProcessor  : Using 'application/json', given [*/*] and supported [application/json, application/*+json]
2026-09-26T21:53:23.216+05:30 DEBUG 23996 --- [nio-8080-exec-2] o.s.w.s.m.m.a.HttpEntityMethodProcessor  : Writing [com.stocksense.dto.DashboardResponseDto@72d46b9]
2026-09-26T21:53:23.217+05:30 DEBUG 23996 --- [nio-8080-exec-9] o.s.web.servlet.DispatcherServlet        : Completed 200 OK
2026-09-26T21:53:23.217+05:30 DEBUG 23996 --- [nio-8080-exec-2] o.s.web.servlet.DispatcherServlet        : Completed 200 OK
2026-09-26T21:54:24.191+05:30 DEBUG 23996 --- [nio-8080-exec-8] o.s.web.servlet.DispatcherServlet        : GET "/dashboard", parameters={}
2026-09-26T21:54:24.193+05:30 DEBUG 23996 --- [nio-8080-exec-1] o.s.web.servlet.DispatcherServlet        : GET "/products", parameters={}
2026-09-26T21:54:24.196+05:30 DEBUG 23996 --- [nio-8080-exec-8] s.w.s.m.m.a.RequestMappingHandlerMapping : Mapped to com.stocksense.controller.DashboardController#getDashboard()
2026-09-26T21:54:24.197+05:30 DEBUG 23996 --- [nio-8080-exec-1] s.w.s.m.m.a.RequestMappingHandlerMapping : Mapped to com.stocksense.controller.ProductController#listProducts()
2026-09-26T21:54:24.208+05:30 DEBUG 23996 --- [nio-8080-exec-1] org.hibernate.SQL                        : select p1_0.id,p1_0.category,p1_0.name,p1_0.sku,p1_0.unit_of_measure from products p1_0 order by p1_0.name
2026-09-26T21:54:24.213+05:30 DEBUG 23996 --- [nio-8080-exec-8] org.hibernate.SQL                        : select p1_0.id,p1_0.category,p1_0.name,p1_0.sku,p1_0.unit_of_measure from products p1_0 order by p1_0.name
2026-09-26T21:54:24.218+05:30 DEBUG 23996 --- [nio-8080-exec-1] org.hibernate.SQL                        : select sm1_0.product_id,cast(coalesce(sum(sm1_0.quantity_change),0) as integer) from stock_moves sm1_0 where sm1_0.status='CONFIRMED' group by sm1_0.product_id
2026-09-26T21:54:24.219+05:30 DEBUG 23996 --- [nio-8080-exec-8] org.hibernate.SQL                        : select sm1_0.product_id,cast(coalesce(sum(sm1_0.quantity_change),0) as integer) from stock_moves sm1_0 where sm1_0.status='CONFIRMED' group by sm1_0.product_id
2026-09-26T21:54:24.226+05:30 DEBUG 23996 --- [nio-8080-exec-8] org.hibernate.SQL                        : select sm1_0.product_id,sm1_0.location_id,l1_0.name,cast(coalesce(sum(sm1_0.quantity_change),0) as integer) from stock_moves sm1_0 join locations l1_0 on l1_0.id=sm1_0.location_id where sm1_0.status='CONFIRMED' group by sm1_0.product_id,sm1_0.location_id,l1_0.name
2026-09-26T21:54:24.226+05:30 DEBUG 23996 --- [nio-8080-exec-1] org.hibernate.SQL                        : select sm1_0.product_id,sm1_0.location_id,l1_0.name,cast(coalesce(sum(sm1_0.quantity_change),0) as integer) from stock_moves sm1_0 join locations l1_0 on l1_0.id=sm1_0.location_id where sm1_0.status='CONFIRMED' group by sm1_0.product_id,sm1_0.location_id,l1_0.name
2026-09-26T21:54:24.238+05:30 DEBUG 23996 --- [nio-8080-exec-1] o.s.w.s.m.m.a.HttpEntityMethodProcessor  : Using 'application/json', given [*/*] and supported [application/json, application/*+json]
2026-09-26T21:54:24.238+05:30 DEBUG 23996 --- [nio-8080-exec-8] org.hibernate.SQL                        : select count(sm1_0.id) from stock_moves sm1_0 where sm1_0.status=? and sm1_0.move_type=?
2026-09-26T21:54:24.240+05:30 DEBUG 23996 --- [nio-8080-exec-1] o.s.w.s.m.m.a.HttpEntityMethodProcessor  : Writing [[com.stocksense.dto.ProductResponseDto@7a385eee, com.stocksense.dto.ProductResponseDto@46bc493c, com (truncated)...]
2026-09-26T21:54:24.242+05:30 DEBUG 23996 --- [nio-8080-exec-1] o.s.web.servlet.DispatcherServlet        : Completed 200 OK
2026-09-26T21:54:24.251+05:30 DEBUG 23996 --- [nio-8080-exec-8] org.hibernate.SQL                        : select count(sm1_0.id) from stock_moves sm1_0 where sm1_0.status=? and sm1_0.move_type=?
2026-09-26T21:54:24.252+05:30 DEBUG 23996 --- [nio-8080-exec-8] o.s.w.s.m.m.a.HttpEntityMethodProcessor  : Using 'application/json', given [*/*] and supported [application/json, application/*+json]
2026-09-26T21:54:24.254+05:30 DEBUG 23996 --- [nio-8080-exec-8] o.s.w.s.m.m.a.HttpEntityMethodProcessor  : Writing [com.stocksense.dto.DashboardResponseDto@2b8ab8d7]
2026-09-26T21:54:24.254+05:30 DEBUG 23996 --- [nio-8080-exec-8] o.s.web.servlet.DispatcherServlet        : Completed 200 OK
2026-09-26T21:54:51.187+05:30 DEBUG 23996 --- [nio-8080-exec-6] o.s.web.servlet.DispatcherServlet        : GET "/products", parameters={}
2026-09-26T21:54:51.187+05:30 DEBUG 23996 --- [io-8080-exec-10] o.s.web.servlet.DispatcherServlet        : GET "/dashboard", parameters={}
2026-09-26T21:54:51.187+05:30 DEBUG 23996 --- [nio-8080-exec-6] s.w.s.m.m.a.RequestMappingHandlerMapping : Mapped to com.stocksense.controller.ProductController#listProducts()
2026-09-26T21:54:51.187+05:30 DEBUG 23996 --- [io-8080-exec-10] s.w.s.m.m.a.RequestMappingHandlerMapping : Mapped to com.stocksense.controller.DashboardController#getDashboard()
2026-09-26T21:54:51.196+05:30 DEBUG 23996 --- [io-8080-exec-10] org.hibernate.SQL                        : select p1_0.id,p1_0.category,p1_0.name,p1_0.sku,p1_0.unit_of_measure from products p1_0 order by p1_0.name
2026-09-26T21:54:51.196+05:30 DEBUG 23996 --- [io-8080-exec-10] org.hibernate.SQL                        : select sm1_0.product_id,cast(coalesce(sum(sm1_0.quantity_change),0) as integer) from stock_moves sm1_0 where sm1_0.status='CONFIRMED' group by sm1_0.product_id
2026-09-26T21:54:51.196+05:30 DEBUG 23996 --- [nio-8080-exec-6] org.hibernate.SQL                        : select p1_0.id,p1_0.category,p1_0.name,p1_0.sku,p1_0.unit_of_measure from products p1_0 order by p1_0.name
2026-09-26T21:54:51.210+05:30 DEBUG 23996 --- [io-8080-exec-10] org.hibernate.SQL                        : select sm1_0.product_id,sm1_0.location_id,l1_0.name,cast(coalesce(sum(sm1_0.quantity_change),0) as integer) from stock_moves sm1_0 join locations l1_0 on l1_0.id=sm1_0.location_id where sm1_0.status='CONFIRMED' group by sm1_0.product_id,sm1_0.location_id,l1_0.name
2026-09-26T21:54:51.212+05:30 DEBUG 23996 --- [nio-8080-exec-6] org.hibernate.SQL                        : select sm1_0.product_id,cast(coalesce(sum(sm1_0.quantity_change),0) as integer) from stock_moves sm1_0 where sm1_0.status='CONFIRMED' group by sm1_0.product_id
2026-09-26T21:54:51.212+05:30 DEBUG 23996 --- [nio-8080-exec-6] org.hibernate.SQL                        : select sm1_0.product_id,sm1_0.location_id,l1_0.name,cast(coalesce(sum(sm1_0.quantity_change),0) as integer) from stock_moves sm1_0 join locations l1_0 on l1_0.id=sm1_0.location_id where sm1_0.status='CONFIRMED' group by sm1_0.product_id,sm1_0.location_id,l1_0.name
2026-09-26T21:54:51.212+05:30 DEBUG 23996 --- [io-8080-exec-10] org.hibernate.SQL                        : select count(sm1_0.id) from stock_moves sm1_0 where sm1_0.status=? and sm1_0.move_type=?
2026-09-26T21:54:51.230+05:30 DEBUG 23996 --- [nio-8080-exec-6] o.s.w.s.m.m.a.HttpEntityMethodProcessor  : Using 'application/json', given [*/*] and supported [application/json, application/*+json]
2026-09-26T21:54:51.232+05:30 DEBUG 23996 --- [nio-8080-exec-6] o.s.w.s.m.m.a.HttpEntityMethodProcessor  : Writing [[com.stocksense.dto.ProductResponseDto@6282f077, com.stocksense.dto.ProductResponseDto@6dbf294e, com (truncated)...]
2026-09-26T21:54:51.232+05:30 DEBUG 23996 --- [io-8080-exec-10] org.hibernate.SQL                        : select count(sm1_0.id) from stock_moves sm1_0 where sm1_0.status=? and sm1_0.move_type=?
2026-09-26T21:54:51.234+05:30 DEBUG 23996 --- [nio-8080-exec-6] o.s.web.servlet.DispatcherServlet        : Completed 200 OK
2026-09-26T21:54:51.234+05:30 DEBUG 23996 --- [io-8080-exec-10] o.s.w.s.m.m.a.HttpEntityMethodProcessor  : Using 'application/json', given [*/*] and supported [application/json, application/*+json]
2026-09-26T21:54:51.240+05:30 DEBUG 23996 --- [io-8080-exec-10] o.s.w.s.m.m.a.HttpEntityMethodProcessor  : Writing [com.stocksense.dto.DashboardResponseDto@49d9371b]
2026-09-26T21:54:51.244+05:30 DEBUG 23996 --- [io-8080-exec-10] o.s.web.servlet.DispatcherServlet        : Completed 200 OK
2026-09-26T21:55:21.173+05:30 DEBUG 23996 --- [nio-8080-exec-4] o.s.web.servlet.DispatcherServlet        : GET "/dashboard", parameters={}
2026-09-26T21:55:21.173+05:30 DEBUG 23996 --- [nio-8080-exec-3] o.s.web.servlet.DispatcherServlet        : GET "/products", parameters={}
2026-09-26T21:55:21.173+05:30 DEBUG 23996 --- [nio-8080-exec-4] s.w.s.m.m.a.RequestMappingHandlerMapping : Mapped to com.stocksense.controller.DashboardController#getDashboard()
2026-09-26T21:55:21.173+05:30 DEBUG 23996 --- [nio-8080-exec-3] s.w.s.m.m.a.RequestMappingHandlerMapping : Mapped to com.stocksense.controller.ProductController#listProducts()
2026-09-26T21:55:21.189+05:30 DEBUG 23996 --- [nio-8080-exec-3] org.hibernate.SQL                        : select p1_0.id,p1_0.category,p1_0.name,p1_0.sku,p1_0.unit_of_measure from products p1_0 order by p1_0.name
2026-09-26T21:55:21.189+05:30 DEBUG 23996 --- [nio-8080-exec-4] org.hibernate.SQL                        : select p1_0.id,p1_0.category,p1_0.name,p1_0.sku,p1_0.unit_of_measure from products p1_0 order by p1_0.name
2026-09-26T21:55:21.193+05:30 DEBUG 23996 --- [nio-8080-exec-3] org.hibernate.SQL                        : select sm1_0.product_id,cast(coalesce(sum(sm1_0.quantity_change),0) as integer) from stock_moves sm1_0 where sm1_0.status='CONFIRMED' group by sm1_0.product_id
2026-09-26T21:55:21.200+05:30 DEBUG 23996 --- [nio-8080-exec-4] org.hibernate.SQL                        : select sm1_0.product_id,cast(coalesce(sum(sm1_0.quantity_change),0) as integer) from stock_moves sm1_0 where sm1_0.status='CONFIRMED' group by sm1_0.product_id
2026-09-26T21:55:21.200+05:30 DEBUG 23996 --- [nio-8080-exec-3] org.hibernate.SQL                        : select sm1_0.product_id,sm1_0.location_id,l1_0.name,cast(coalesce(sum(sm1_0.quantity_change),0) as integer) from stock_moves sm1_0 join locations l1_0 on l1_0.id=sm1_0.location_id where sm1_0.status='CONFIRMED' group by sm1_0.product_id,sm1_0.location_id,l1_0.name
2026-09-26T21:55:21.209+05:30 DEBUG 23996 --- [nio-8080-exec-4] org.hibernate.SQL                        : select sm1_0.product_id,sm1_0.location_id,l1_0.name,cast(coalesce(sum(sm1_0.quantity_change),0) as integer) from stock_moves sm1_0 join locations l1_0 on l1_0.id=sm1_0.location_id where sm1_0.status='CONFIRMED' group by sm1_0.product_id,sm1_0.location_id,l1_0.name
2026-09-26T21:55:21.211+05:30 DEBUG 23996 --- [nio-8080-exec-3] o.s.w.s.m.m.a.HttpEntityMethodProcessor  : Using 'application/json', given [*/*] and supported [application/json, application/*+json]
2026-09-26T21:55:21.213+05:30 DEBUG 23996 --- [nio-8080-exec-3] o.s.w.s.m.m.a.HttpEntityMethodProcessor  : Writing [[com.stocksense.dto.ProductResponseDto@181f7e84, com.stocksense.dto.ProductResponseDto@426efa37, com (truncated)...]
2026-09-26T21:55:21.216+05:30 DEBUG 23996 --- [nio-8080-exec-3] o.s.web.servlet.DispatcherServlet        : Completed 200 OK
2026-09-26T21:55:21.220+05:30 DEBUG 23996 --- [nio-8080-exec-4] org.hibernate.SQL                        : select count(sm1_0.id) from stock_moves sm1_0 where sm1_0.status=? and sm1_0.move_type=?
2026-09-26T21:55:21.229+05:30 DEBUG 23996 --- [nio-8080-exec-4] org.hibernate.SQL                        : select count(sm1_0.id) from stock_moves sm1_0 where sm1_0.status=? and sm1_0.move_type=?
2026-09-26T21:55:21.236+05:30 DEBUG 23996 --- [nio-8080-exec-4] o.s.w.s.m.m.a.HttpEntityMethodProcessor  : Using 'application/json', given [*/*] and supported [application/json, application/*+json]
2026-09-26T21:55:21.238+05:30 DEBUG 23996 --- [nio-8080-exec-4] o.s.w.s.m.m.a.HttpEntityMethodProcessor  : Writing [com.stocksense.dto.DashboardResponseDto@26fb7da0]
2026-09-26T21:55:21.238+05:30 DEBUG 23996 --- [nio-8080-exec-4] o.s.web.servlet.DispatcherServlet        : Completed 200 OK
2026-09-26T21:56:13.102+05:30 DEBUG 23996 --- [nio-8080-exec-5] o.s.web.servlet.DispatcherServlet        : GET "/dashboard", parameters={}
2026-09-26T21:56:13.104+05:30 DEBUG 23996 --- [nio-8080-exec-7] o.s.web.servlet.DispatcherServlet        : GET "/products", parameters={}
2026-09-26T21:56:13.107+05:30 DEBUG 23996 --- [nio-8080-exec-5] s.w.s.m.m.a.RequestMappingHandlerMapping : Mapped to com.stocksense.controller.DashboardController#getDashboard()
2026-09-26T21:56:13.107+05:30 DEBUG 23996 --- [nio-8080-exec-7] s.w.s.m.m.a.RequestMappingHandlerMapping : Mapped to com.stocksense.controller.ProductController#listProducts()
2026-09-26T21:56:13.118+05:30 DEBUG 23996 --- [nio-8080-exec-5] org.hibernate.SQL                        : select p1_0.id,p1_0.category,p1_0.name,p1_0.sku,p1_0.unit_of_measure from products p1_0 order by p1_0.name
2026-09-26T21:56:13.124+05:30 DEBUG 23996 --- [nio-8080-exec-7] org.hibernate.SQL                        : select p1_0.id,p1_0.category,p1_0.name,p1_0.sku,p1_0.unit_of_measure from products p1_0 order by p1_0.name
2026-09-26T21:56:13.133+05:30 DEBUG 23996 --- [nio-8080-exec-7] org.hibernate.SQL                        : select sm1_0.product_id,cast(coalesce(sum(sm1_0.quantity_change),0) as integer) from stock_moves sm1_0 where sm1_0.status='CONFIRMED' group by sm1_0.product_id
2026-09-26T21:56:13.149+05:30 DEBUG 23996 --- [nio-8080-exec-5] org.hibernate.SQL                        : select sm1_0.product_id,cast(coalesce(sum(sm1_0.quantity_change),0) as integer) from stock_moves sm1_0 where sm1_0.status='CONFIRMED' group by sm1_0.product_id
2026-09-26T21:56:13.165+05:30 DEBUG 23996 --- [nio-8080-exec-7] org.hibernate.SQL                        : select sm1_0.product_id,sm1_0.location_id,l1_0.name,cast(coalesce(sum(sm1_0.quantity_change),0) as integer) from stock_moves sm1_0 join locations l1_0 on l1_0.id=sm1_0.location_id where sm1_0.status='CONFIRMED' group by sm1_0.product_id,sm1_0.location_id,l1_0.name
2026-09-26T21:56:13.169+05:30 DEBUG 23996 --- [nio-8080-exec-5] org.hibernate.SQL                        : select sm1_0.product_id,sm1_0.location_id,l1_0.name,cast(coalesce(sum(sm1_0.quantity_change),0) as integer) from stock_moves sm1_0 join locations l1_0 on l1_0.id=sm1_0.location_id where sm1_0.status='CONFIRMED' group by sm1_0.product_id,sm1_0.location_id,l1_0.name
2026-09-26T21:56:13.199+05:30 DEBUG 23996 --- [nio-8080-exec-7] o.s.w.s.m.m.a.HttpEntityMethodProcessor  : Using 'application/json', given [*/*] and supported [application/json, application/*+json]
2026-09-26T21:56:13.199+05:30 DEBUG 23996 --- [nio-8080-exec-7] o.s.w.s.m.m.a.HttpEntityMethodProcessor  : Writing [[com.stocksense.dto.ProductResponseDto@5046b729, com.stocksense.dto.ProductResponseDto@59604f76, com (truncated)...]
2026-09-26T21:56:13.201+05:30 DEBUG 23996 --- [nio-8080-exec-5] org.hibernate.SQL                        : select count(sm1_0.id) from stock_moves sm1_0 where sm1_0.status=? and sm1_0.move_type=?
2026-09-26T21:56:13.201+05:30 DEBUG 23996 --- [nio-8080-exec-7] o.s.web.servlet.DispatcherServlet        : Completed 200 OK
2026-09-26T21:56:13.208+05:30 DEBUG 23996 --- [nio-8080-exec-5] org.hibernate.SQL                        : select count(sm1_0.id) from stock_moves sm1_0 where sm1_0.status=? and sm1_0.move_type=?
2026-09-26T21:56:13.212+05:30 DEBUG 23996 --- [nio-8080-exec-5] o.s.w.s.m.m.a.HttpEntityMethodProcessor  : Using 'application/json', given [*/*] and supported [application/json, application/*+json]
2026-09-26T21:56:13.218+05:30 DEBUG 23996 --- [nio-8080-exec-5] o.s.w.s.m.m.a.HttpEntityMethodProcessor  : Writing [com.stocksense.dto.DashboardResponseDto@1ecfc903]
2026-09-26T21:56:13.222+05:30 DEBUG 23996 --- [nio-8080-exec-5] o.s.web.servlet.DispatcherServlet        : Completed 200 OK
2026-09-26T21:56:15.447+05:30  WARN 23996 --- [l-1 housekeeper] com.zaxxer.hikari.pool.HikariPool        : HikariPool-1 - Thread starvation or clock leap detected (housekeeper delta=49s189ms825µs401ns).
2026-09-26T21:56:21.153+05:30 DEBUG 23996 --- [nio-8080-exec-8] o.s.web.servlet.DispatcherServlet        : GET "/products", parameters={}
2026-09-26T21:56:21.153+05:30 DEBUG 23996 --- [nio-8080-exec-1] o.s.web.servlet.DispatcherServlet        : GET "/dashboard", parameters={}
2026-09-26T21:56:21.153+05:30 DEBUG 23996 --- [nio-8080-exec-8] s.w.s.m.m.a.RequestMappingHandlerMapping : Mapped to com.stocksense.controller.ProductController#listProducts()
2026-09-26T21:56:21.153+05:30 DEBUG 23996 --- [nio-8080-exec-1] s.w.s.m.m.a.RequestMappingHandlerMapping : Mapped to com.stocksense.controller.DashboardController#getDashboard()
2026-09-26T21:56:21.153+05:30 DEBUG 23996 --- [nio-8080-exec-8] org.hibernate.SQL                        : select p1_0.id,p1_0.category,p1_0.name,p1_0.sku,p1_0.unit_of_measure from products p1_0 order by p1_0.name
2026-09-26T21:56:21.153+05:30 DEBUG 23996 --- [nio-8080-exec-8] org.hibernate.SQL                        : select sm1_0.product_id,cast(coalesce(sum(sm1_0.quantity_change),0) as integer) from stock_moves sm1_0 where sm1_0.status='CONFIRMED' group by sm1_0.product_id
2026-09-26T21:56:21.168+05:30 DEBUG 23996 --- [nio-8080-exec-8] org.hibernate.SQL                        : select sm1_0.product_id,sm1_0.location_id,l1_0.name,cast(coalesce(sum(sm1_0.quantity_change),0) as integer) from stock_moves sm1_0 join locations l1_0 on l1_0.id=sm1_0.location_id where sm1_0.status='CONFIRMED' group by sm1_0.product_id,sm1_0.location_id,l1_0.name
2026-09-26T21:56:21.172+05:30 DEBUG 23996 --- [nio-8080-exec-1] org.hibernate.SQL                        : select p1_0.id,p1_0.category,p1_0.name,p1_0.sku,p1_0.unit_of_measure from products p1_0 order by p1_0.name
2026-09-26T21:56:21.174+05:30 DEBUG 23996 --- [nio-8080-exec-8] o.s.w.s.m.m.a.HttpEntityMethodProcessor  : Using 'application/json', given [*/*] and supported [application/json, application/*+json]
2026-09-26T21:56:21.174+05:30 DEBUG 23996 --- [nio-8080-exec-8] o.s.w.s.m.m.a.HttpEntityMethodProcessor  : Writing [[com.stocksense.dto.ProductResponseDto@1326a366, com.stocksense.dto.ProductResponseDto@1de23f64, com (truncated)...]
2026-09-26T21:56:21.176+05:30 DEBUG 23996 --- [nio-8080-exec-1] org.hibernate.SQL                        : select sm1_0.product_id,cast(coalesce(sum(sm1_0.quantity_change),0) as integer) from stock_moves sm1_0 where sm1_0.status='CONFIRMED' group by sm1_0.product_id
2026-09-26T21:56:21.176+05:30 DEBUG 23996 --- [nio-8080-exec-8] o.s.web.servlet.DispatcherServlet        : Completed 200 OK
2026-09-26T21:56:21.176+05:30 DEBUG 23996 --- [nio-8080-exec-1] org.hibernate.SQL                        : select sm1_0.product_id,sm1_0.location_id,l1_0.name,cast(coalesce(sum(sm1_0.quantity_change),0) as integer) from stock_moves sm1_0 join locations l1_0 on l1_0.id=sm1_0.location_id where sm1_0.status='CONFIRMED' group by sm1_0.product_id,sm1_0.location_id,l1_0.name
2026-09-26T21:56:21.186+05:30 DEBUG 23996 --- [nio-8080-exec-1] org.hibernate.SQL                        : select count(sm1_0.id) from stock_moves sm1_0 where sm1_0.status=? and sm1_0.move_type=?
2026-09-26T21:56:21.189+05:30 DEBUG 23996 --- [nio-8080-exec-1] org.hibernate.SQL                        : select count(sm1_0.id) from stock_moves sm1_0 where sm1_0.status=? and sm1_0.move_type=?
2026-09-26T21:56:21.191+05:30 DEBUG 23996 --- [nio-8080-exec-1] o.s.w.s.m.m.a.HttpEntityMethodProcessor  : Using 'application/json', given [*/*] and supported [application/json, application/*+json]
2026-09-26T21:56:21.191+05:30 DEBUG 23996 --- [nio-8080-exec-1] o.s.w.s.m.m.a.HttpEntityMethodProcessor  : Writing [com.stocksense.dto.DashboardResponseDto@456229bb]
2026-09-26T21:56:21.193+05:30 DEBUG 23996 --- [nio-8080-exec-1] o.s.web.servlet.DispatcherServlet        : Completed 200 OK
2026-09-26T21:57:22.374+05:30 DEBUG 23996 --- [nio-8080-exec-3] o.s.web.servlet.DispatcherServlet        : GET "/dashboard", parameters={}
2026-09-26T21:57:22.378+05:30 DEBUG 23996 --- [nio-8080-exec-3] s.w.s.m.m.a.RequestMappingHandlerMapping : Mapped to com.stocksense.controller.DashboardController#getDashboard()
2026-09-26T21:57:22.391+05:30 DEBUG 23996 --- [nio-8080-exec-3] org.hibernate.SQL                        : select p1_0.id,p1_0.category,p1_0.name,p1_0.sku,p1_0.unit_of_measure from products p1_0 order by p1_0.name
2026-09-26T21:57:22.393+05:30 DEBUG 23996 --- [nio-8080-exec-4] o.s.web.servlet.DispatcherServlet        : GET "/products", parameters={}
2026-09-26T21:57:22.395+05:30 DEBUG 23996 --- [nio-8080-exec-4] s.w.s.m.m.a.RequestMappingHandlerMapping : Mapped to com.stocksense.controller.ProductController#listProducts()
2026-09-26T21:57:22.403+05:30 DEBUG 23996 --- [nio-8080-exec-3] org.hibernate.SQL                        : select sm1_0.product_id,cast(coalesce(sum(sm1_0.quantity_change),0) as integer) from stock_moves sm1_0 where sm1_0.status='CONFIRMED' group by sm1_0.product_id
2026-09-26T21:57:22.409+05:30 DEBUG 23996 --- [nio-8080-exec-4] org.hibernate.SQL                        : select p1_0.id,p1_0.category,p1_0.name,p1_0.sku,p1_0.unit_of_measure from products p1_0 order by p1_0.name
2026-09-26T21:57:22.414+05:30 DEBUG 23996 --- [nio-8080-exec-3] org.hibernate.SQL                        : select sm1_0.product_id,sm1_0.location_id,l1_0.name,cast(coalesce(sum(sm1_0.quantity_change),0) as integer) from stock_moves sm1_0 join locations l1_0 on l1_0.id=sm1_0.location_id where sm1_0.status='CONFIRMED' group by sm1_0.product_id,sm1_0.location_id,l1_0.name
2026-09-26T21:57:22.429+05:30 DEBUG 23996 --- [nio-8080-exec-4] org.hibernate.SQL                        : select sm1_0.product_id,cast(coalesce(sum(sm1_0.quantity_change),0) as integer) from stock_moves sm1_0 where sm1_0.status='CONFIRMED' group by sm1_0.product_id
2026-09-26T21:57:22.451+05:30 DEBUG 23996 --- [nio-8080-exec-4] org.hibernate.SQL                        : select sm1_0.product_id,sm1_0.location_id,l1_0.name,cast(coalesce(sum(sm1_0.quantity_change),0) as integer) from stock_moves sm1_0 join locations l1_0 on l1_0.id=sm1_0.location_id where sm1_0.status='CONFIRMED' group by sm1_0.product_id,sm1_0.location_id,l1_0.name
2026-09-26T21:57:22.459+05:30 DEBUG 23996 --- [nio-8080-exec-3] org.hibernate.SQL                        : select count(sm1_0.id) from stock_moves sm1_0 where sm1_0.status=? and sm1_0.move_type=?
2026-09-26T21:57:22.471+05:30 DEBUG 23996 --- [nio-8080-exec-3] org.hibernate.SQL                        : select count(sm1_0.id) from stock_moves sm1_0 where sm1_0.status=? and sm1_0.move_type=?
2026-09-26T21:57:22.476+05:30 DEBUG 23996 --- [nio-8080-exec-3] o.s.w.s.m.m.a.HttpEntityMethodProcessor  : Using 'application/json', given [*/*] and supported [application/json, application/*+json]
2026-09-26T21:57:22.476+05:30 DEBUG 23996 --- [nio-8080-exec-3] o.s.w.s.m.m.a.HttpEntityMethodProcessor  : Writing [com.stocksense.dto.DashboardResponseDto@48a4b938]
2026-09-26T21:57:22.480+05:30 DEBUG 23996 --- [nio-8080-exec-4] o.s.w.s.m.m.a.HttpEntityMethodProcessor  : Using 'application/json', given [*/*] and supported [application/json, application/*+json]
2026-09-26T21:57:22.480+05:30 DEBUG 23996 --- [nio-8080-exec-3] o.s.web.servlet.DispatcherServlet        : Completed 200 OK
2026-09-26T21:57:22.482+05:30 DEBUG 23996 --- [nio-8080-exec-4] o.s.w.s.m.m.a.HttpEntityMethodProcessor  : Writing [[com.stocksense.dto.ProductResponseDto@16ad79d9, com.stocksense.dto.ProductResponseDto@42d93f7c, com (truncated)...]
2026-09-26T21:57:22.487+05:30 DEBUG 23996 --- [nio-8080-exec-4] o.s.web.servlet.DispatcherServlet        : Completed 200 OK
2026-09-26T21:58:24.339+05:30 DEBUG 23996 --- [nio-8080-exec-7] o.s.web.servlet.DispatcherServlet        : GET "/dashboard", parameters={}
2026-09-26T21:58:24.341+05:30 DEBUG 23996 --- [nio-8080-exec-5] o.s.web.servlet.DispatcherServlet        : GET "/products", parameters={}
2026-09-26T21:58:24.341+05:30 DEBUG 23996 --- [nio-8080-exec-7] s.w.s.m.m.a.RequestMappingHandlerMapping : Mapped to com.stocksense.controller.DashboardController#getDashboard()
2026-09-26T21:58:24.341+05:30 DEBUG 23996 --- [nio-8080-exec-5] s.w.s.m.m.a.RequestMappingHandlerMapping : Mapped to com.stocksense.controller.ProductController#listProducts()
2026-09-26T21:58:24.347+05:30 DEBUG 23996 --- [nio-8080-exec-5] org.hibernate.SQL                        : select p1_0.id,p1_0.category,p1_0.name,p1_0.sku,p1_0.unit_of_measure from products p1_0 order by p1_0.name
2026-09-26T21:58:24.347+05:30 DEBUG 23996 --- [nio-8080-exec-7] org.hibernate.SQL                        : select p1_0.id,p1_0.category,p1_0.name,p1_0.sku,p1_0.unit_of_measure from products p1_0 order by p1_0.name
2026-09-26T21:58:24.351+05:30 DEBUG 23996 --- [nio-8080-exec-7] org.hibernate.SQL                        : select sm1_0.product_id,cast(coalesce(sum(sm1_0.quantity_change),0) as integer) from stock_moves sm1_0 where sm1_0.status='CONFIRMED' group by sm1_0.product_id
2026-09-26T21:58:24.351+05:30 DEBUG 23996 --- [nio-8080-exec-5] org.hibernate.SQL                        : select sm1_0.product_id,cast(coalesce(sum(sm1_0.quantity_change),0) as integer) from stock_moves sm1_0 where sm1_0.status='CONFIRMED' group by sm1_0.product_id
2026-09-26T21:58:24.353+05:30 DEBUG 23996 --- [nio-8080-exec-5] org.hibernate.SQL                        : select sm1_0.product_id,sm1_0.location_id,l1_0.name,cast(coalesce(sum(sm1_0.quantity_change),0) as integer) from stock_moves sm1_0 join locations l1_0 on l1_0.id=sm1_0.location_id where sm1_0.status='CONFIRMED' group by sm1_0.product_id,sm1_0.location_id,l1_0.name
2026-09-26T21:58:24.353+05:30 DEBUG 23996 --- [nio-8080-exec-7] org.hibernate.SQL                        : select sm1_0.product_id,sm1_0.location_id,l1_0.name,cast(coalesce(sum(sm1_0.quantity_change),0) as integer) from stock_moves sm1_0 join locations l1_0 on l1_0.id=sm1_0.location_id where sm1_0.status='CONFIRMED' group by sm1_0.product_id,sm1_0.location_id,l1_0.name
2026-09-26T21:58:24.362+05:30 DEBUG 23996 --- [nio-8080-exec-5] o.s.w.s.m.m.a.HttpEntityMethodProcessor  : Using 'application/json', given [*/*] and supported [application/json, application/*+json]
2026-09-26T21:58:24.362+05:30 DEBUG 23996 --- [nio-8080-exec-7] org.hibernate.SQL                        : select count(sm1_0.id) from stock_moves sm1_0 where sm1_0.status=? and sm1_0.move_type=?
2026-09-26T21:58:24.362+05:30 DEBUG 23996 --- [nio-8080-exec-5] o.s.w.s.m.m.a.HttpEntityMethodProcessor  : Writing [[com.stocksense.dto.ProductResponseDto@796fdd, com.stocksense.dto.ProductResponseDto@69d896dd, com.s (truncated)...]
2026-09-26T21:58:24.368+05:30 DEBUG 23996 --- [nio-8080-exec-5] o.s.web.servlet.DispatcherServlet        : Completed 200 OK
2026-09-26T21:58:24.371+05:30 DEBUG 23996 --- [nio-8080-exec-7] org.hibernate.SQL                        : select count(sm1_0.id) from stock_moves sm1_0 where sm1_0.status=? and sm1_0.move_type=?
2026-09-26T21:58:24.376+05:30 DEBUG 23996 --- [nio-8080-exec-7] o.s.w.s.m.m.a.HttpEntityMethodProcessor  : Using 'application/json', given [*/*] and supported [application/json, application/*+json]
2026-09-26T21:58:24.376+05:30 DEBUG 23996 --- [nio-8080-exec-7] o.s.w.s.m.m.a.HttpEntityMethodProcessor  : Writing [com.stocksense.dto.DashboardResponseDto@37be092b]
2026-09-26T21:58:24.376+05:30 DEBUG 23996 --- [nio-8080-exec-7] o.s.web.servlet.DispatcherServlet        : Completed 200 OK
2026-09-26T21:59:24.167+05:30 DEBUG 23996 --- [nio-8080-exec-8] o.s.web.servlet.DispatcherServlet        : GET "/dashboard", parameters={}
2026-09-26T21:59:24.172+05:30 DEBUG 23996 --- [nio-8080-exec-1] o.s.web.servlet.DispatcherServlet        : GET "/products", parameters={}
2026-09-26T21:59:24.570+05:30 DEBUG 23996 --- [nio-8080-exec-8] s.w.s.m.m.a.RequestMappingHandlerMapping : Mapped to com.stocksense.controller.DashboardController#getDashboard()
2026-09-26T21:59:25.904+05:30 DEBUG 23996 --- [nio-8080-exec-1] s.w.s.m.m.a.RequestMappingHandlerMapping : Mapped to com.stocksense.controller.ProductController#listProducts()
2026-09-26T21:59:25.917+05:30 DEBUG 23996 --- [nio-8080-exec-8] org.hibernate.SQL                        : select p1_0.id,p1_0.category,p1_0.name,p1_0.sku,p1_0.unit_of_measure from products p1_0 order by p1_0.name
2026-09-26T21:59:25.927+05:30 DEBUG 23996 --- [nio-8080-exec-8] org.hibernate.SQL                        : select sm1_0.product_id,cast(coalesce(sum(sm1_0.quantity_change),0) as integer) from stock_moves sm1_0 where sm1_0.status='CONFIRMED' group by sm1_0.product_id
2026-09-26T21:59:25.935+05:30 DEBUG 23996 --- [nio-8080-exec-8] org.hibernate.SQL                        : select sm1_0.product_id,sm1_0.location_id,l1_0.name,cast(coalesce(sum(sm1_0.quantity_change),0) as integer) from stock_moves sm1_0 join locations l1_0 on l1_0.id=sm1_0.location_id where sm1_0.status='CONFIRMED' group by sm1_0.product_id,sm1_0.location_id,l1_0.name
2026-09-26T21:59:25.957+05:30 DEBUG 23996 --- [nio-8080-exec-8] org.hibernate.SQL                        : select count(sm1_0.id) from stock_moves sm1_0 where sm1_0.status=? and sm1_0.move_type=?
2026-09-26T21:59:25.965+05:30 DEBUG 23996 --- [nio-8080-exec-8] org.hibernate.SQL                        : select count(sm1_0.id) from stock_moves sm1_0 where sm1_0.status=? and sm1_0.move_type=?
2026-09-26T21:59:25.971+05:30 DEBUG 23996 --- [nio-8080-exec-1] org.hibernate.SQL                        : select p1_0.id,p1_0.category,p1_0.name,p1_0.sku,p1_0.unit_of_measure from products p1_0 order by p1_0.name
2026-09-26T21:59:25.972+05:30 DEBUG 23996 --- [nio-8080-exec-8] o.s.w.s.m.m.a.HttpEntityMethodProcessor  : Using 'application/json', given [*/*] and supported [application/json, application/*+json]
2026-09-26T21:59:25.974+05:30 DEBUG 23996 --- [nio-8080-exec-8] o.s.w.s.m.m.a.HttpEntityMethodProcessor  : Writing [com.stocksense.dto.DashboardResponseDto@14a448f6]
2026-09-26T21:59:25.975+05:30 DEBUG 23996 --- [nio-8080-exec-1] org.hibernate.SQL                        : select sm1_0.product_id,cast(coalesce(sum(sm1_0.quantity_change),0) as integer) from stock_moves sm1_0 where sm1_0.status='CONFIRMED' group by sm1_0.product_id
2026-09-26T21:59:25.981+05:30 DEBUG 23996 --- [nio-8080-exec-8] o.s.web.servlet.DispatcherServlet        : Completed 200 OK
2026-09-26T21:59:25.984+05:30 DEBUG 23996 --- [nio-8080-exec-1] org.hibernate.SQL                        : select sm1_0.product_id,sm1_0.location_id,l1_0.name,cast(coalesce(sum(sm1_0.quantity_change),0) as integer) from stock_moves sm1_0 join locations l1_0 on l1_0.id=sm1_0.location_id where sm1_0.status='CONFIRMED' group by sm1_0.product_id,sm1_0.location_id,l1_0.name
2026-09-26T21:59:25.992+05:30 DEBUG 23996 --- [nio-8080-exec-1] o.s.w.s.m.m.a.HttpEntityMethodProcessor  : Using 'application/json', given [*/*] and supported [application/json, application/*+json]
2026-09-26T21:59:25.995+05:30 DEBUG 23996 --- [nio-8080-exec-1] o.s.w.s.m.m.a.HttpEntityMethodProcessor  : Writing [[com.stocksense.dto.ProductResponseDto@2969c567, com.stocksense.dto.ProductResponseDto@35a00525, com (truncated)...]
2026-09-26T21:59:25.999+05:30 DEBUG 23996 --- [nio-8080-exec-1] o.s.web.servlet.DispatcherServlet        : Completed 200 OK
2026-09-26T22:00:24.173+05:30 DEBUG 23996 --- [nio-8080-exec-4] o.s.web.servlet.DispatcherServlet        : GET "/products", parameters={}
2026-09-26T22:00:24.173+05:30 DEBUG 23996 --- [nio-8080-exec-3] o.s.web.servlet.DispatcherServlet        : GET "/dashboard", parameters={}
2026-09-26T22:00:24.175+05:30 DEBUG 23996 --- [nio-8080-exec-4] s.w.s.m.m.a.RequestMappingHandlerMapping : Mapped to com.stocksense.controller.ProductController#listProducts()
2026-09-26T22:00:24.175+05:30 DEBUG 23996 --- [nio-8080-exec-3] s.w.s.m.m.a.RequestMappingHandlerMapping : Mapped to com.stocksense.controller.DashboardController#getDashboard()
2026-09-26T22:00:24.179+05:30 DEBUG 23996 --- [nio-8080-exec-3] org.hibernate.SQL                        : select p1_0.id,p1_0.category,p1_0.name,p1_0.sku,p1_0.unit_of_measure from products p1_0 order by p1_0.name
2026-09-26T22:00:24.180+05:30 DEBUG 23996 --- [nio-8080-exec-4] org.hibernate.SQL                        : select p1_0.id,p1_0.category,p1_0.name,p1_0.sku,p1_0.unit_of_measure from products p1_0 order by p1_0.name
2026-09-26T22:00:24.218+05:30 DEBUG 23996 --- [nio-8080-exec-4] org.hibernate.SQL                        : select sm1_0.product_id,cast(coalesce(sum(sm1_0.quantity_change),0) as integer) from stock_moves sm1_0 where sm1_0.status='CONFIRMED' group by sm1_0.product_id
2026-09-26T22:00:24.218+05:30 DEBUG 23996 --- [nio-8080-exec-3] org.hibernate.SQL                        : select sm1_0.product_id,cast(coalesce(sum(sm1_0.quantity_change),0) as integer) from stock_moves sm1_0 where sm1_0.status='CONFIRMED' group by sm1_0.product_id
2026-09-26T22:00:24.228+05:30 DEBUG 23996 --- [nio-8080-exec-3] org.hibernate.SQL                        : select sm1_0.product_id,sm1_0.location_id,l1_0.name,cast(coalesce(sum(sm1_0.quantity_change),0) as integer) from stock_moves sm1_0 join locations l1_0 on l1_0.id=sm1_0.location_id where sm1_0.status='CONFIRMED' group by sm1_0.product_id,sm1_0.location_id,l1_0.name
2026-09-26T22:00:24.228+05:30 DEBUG 23996 --- [nio-8080-exec-4] org.hibernate.SQL                        : select sm1_0.product_id,sm1_0.location_id,l1_0.name,cast(coalesce(sum(sm1_0.quantity_change),0) as integer) from stock_moves sm1_0 join locations l1_0 on l1_0.id=sm1_0.location_id where sm1_0.status='CONFIRMED' group by sm1_0.product_id,sm1_0.location_id,l1_0.name
2026-09-26T22:00:24.237+05:30 DEBUG 23996 --- [nio-8080-exec-4] o.s.w.s.m.m.a.HttpEntityMethodProcessor  : Using 'application/json', given [*/*] and supported [application/json, application/*+json]
2026-09-26T22:00:24.237+05:30 DEBUG 23996 --- [nio-8080-exec-3] org.hibernate.SQL                        : select count(sm1_0.id) from stock_moves sm1_0 where sm1_0.status=? and sm1_0.move_type=?
2026-09-26T22:00:24.237+05:30 DEBUG 23996 --- [nio-8080-exec-4] o.s.w.s.m.m.a.HttpEntityMethodProcessor  : Writing [[com.stocksense.dto.ProductResponseDto@73946930, com.stocksense.dto.ProductResponseDto@145d94af, com (truncated)...]
2026-09-26T22:00:24.245+05:30 DEBUG 23996 --- [nio-8080-exec-3] org.hibernate.SQL                        : select count(sm1_0.id) from stock_moves sm1_0 where sm1_0.status=? and sm1_0.move_type=?
2026-09-26T22:00:24.245+05:30 DEBUG 23996 --- [nio-8080-exec-4] o.s.web.servlet.DispatcherServlet        : Completed 200 OK
2026-09-26T22:00:24.247+05:30 DEBUG 23996 --- [nio-8080-exec-3] o.s.w.s.m.m.a.HttpEntityMethodProcessor  : Using 'application/json', given [*/*] and supported [application/json, application/*+json]
2026-09-26T22:00:24.247+05:30 DEBUG 23996 --- [nio-8080-exec-3] o.s.w.s.m.m.a.HttpEntityMethodProcessor  : Writing [com.stocksense.dto.DashboardResponseDto@4a150fb5]
2026-09-26T22:00:24.253+05:30 DEBUG 23996 --- [nio-8080-exec-3] o.s.web.servlet.DispatcherServlet        : Completed 200 OK
2026-09-26T22:01:24.166+05:30 DEBUG 23996 --- [nio-8080-exec-2] o.s.web.servlet.DispatcherServlet        : GET "/dashboard", parameters={}
2026-09-26T22:01:24.166+05:30 DEBUG 23996 --- [nio-8080-exec-9] o.s.web.servlet.DispatcherServlet        : GET "/products", parameters={}
2026-09-26T22:01:24.166+05:30 DEBUG 23996 --- [nio-8080-exec-2] s.w.s.m.m.a.RequestMappingHandlerMapping : Mapped to com.stocksense.controller.DashboardController#getDashboard()
2026-09-26T22:01:24.233+05:30 DEBUG 23996 --- [nio-8080-exec-9] s.w.s.m.m.a.RequestMappingHandlerMapping : Mapped to com.stocksense.controller.ProductController#listProducts()
2026-09-26T22:01:24.515+05:30 DEBUG 23996 --- [nio-8080-exec-9] org.hibernate.SQL                        : select p1_0.id,p1_0.category,p1_0.name,p1_0.sku,p1_0.unit_of_measure from products p1_0 order by p1_0.name
2026-09-26T22:01:24.783+05:30 DEBUG 23996 --- [nio-8080-exec-2] org.hibernate.SQL                        : select p1_0.id,p1_0.category,p1_0.name,p1_0.sku,p1_0.unit_of_measure from products p1_0 order by p1_0.name
2026-09-26T22:01:24.785+05:30 DEBUG 23996 --- [nio-8080-exec-9] org.hibernate.SQL                        : select sm1_0.product_id,cast(coalesce(sum(sm1_0.quantity_change),0) as integer) from stock_moves sm1_0 where sm1_0.status='CONFIRMED' group by sm1_0.product_id
2026-09-26T22:01:24.808+05:30 DEBUG 23996 --- [nio-8080-exec-2] org.hibernate.SQL                        : select sm1_0.product_id,cast(coalesce(sum(sm1_0.quantity_change),0) as integer) from stock_moves sm1_0 where sm1_0.status='CONFIRMED' group by sm1_0.product_id
2026-09-26T22:01:24.812+05:30 DEBUG 23996 --- [nio-8080-exec-9] org.hibernate.SQL                        : select sm1_0.product_id,sm1_0.location_id,l1_0.name,cast(coalesce(sum(sm1_0.quantity_change),0) as integer) from stock_moves sm1_0 join locations l1_0 on l1_0.id=sm1_0.location_id where sm1_0.status='CONFIRMED' group by sm1_0.product_id,sm1_0.location_id,l1_0.name
2026-09-26T22:01:24.820+05:30 DEBUG 23996 --- [nio-8080-exec-2] org.hibernate.SQL                        : select sm1_0.product_id,sm1_0.location_id,l1_0.name,cast(coalesce(sum(sm1_0.quantity_change),0) as integer) from stock_moves sm1_0 join locations l1_0 on l1_0.id=sm1_0.location_id where sm1_0.status='CONFIRMED' group by sm1_0.product_id,sm1_0.location_id,l1_0.name
2026-09-26T22:01:24.833+05:30 DEBUG 23996 --- [nio-8080-exec-9] o.s.w.s.m.m.a.HttpEntityMethodProcessor  : Using 'application/json', given [*/*] and supported [application/json, application/*+json]
2026-09-26T22:01:24.835+05:30 DEBUG 23996 --- [nio-8080-exec-9] o.s.w.s.m.m.a.HttpEntityMethodProcessor  : Writing [[com.stocksense.dto.ProductResponseDto@47e84f9d, com.stocksense.dto.ProductResponseDto@7751cc29, com (truncated)...]
2026-09-26T22:01:24.835+05:30 DEBUG 23996 --- [nio-8080-exec-2] org.hibernate.SQL                        : select count(sm1_0.id) from stock_moves sm1_0 where sm1_0.status=? and sm1_0.move_type=?
2026-09-26T22:01:24.839+05:30 DEBUG 23996 --- [nio-8080-exec-9] o.s.web.servlet.DispatcherServlet        : Completed 200 OK
2026-09-26T22:01:24.846+05:30 DEBUG 23996 --- [nio-8080-exec-2] org.hibernate.SQL                        : select count(sm1_0.id) from stock_moves sm1_0 where sm1_0.status=? and sm1_0.move_type=?
2026-09-26T22:01:24.850+05:30 DEBUG 23996 --- [nio-8080-exec-2] o.s.w.s.m.m.a.HttpEntityMethodProcessor  : Using 'application/json', given [*/*] and supported [application/json, application/*+json]
2026-09-26T22:01:24.850+05:30 DEBUG 23996 --- [nio-8080-exec-2] o.s.w.s.m.m.a.HttpEntityMethodProcessor  : Writing [com.stocksense.dto.DashboardResponseDto@75b64498]
2026-09-26T22:01:24.859+05:30 DEBUG 23996 --- [nio-8080-exec-2] o.s.web.servlet.DispatcherServlet        : Completed 200 OK
2026-09-26T22:02:24.165+05:30 DEBUG 23996 --- [nio-8080-exec-5] o.s.web.servlet.DispatcherServlet        : GET "/dashboard", parameters={}
2026-09-26T22:02:24.171+05:30 DEBUG 23996 --- [nio-8080-exec-7] o.s.web.servlet.DispatcherServlet        : GET "/products", parameters={}
2026-09-26T22:02:24.172+05:30 DEBUG 23996 --- [nio-8080-exec-5] s.w.s.m.m.a.RequestMappingHandlerMapping : Mapped to com.stocksense.controller.DashboardController#getDashboard()
2026-09-26T22:02:24.172+05:30 DEBUG 23996 --- [nio-8080-exec-7] s.w.s.m.m.a.RequestMappingHandlerMapping : Mapped to com.stocksense.controller.ProductController#listProducts()
2026-09-26T22:02:24.181+05:30 DEBUG 23996 --- [nio-8080-exec-5] org.hibernate.SQL                        : select p1_0.id,p1_0.category,p1_0.name,p1_0.sku,p1_0.unit_of_measure from products p1_0 order by p1_0.name
2026-09-26T22:02:24.305+05:30 DEBUG 23996 --- [nio-8080-exec-7] org.hibernate.SQL                        : select p1_0.id,p1_0.category,p1_0.name,p1_0.sku,p1_0.unit_of_measure from products p1_0 order by p1_0.name
2026-09-26T22:02:24.305+05:30 DEBUG 23996 --- [nio-8080-exec-5] org.hibernate.SQL                        : select sm1_0.product_id,cast(coalesce(sum(sm1_0.quantity_change),0) as integer) from stock_moves sm1_0 where sm1_0.status='CONFIRMED' group by sm1_0.product_id
2026-09-26T22:02:24.309+05:30 DEBUG 23996 --- [nio-8080-exec-7] org.hibernate.SQL                        : select sm1_0.product_id,cast(coalesce(sum(sm1_0.quantity_change),0) as integer) from stock_moves sm1_0 where sm1_0.status='CONFIRMED' group by sm1_0.product_id
2026-09-26T22:02:24.722+05:30 DEBUG 23996 --- [nio-8080-exec-5] org.hibernate.SQL                        : select sm1_0.product_id,sm1_0.location_id,l1_0.name,cast(coalesce(sum(sm1_0.quantity_change),0) as integer) from stock_moves sm1_0 join locations l1_0 on l1_0.id=sm1_0.location_id where sm1_0.status='CONFIRMED' group by sm1_0.product_id,sm1_0.location_id,l1_0.name
2026-09-26T22:02:24.722+05:30 DEBUG 23996 --- [nio-8080-exec-7] org.hibernate.SQL                        : select sm1_0.product_id,sm1_0.location_id,l1_0.name,cast(coalesce(sum(sm1_0.quantity_change),0) as integer) from stock_moves sm1_0 join locations l1_0 on l1_0.id=sm1_0.location_id where sm1_0.status='CONFIRMED' group by sm1_0.product_id,sm1_0.location_id,l1_0.name
2026-09-26T22:02:24.829+05:30 DEBUG 23996 --- [nio-8080-exec-7] o.s.w.s.m.m.a.HttpEntityMethodProcessor  : Using 'application/json', given [*/*] and supported [application/json, application/*+json]
2026-09-26T22:02:24.829+05:30 DEBUG 23996 --- [nio-8080-exec-5] org.hibernate.SQL                        : select count(sm1_0.id) from stock_moves sm1_0 where sm1_0.status=? and sm1_0.move_type=?
2026-09-26T22:02:24.829+05:30 DEBUG 23996 --- [nio-8080-exec-7] o.s.w.s.m.m.a.HttpEntityMethodProcessor  : Writing [[com.stocksense.dto.ProductResponseDto@7d7784e8, com.stocksense.dto.ProductResponseDto@61287fa2, com (truncated)...]
2026-09-26T22:02:25.021+05:30 DEBUG 23996 --- [nio-8080-exec-7] o.s.web.servlet.DispatcherServlet        : Completed 200 OK
2026-09-26T22:02:25.021+05:30 DEBUG 23996 --- [nio-8080-exec-5] org.hibernate.SQL                        : select count(sm1_0.id) from stock_moves sm1_0 where sm1_0.status=? and sm1_0.move_type=?
2026-09-26T22:02:25.497+05:30 DEBUG 23996 --- [nio-8080-exec-5] o.s.w.s.m.m.a.HttpEntityMethodProcessor  : Using 'application/json', given [*/*] and supported [application/json, application/*+json]
2026-09-26T22:02:25.750+05:30 DEBUG 23996 --- [nio-8080-exec-5] o.s.w.s.m.m.a.HttpEntityMethodProcessor  : Writing [com.stocksense.dto.DashboardResponseDto@63557336]
2026-09-26T22:02:26.171+05:30 DEBUG 23996 --- [nio-8080-exec-5] o.s.web.servlet.DispatcherServlet        : Completed 200 OK
2026-09-26T22:03:24.168+05:30 DEBUG 23996 --- [nio-8080-exec-1] o.s.web.servlet.DispatcherServlet        : GET "/products", parameters={}
2026-09-26T22:03:24.168+05:30 DEBUG 23996 --- [nio-8080-exec-8] o.s.web.servlet.DispatcherServlet        : GET "/dashboard", parameters={}
2026-09-26T22:03:24.170+05:30 DEBUG 23996 --- [nio-8080-exec-1] s.w.s.m.m.a.RequestMappingHandlerMapping : Mapped to com.stocksense.controller.ProductController#listProducts()
2026-09-26T22:03:24.170+05:30 DEBUG 23996 --- [nio-8080-exec-8] s.w.s.m.m.a.RequestMappingHandlerMapping : Mapped to com.stocksense.controller.DashboardController#getDashboard()
2026-09-26T22:03:24.182+05:30 DEBUG 23996 --- [nio-8080-exec-8] org.hibernate.SQL                        : select p1_0.id,p1_0.category,p1_0.name,p1_0.sku,p1_0.unit_of_measure from products p1_0 order by p1_0.name
2026-09-26T22:03:24.182+05:30 DEBUG 23996 --- [nio-8080-exec-1] org.hibernate.SQL                        : select p1_0.id,p1_0.category,p1_0.name,p1_0.sku,p1_0.unit_of_measure from products p1_0 order by p1_0.name
2026-09-26T22:03:24.413+05:30 DEBUG 23996 --- [nio-8080-exec-8] org.hibernate.SQL                        : select sm1_0.product_id,cast(coalesce(sum(sm1_0.quantity_change),0) as integer) from stock_moves sm1_0 where sm1_0.status='CONFIRMED' group by sm1_0.product_id
2026-09-26T22:03:24.931+05:30 DEBUG 23996 --- [nio-8080-exec-1] org.hibernate.SQL                        : select sm1_0.product_id,cast(coalesce(sum(sm1_0.quantity_change),0) as integer) from stock_moves sm1_0 where sm1_0.status='CONFIRMED' group by sm1_0.product_id
2026-09-26T22:03:25.033+05:30 DEBUG 23996 --- [nio-8080-exec-8] org.hibernate.SQL                        : select sm1_0.product_id,sm1_0.location_id,l1_0.name,cast(coalesce(sum(sm1_0.quantity_change),0) as integer) from stock_moves sm1_0 join locations l1_0 on l1_0.id=sm1_0.location_id where sm1_0.status='CONFIRMED' group by sm1_0.product_id,sm1_0.location_id,l1_0.name
2026-09-26T22:03:25.154+05:30 DEBUG 23996 --- [nio-8080-exec-1] org.hibernate.SQL                        : select sm1_0.product_id,sm1_0.location_id,l1_0.name,cast(coalesce(sum(sm1_0.quantity_change),0) as integer) from stock_moves sm1_0 join locations l1_0 on l1_0.id=sm1_0.location_id where sm1_0.status='CONFIRMED' group by sm1_0.product_id,sm1_0.location_id,l1_0.name
2026-09-26T22:03:25.761+05:30 DEBUG 23996 --- [nio-8080-exec-8] org.hibernate.SQL                        : select count(sm1_0.id) from stock_moves sm1_0 where sm1_0.status=? and sm1_0.move_type=?
2026-09-26T22:03:25.763+05:30 DEBUG 23996 --- [nio-8080-exec-1] o.s.w.s.m.m.a.HttpEntityMethodProcessor  : Using 'application/json', given [*/*] and supported [application/json, application/*+json]
2026-09-26T22:03:26.441+05:30 DEBUG 23996 --- [nio-8080-exec-1] o.s.w.s.m.m.a.HttpEntityMethodProcessor  : Writing [[com.stocksense.dto.ProductResponseDto@49a20be1, com.stocksense.dto.ProductResponseDto@406a161e, com (truncated)...]
2026-09-26T22:03:26.447+05:30 DEBUG 23996 --- [nio-8080-exec-1] o.s.web.servlet.DispatcherServlet        : Completed 200 OK
2026-09-26T22:03:26.447+05:30 DEBUG 23996 --- [nio-8080-exec-8] org.hibernate.SQL                        : select count(sm1_0.id) from stock_moves sm1_0 where sm1_0.status=? and sm1_0.move_type=?
2026-09-26T22:03:26.691+05:30 DEBUG 23996 --- [nio-8080-exec-8] o.s.w.s.m.m.a.HttpEntityMethodProcessor  : Using 'application/json', given [*/*] and supported [application/json, application/*+json]
2026-09-26T22:03:26.797+05:30 DEBUG 23996 --- [nio-8080-exec-8] o.s.w.s.m.m.a.HttpEntityMethodProcessor  : Writing [com.stocksense.dto.DashboardResponseDto@6549e19b]
2026-09-26T22:03:26.797+05:30 DEBUG 23996 --- [nio-8080-exec-8] o.s.web.servlet.DispatcherServlet        : Completed 200 OK
2026-09-26T22:04:24.168+05:30 DEBUG 23996 --- [io-8080-exec-10] o.s.web.servlet.DispatcherServlet        : GET "/dashboard", parameters={}
2026-09-26T22:04:24.168+05:30 DEBUG 23996 --- [nio-8080-exec-6] o.s.web.servlet.DispatcherServlet        : GET "/products", parameters={}
2026-09-26T22:04:24.169+05:30 DEBUG 23996 --- [io-8080-exec-10] s.w.s.m.m.a.RequestMappingHandlerMapping : Mapped to com.stocksense.controller.DashboardController#getDashboard()
2026-09-26T22:04:24.171+05:30 DEBUG 23996 --- [nio-8080-exec-6] s.w.s.m.m.a.RequestMappingHandlerMapping : Mapped to com.stocksense.controller.ProductController#listProducts()
2026-09-26T22:04:24.178+05:30 DEBUG 23996 --- [nio-8080-exec-6] org.hibernate.SQL                        : select p1_0.id,p1_0.category,p1_0.name,p1_0.sku,p1_0.unit_of_measure from products p1_0 order by p1_0.name
2026-09-26T22:04:24.178+05:30 DEBUG 23996 --- [io-8080-exec-10] org.hibernate.SQL                        : select p1_0.id,p1_0.category,p1_0.name,p1_0.sku,p1_0.unit_of_measure from products p1_0 order by p1_0.name
2026-09-26T22:04:24.187+05:30 DEBUG 23996 --- [io-8080-exec-10] org.hibernate.SQL                        : select sm1_0.product_id,cast(coalesce(sum(sm1_0.quantity_change),0) as integer) from stock_moves sm1_0 where sm1_0.status='CONFIRMED' group by sm1_0.product_id
2026-09-26T22:04:24.187+05:30 DEBUG 23996 --- [nio-8080-exec-6] org.hibernate.SQL                        : select sm1_0.product_id,cast(coalesce(sum(sm1_0.quantity_change),0) as integer) from stock_moves sm1_0 where sm1_0.status='CONFIRMED' group by sm1_0.product_id
2026-09-26T22:04:24.191+05:30 DEBUG 23996 --- [nio-8080-exec-6] org.hibernate.SQL                        : select sm1_0.product_id,sm1_0.location_id,l1_0.name,cast(coalesce(sum(sm1_0.quantity_change),0) as integer) from stock_moves sm1_0 join locations l1_0 on l1_0.id=sm1_0.location_id where sm1_0.status='CONFIRMED' group by sm1_0.product_id,sm1_0.location_id,l1_0.name
2026-09-26T22:04:24.191+05:30 DEBUG 23996 --- [io-8080-exec-10] org.hibernate.SQL                        : select sm1_0.product_id,sm1_0.location_id,l1_0.name,cast(coalesce(sum(sm1_0.quantity_change),0) as integer) from stock_moves sm1_0 join locations l1_0 on l1_0.id=sm1_0.location_id where sm1_0.status='CONFIRMED' group by sm1_0.product_id,sm1_0.location_id,l1_0.name
2026-09-26T22:04:24.202+05:30 DEBUG 23996 --- [nio-8080-exec-6] o.s.w.s.m.m.a.HttpEntityMethodProcessor  : Using 'application/json', given [*/*] and supported [application/json, application/*+json]
2026-09-26T22:04:24.202+05:30 DEBUG 23996 --- [nio-8080-exec-6] o.s.w.s.m.m.a.HttpEntityMethodProcessor  : Writing [[com.stocksense.dto.ProductResponseDto@22bb384d, com.stocksense.dto.ProductResponseDto@67105199, com (truncated)...]
2026-09-26T22:04:24.202+05:30 DEBUG 23996 --- [io-8080-exec-10] org.hibernate.SQL                        : select count(sm1_0.id) from stock_moves sm1_0 where sm1_0.status=? and sm1_0.move_type=?
2026-09-26T22:04:24.208+05:30 DEBUG 23996 --- [nio-8080-exec-6] o.s.web.servlet.DispatcherServlet        : Completed 200 OK
2026-09-26T22:04:24.212+05:30 DEBUG 23996 --- [io-8080-exec-10] org.hibernate.SQL                        : select count(sm1_0.id) from stock_moves sm1_0 where sm1_0.status=? and sm1_0.move_type=?
2026-09-26T22:04:24.216+05:30 DEBUG 23996 --- [io-8080-exec-10] o.s.w.s.m.m.a.HttpEntityMethodProcessor  : Using 'application/json', given [*/*] and supported [application/json, application/*+json]
2026-09-26T22:04:24.217+05:30 DEBUG 23996 --- [io-8080-exec-10] o.s.w.s.m.m.a.HttpEntityMethodProcessor  : Writing [com.stocksense.dto.DashboardResponseDto@4ded1fc]
2026-09-26T22:04:24.217+05:30 DEBUG 23996 --- [io-8080-exec-10] o.s.web.servlet.DispatcherServlet        : Completed 200 OK
2026-09-26T22:05:24.176+05:30 DEBUG 23996 --- [nio-8080-exec-4] o.s.web.servlet.DispatcherServlet        : GET "/dashboard", parameters={}
2026-09-26T22:05:24.176+05:30 DEBUG 23996 --- [nio-8080-exec-3] o.s.web.servlet.DispatcherServlet        : GET "/products", parameters={}
2026-09-26T22:05:24.178+05:30 DEBUG 23996 --- [nio-8080-exec-4] s.w.s.m.m.a.RequestMappingHandlerMapping : Mapped to com.stocksense.controller.DashboardController#getDashboard()
2026-09-26T22:05:24.178+05:30 DEBUG 23996 --- [nio-8080-exec-3] s.w.s.m.m.a.RequestMappingHandlerMapping : Mapped to com.stocksense.controller.ProductController#listProducts()
2026-09-26T22:05:24.186+05:30 DEBUG 23996 --- [nio-8080-exec-3] org.hibernate.SQL                        : select p1_0.id,p1_0.category,p1_0.name,p1_0.sku,p1_0.unit_of_measure from products p1_0 order by p1_0.name
2026-09-26T22:05:24.186+05:30 DEBUG 23996 --- [nio-8080-exec-4] org.hibernate.SQL                        : select p1_0.id,p1_0.category,p1_0.name,p1_0.sku,p1_0.unit_of_measure from products p1_0 order by p1_0.name
2026-09-26T22:05:24.428+05:30 DEBUG 23996 --- [nio-8080-exec-3] org.hibernate.SQL                        : select sm1_0.product_id,cast(coalesce(sum(sm1_0.quantity_change),0) as integer) from stock_moves sm1_0 where sm1_0.status='CONFIRMED' group by sm1_0.product_id
2026-09-26T22:05:24.638+05:30 DEBUG 23996 --- [nio-8080-exec-4] org.hibernate.SQL                        : select sm1_0.product_id,cast(coalesce(sum(sm1_0.quantity_change),0) as integer) from stock_moves sm1_0 where sm1_0.status='CONFIRMED' group by sm1_0.product_id
2026-09-26T22:05:24.858+05:30 DEBUG 23996 --- [nio-8080-exec-4] org.hibernate.SQL                        : select sm1_0.product_id,sm1_0.location_id,l1_0.name,cast(coalesce(sum(sm1_0.quantity_change),0) as integer) from stock_moves sm1_0 join locations l1_0 on l1_0.id=sm1_0.location_id where sm1_0.status='CONFIRMED' group by sm1_0.product_id,sm1_0.location_id,l1_0.name
2026-09-26T22:05:25.191+05:30 DEBUG 23996 --- [nio-8080-exec-4] org.hibernate.SQL                        : select count(sm1_0.id) from stock_moves sm1_0 where sm1_0.status=? and sm1_0.move_type=?
2026-09-26T22:05:25.207+05:30 DEBUG 23996 --- [nio-8080-exec-3] org.hibernate.SQL                        : select sm1_0.product_id,sm1_0.location_id,l1_0.name,cast(coalesce(sum(sm1_0.quantity_change),0) as integer) from stock_moves sm1_0 join locations l1_0 on l1_0.id=sm1_0.location_id where sm1_0.status='CONFIRMED' group by sm1_0.product_id,sm1_0.location_id,l1_0.name
2026-09-26T22:05:25.216+05:30 DEBUG 23996 --- [nio-8080-exec-4] org.hibernate.SQL                        : select count(sm1_0.id) from stock_moves sm1_0 where sm1_0.status=? and sm1_0.move_type=?
2026-09-26T22:05:25.219+05:30 DEBUG 23996 --- [nio-8080-exec-3] o.s.w.s.m.m.a.HttpEntityMethodProcessor  : Using 'application/json', given [*/*] and supported [application/json, application/*+json]
2026-09-26T22:05:25.226+05:30 DEBUG 23996 --- [nio-8080-exec-3] o.s.w.s.m.m.a.HttpEntityMethodProcessor  : Writing [[com.stocksense.dto.ProductResponseDto@2a91aeaa, com.stocksense.dto.ProductResponseDto@db4bef3, com. (truncated)...]
2026-09-26T22:05:25.228+05:30 DEBUG 23996 --- [nio-8080-exec-4] o.s.w.s.m.m.a.HttpEntityMethodProcessor  : Using 'application/json', given [*/*] and supported [application/json, application/*+json]
2026-09-26T22:05:25.230+05:30 DEBUG 23996 --- [nio-8080-exec-4] o.s.w.s.m.m.a.HttpEntityMethodProcessor  : Writing [com.stocksense.dto.DashboardResponseDto@4bfc0de6]
2026-09-26T22:05:25.232+05:30 DEBUG 23996 --- [nio-8080-exec-3] o.s.web.servlet.DispatcherServlet        : Completed 200 OK
2026-09-26T22:05:25.241+05:30 DEBUG 23996 --- [nio-8080-exec-4] o.s.web.servlet.DispatcherServlet        : Completed 200 OK
2026-09-26T22:06:24.433+05:30 DEBUG 23996 --- [nio-8080-exec-9] o.s.web.servlet.DispatcherServlet        : GET "/dashboard", parameters={}
2026-09-26T22:06:24.433+05:30 DEBUG 23996 --- [nio-8080-exec-2] o.s.web.servlet.DispatcherServlet        : GET "/products", parameters={}
2026-09-26T22:06:24.686+05:30 DEBUG 23996 --- [nio-8080-exec-9] s.w.s.m.m.a.RequestMappingHandlerMapping : Mapped to com.stocksense.controller.DashboardController#getDashboard()
2026-09-26T22:06:25.217+05:30 DEBUG 23996 --- [nio-8080-exec-2] s.w.s.m.m.a.RequestMappingHandlerMapping : Mapped to com.stocksense.controller.ProductController#listProducts()
2026-09-26T22:06:25.733+05:30 DEBUG 23996 --- [nio-8080-exec-9] org.hibernate.SQL                        : select p1_0.id,p1_0.category,p1_0.name,p1_0.sku,p1_0.unit_of_measure from products p1_0 order by p1_0.name
2026-09-26T22:06:26.274+05:30 DEBUG 23996 --- [nio-8080-exec-2] org.hibernate.SQL                        : select p1_0.id,p1_0.category,p1_0.name,p1_0.sku,p1_0.unit_of_measure from products p1_0 order by p1_0.name
2026-09-26T22:06:27.306+05:30 DEBUG 23996 --- [nio-8080-exec-2] org.hibernate.SQL                        : select sm1_0.product_id,cast(coalesce(sum(sm1_0.quantity_change),0) as integer) from stock_moves sm1_0 where sm1_0.status='CONFIRMED' group by sm1_0.product_id
2026-09-26T22:06:27.490+05:30 DEBUG 23996 --- [nio-8080-exec-9] org.hibernate.SQL                        : select sm1_0.product_id,cast(coalesce(sum(sm1_0.quantity_change),0) as integer) from stock_moves sm1_0 where sm1_0.status='CONFIRMED' group by sm1_0.product_id
2026-09-26T22:06:27.493+05:30 DEBUG 23996 --- [nio-8080-exec-2] org.hibernate.SQL                        : select sm1_0.product_id,sm1_0.location_id,l1_0.name,cast(coalesce(sum(sm1_0.quantity_change),0) as integer) from stock_moves sm1_0 join locations l1_0 on l1_0.id=sm1_0.location_id where sm1_0.status='CONFIRMED' group by sm1_0.product_id,sm1_0.location_id,l1_0.name
2026-09-26T22:06:27.496+05:30 DEBUG 23996 --- [nio-8080-exec-9] org.hibernate.SQL                        : select sm1_0.product_id,sm1_0.location_id,l1_0.name,cast(coalesce(sum(sm1_0.quantity_change),0) as integer) from stock_moves sm1_0 join locations l1_0 on l1_0.id=sm1_0.location_id where sm1_0.status='CONFIRMED' group by sm1_0.product_id,sm1_0.location_id,l1_0.name
2026-09-26T22:06:27.496+05:30 DEBUG 23996 --- [nio-8080-exec-2] o.s.w.s.m.m.a.HttpEntityMethodProcessor  : Using 'application/json', given [*/*] and supported [application/json, application/*+json]
2026-09-26T22:06:27.500+05:30 DEBUG 23996 --- [nio-8080-exec-2] o.s.w.s.m.m.a.HttpEntityMethodProcessor  : Writing [[com.stocksense.dto.ProductResponseDto@5014199d, com.stocksense.dto.ProductResponseDto@7cfde4d, com. (truncated)...]
2026-09-26T22:06:27.505+05:30 DEBUG 23996 --- [nio-8080-exec-2] o.s.web.servlet.DispatcherServlet        : Completed 200 OK
2026-09-26T22:06:27.507+05:30 DEBUG 23996 --- [nio-8080-exec-9] org.hibernate.SQL                        : select count(sm1_0.id) from stock_moves sm1_0 where sm1_0.status=? and sm1_0.move_type=?
2026-09-26T22:06:27.518+05:30 DEBUG 23996 --- [nio-8080-exec-9] org.hibernate.SQL                        : select count(sm1_0.id) from stock_moves sm1_0 where sm1_0.status=? and sm1_0.move_type=?
2026-09-26T22:06:27.523+05:30 DEBUG 23996 --- [nio-8080-exec-9] o.s.w.s.m.m.a.HttpEntityMethodProcessor  : Using 'application/json', given [*/*] and supported [application/json, application/*+json]
2026-09-26T22:06:27.523+05:30 DEBUG 23996 --- [nio-8080-exec-9] o.s.w.s.m.m.a.HttpEntityMethodProcessor  : Writing [com.stocksense.dto.DashboardResponseDto@7d5602cc]
2026-09-26T22:06:27.527+05:30 DEBUG 23996 --- [nio-8080-exec-9] o.s.web.servlet.DispatcherServlet        : Completed 200 OK
2026-09-26T22:07:24.171+05:30 DEBUG 23996 --- [nio-8080-exec-7] o.s.web.servlet.DispatcherServlet        : GET "/dashboard", parameters={}
2026-09-26T22:07:24.175+05:30 DEBUG 23996 --- [nio-8080-exec-7] s.w.s.m.m.a.RequestMappingHandlerMapping : Mapped to com.stocksense.controller.DashboardController#getDashboard()
2026-09-26T22:07:24.175+05:30 DEBUG 23996 --- [nio-8080-exec-5] o.s.web.servlet.DispatcherServlet        : GET "/products", parameters={}
2026-09-26T22:07:24.177+05:30 DEBUG 23996 --- [nio-8080-exec-5] s.w.s.m.m.a.RequestMappingHandlerMapping : Mapped to com.stocksense.controller.ProductController#listProducts()
2026-09-26T22:07:24.180+05:30 DEBUG 23996 --- [nio-8080-exec-5] org.hibernate.SQL                        : select p1_0.id,p1_0.category,p1_0.name,p1_0.sku,p1_0.unit_of_measure from products p1_0 order by p1_0.name
2026-09-26T22:07:24.180+05:30 DEBUG 23996 --- [nio-8080-exec-7] org.hibernate.SQL                        : select p1_0.id,p1_0.category,p1_0.name,p1_0.sku,p1_0.unit_of_measure from products p1_0 order by p1_0.name
2026-09-26T22:07:24.193+05:30 DEBUG 23996 --- [nio-8080-exec-5] org.hibernate.SQL                        : select sm1_0.product_id,cast(coalesce(sum(sm1_0.quantity_change),0) as integer) from stock_moves sm1_0 where sm1_0.status='CONFIRMED' group by sm1_0.product_id
2026-09-26T22:07:24.193+05:30 DEBUG 23996 --- [nio-8080-exec-7] org.hibernate.SQL                        : select sm1_0.product_id,cast(coalesce(sum(sm1_0.quantity_change),0) as integer) from stock_moves sm1_0 where sm1_0.status='CONFIRMED' group by sm1_0.product_id
2026-09-26T22:07:24.193+05:30 DEBUG 23996 --- [nio-8080-exec-7] org.hibernate.SQL                        : select sm1_0.product_id,sm1_0.location_id,l1_0.name,cast(coalesce(sum(sm1_0.quantity_change),0) as integer) from stock_moves sm1_0 join locations l1_0 on l1_0.id=sm1_0.location_id where sm1_0.status='CONFIRMED' group by sm1_0.product_id,sm1_0.location_id,l1_0.name
2026-09-26T22:07:24.193+05:30 DEBUG 23996 --- [nio-8080-exec-5] org.hibernate.SQL                        : select sm1_0.product_id,sm1_0.location_id,l1_0.name,cast(coalesce(sum(sm1_0.quantity_change),0) as integer) from stock_moves sm1_0 join locations l1_0 on l1_0.id=sm1_0.location_id where sm1_0.status='CONFIRMED' group by sm1_0.product_id,sm1_0.location_id,l1_0.name
2026-09-26T22:07:24.211+05:30 DEBUG 23996 --- [nio-8080-exec-5] o.s.w.s.m.m.a.HttpEntityMethodProcessor  : Using 'application/json', given [*/*] and supported [application/json, application/*+json]
2026-09-26T22:07:24.211+05:30 DEBUG 23996 --- [nio-8080-exec-5] o.s.w.s.m.m.a.HttpEntityMethodProcessor  : Writing [[com.stocksense.dto.ProductResponseDto@5dca3dfc, com.stocksense.dto.ProductResponseDto@524a33ed, com (truncated)...]
2026-09-26T22:07:24.211+05:30 DEBUG 23996 --- [nio-8080-exec-7] org.hibernate.SQL                        : select count(sm1_0.id) from stock_moves sm1_0 where sm1_0.status=? and sm1_0.move_type=?
2026-09-26T22:07:24.211+05:30 DEBUG 23996 --- [nio-8080-exec-5] o.s.web.servlet.DispatcherServlet        : Completed 200 OK
2026-09-26T22:07:24.222+05:30 DEBUG 23996 --- [nio-8080-exec-7] org.hibernate.SQL                        : select count(sm1_0.id) from stock_moves sm1_0 where sm1_0.status=? and sm1_0.move_type=?
2026-09-26T22:07:24.226+05:30 DEBUG 23996 --- [nio-8080-exec-7] o.s.w.s.m.m.a.HttpEntityMethodProcessor  : Using 'application/json', given [*/*] and supported [application/json, application/*+json]
2026-09-26T22:07:24.228+05:30 DEBUG 23996 --- [nio-8080-exec-7] o.s.w.s.m.m.a.HttpEntityMethodProcessor  : Writing [com.stocksense.dto.DashboardResponseDto@3c10d8c8]
2026-09-26T22:07:24.228+05:30 DEBUG 23996 --- [nio-8080-exec-7] o.s.web.servlet.DispatcherServlet        : Completed 200 OK
2026-09-26T22:08:52.177+05:30 DEBUG 23996 --- [nio-8080-exec-6] o.s.web.servlet.DispatcherServlet        : GET "/dashboard", parameters={}
2026-09-26T22:08:52.177+05:30 DEBUG 23996 --- [io-8080-exec-10] o.s.web.servlet.DispatcherServlet        : GET "/products", parameters={}
2026-09-26T22:08:52.177+05:30 DEBUG 23996 --- [io-8080-exec-10] s.w.s.m.m.a.RequestMappingHandlerMapping : Mapped to com.stocksense.controller.ProductController#listProducts()
2026-09-26T22:08:52.177+05:30 DEBUG 23996 --- [nio-8080-exec-6] s.w.s.m.m.a.RequestMappingHandlerMapping : Mapped to com.stocksense.controller.DashboardController#getDashboard()
2026-09-26T22:08:52.194+05:30 DEBUG 23996 --- [nio-8080-exec-6] org.hibernate.SQL                        : select p1_0.id,p1_0.category,p1_0.name,p1_0.sku,p1_0.unit_of_measure from products p1_0 order by p1_0.name
2026-09-26T22:08:52.194+05:30 DEBUG 23996 --- [io-8080-exec-10] org.hibernate.SQL                        : select p1_0.id,p1_0.category,p1_0.name,p1_0.sku,p1_0.unit_of_measure from products p1_0 order by p1_0.name
2026-09-26T22:08:52.202+05:30 DEBUG 23996 --- [nio-8080-exec-6] org.hibernate.SQL                        : select sm1_0.product_id,cast(coalesce(sum(sm1_0.quantity_change),0) as integer) from stock_moves sm1_0 where sm1_0.status='CONFIRMED' group by sm1_0.product_id
2026-09-26T22:08:52.202+05:30 DEBUG 23996 --- [io-8080-exec-10] org.hibernate.SQL                        : select sm1_0.product_id,cast(coalesce(sum(sm1_0.quantity_change),0) as integer) from stock_moves sm1_0 where sm1_0.status='CONFIRMED' group by sm1_0.product_id
2026-09-26T22:08:52.210+05:30 DEBUG 23996 --- [nio-8080-exec-6] org.hibernate.SQL                        : select sm1_0.product_id,sm1_0.location_id,l1_0.name,cast(coalesce(sum(sm1_0.quantity_change),0) as integer) from stock_moves sm1_0 join locations l1_0 on l1_0.id=sm1_0.location_id where sm1_0.status='CONFIRMED' group by sm1_0.product_id,sm1_0.location_id,l1_0.name
2026-09-26T22:08:52.210+05:30 DEBUG 23996 --- [io-8080-exec-10] org.hibernate.SQL                        : select sm1_0.product_id,sm1_0.location_id,l1_0.name,cast(coalesce(sum(sm1_0.quantity_change),0) as integer) from stock_moves sm1_0 join locations l1_0 on l1_0.id=sm1_0.location_id where sm1_0.status='CONFIRMED' group by sm1_0.product_id,sm1_0.location_id,l1_0.name
2026-09-26T22:08:52.218+05:30 DEBUG 23996 --- [nio-8080-exec-6] org.hibernate.SQL                        : select count(sm1_0.id) from stock_moves sm1_0 where sm1_0.status=? and sm1_0.move_type=?
2026-09-26T22:08:52.220+05:30 DEBUG 23996 --- [io-8080-exec-10] o.s.w.s.m.m.a.HttpEntityMethodProcessor  : Using 'application/json', given [*/*] and supported [application/json, application/*+json]
2026-09-26T22:08:52.222+05:30 DEBUG 23996 --- [io-8080-exec-10] o.s.w.s.m.m.a.HttpEntityMethodProcessor  : Writing [[com.stocksense.dto.ProductResponseDto@7008ed1, com.stocksense.dto.ProductResponseDto@5e161076, com. (truncated)...]
2026-09-26T22:08:52.226+05:30 DEBUG 23996 --- [nio-8080-exec-6] org.hibernate.SQL                        : select count(sm1_0.id) from stock_moves sm1_0 where sm1_0.status=? and sm1_0.move_type=?
2026-09-26T22:08:52.231+05:30 DEBUG 23996 --- [nio-8080-exec-6] o.s.w.s.m.m.a.HttpEntityMethodProcessor  : Using 'application/json', given [*/*] and supported [application/json, application/*+json]
2026-09-26T22:08:52.235+05:30 DEBUG 23996 --- [nio-8080-exec-6] o.s.w.s.m.m.a.HttpEntityMethodProcessor  : Writing [com.stocksense.dto.DashboardResponseDto@732d9d5c]
2026-09-26T22:08:52.240+05:30 DEBUG 23996 --- [io-8080-exec-10] o.s.web.servlet.DispatcherServlet        : Completed 200 OK
2026-09-26T22:08:52.240+05:30 DEBUG 23996 --- [nio-8080-exec-6] o.s.web.servlet.DispatcherServlet        : Completed 200 OK
2026-09-26T22:09:53.178+05:30 DEBUG 23996 --- [nio-8080-exec-2] o.s.web.servlet.DispatcherServlet        : GET "/dashboard", parameters={}
2026-09-26T22:09:53.178+05:30 DEBUG 23996 --- [nio-8080-exec-9] o.s.web.servlet.DispatcherServlet        : GET "/products", parameters={}
2026-09-26T22:09:53.182+05:30 DEBUG 23996 --- [nio-8080-exec-2] s.w.s.m.m.a.RequestMappingHandlerMapping : Mapped to com.stocksense.controller.DashboardController#getDashboard()
2026-09-26T22:09:53.183+05:30 DEBUG 23996 --- [nio-8080-exec-9] s.w.s.m.m.a.RequestMappingHandlerMapping : Mapped to com.stocksense.controller.ProductController#listProducts()
2026-09-26T22:09:53.191+05:30 DEBUG 23996 --- [nio-8080-exec-9] org.hibernate.SQL                        : select p1_0.id,p1_0.category,p1_0.name,p1_0.sku,p1_0.unit_of_measure from products p1_0 order by p1_0.name
2026-09-26T22:09:53.191+05:30 DEBUG 23996 --- [nio-8080-exec-2] org.hibernate.SQL                        : select p1_0.id,p1_0.category,p1_0.name,p1_0.sku,p1_0.unit_of_measure from products p1_0 order by p1_0.name
2026-09-26T22:09:53.199+05:30 DEBUG 23996 --- [nio-8080-exec-9] org.hibernate.SQL                        : select sm1_0.product_id,cast(coalesce(sum(sm1_0.quantity_change),0) as integer) from stock_moves sm1_0 where sm1_0.status='CONFIRMED' group by sm1_0.product_id
2026-09-26T22:09:53.199+05:30 DEBUG 23996 --- [nio-8080-exec-2] org.hibernate.SQL                        : select sm1_0.product_id,cast(coalesce(sum(sm1_0.quantity_change),0) as integer) from stock_moves sm1_0 where sm1_0.status='CONFIRMED' group by sm1_0.product_id
2026-09-26T22:09:53.205+05:30 DEBUG 23996 --- [nio-8080-exec-9] org.hibernate.SQL                        : select sm1_0.product_id,sm1_0.location_id,l1_0.name,cast(coalesce(sum(sm1_0.quantity_change),0) as integer) from stock_moves sm1_0 join locations l1_0 on l1_0.id=sm1_0.location_id where sm1_0.status='CONFIRMED' group by sm1_0.product_id,sm1_0.location_id,l1_0.name
2026-09-26T22:09:53.205+05:30 DEBUG 23996 --- [nio-8080-exec-2] org.hibernate.SQL                        : select sm1_0.product_id,sm1_0.location_id,l1_0.name,cast(coalesce(sum(sm1_0.quantity_change),0) as integer) from stock_moves sm1_0 join locations l1_0 on l1_0.id=sm1_0.location_id where sm1_0.status='CONFIRMED' group by sm1_0.product_id,sm1_0.location_id,l1_0.name
2026-09-26T22:09:53.212+05:30 DEBUG 23996 --- [nio-8080-exec-9] o.s.w.s.m.m.a.HttpEntityMethodProcessor  : Using 'application/json', given [*/*] and supported [application/json, application/*+json]
2026-09-26T22:09:53.216+05:30 DEBUG 23996 --- [nio-8080-exec-2] org.hibernate.SQL                        : select count(sm1_0.id) from stock_moves sm1_0 where sm1_0.status=? and sm1_0.move_type=?
2026-09-26T22:09:53.218+05:30 DEBUG 23996 --- [nio-8080-exec-9] o.s.w.s.m.m.a.HttpEntityMethodProcessor  : Writing [[com.stocksense.dto.ProductResponseDto@7e223afb, com.stocksense.dto.ProductResponseDto@1790415, com. (truncated)...]
2026-09-26T22:09:53.225+05:30 DEBUG 23996 --- [nio-8080-exec-2] org.hibernate.SQL                        : select count(sm1_0.id) from stock_moves sm1_0 where sm1_0.status=? and sm1_0.move_type=?
2026-09-26T22:09:53.227+05:30 DEBUG 23996 --- [nio-8080-exec-9] o.s.web.servlet.DispatcherServlet        : Completed 200 OK
2026-09-26T22:09:53.231+05:30 DEBUG 23996 --- [nio-8080-exec-2] o.s.w.s.m.m.a.HttpEntityMethodProcessor  : Using 'application/json', given [*/*] and supported [application/json, application/*+json]
2026-09-26T22:09:53.233+05:30 DEBUG 23996 --- [nio-8080-exec-2] o.s.w.s.m.m.a.HttpEntityMethodProcessor  : Writing [com.stocksense.dto.DashboardResponseDto@5405cf3e]
2026-09-26T22:09:53.235+05:30 DEBUG 23996 --- [nio-8080-exec-2] o.s.web.servlet.DispatcherServlet        : Completed 200 OK
2026-09-26T22:10:54.174+05:30 DEBUG 23996 --- [nio-8080-exec-8] o.s.web.servlet.DispatcherServlet        : GET "/products", parameters={}
2026-09-26T22:10:54.174+05:30 DEBUG 23996 --- [nio-8080-exec-1] o.s.web.servlet.DispatcherServlet        : GET "/dashboard", parameters={}
2026-09-26T22:10:54.175+05:30 DEBUG 23996 --- [nio-8080-exec-8] s.w.s.m.m.a.RequestMappingHandlerMapping : Mapped to com.stocksense.controller.ProductController#listProducts()
2026-09-26T22:10:54.175+05:30 DEBUG 23996 --- [nio-8080-exec-1] s.w.s.m.m.a.RequestMappingHandlerMapping : Mapped to com.stocksense.controller.DashboardController#getDashboard()
2026-09-26T22:10:54.183+05:30 DEBUG 23996 --- [nio-8080-exec-8] org.hibernate.SQL                        : select p1_0.id,p1_0.category,p1_0.name,p1_0.sku,p1_0.unit_of_measure from products p1_0 order by p1_0.name
2026-09-26T22:10:54.183+05:30 DEBUG 23996 --- [nio-8080-exec-1] org.hibernate.SQL                        : select p1_0.id,p1_0.category,p1_0.name,p1_0.sku,p1_0.unit_of_measure from products p1_0 order by p1_0.name
2026-09-26T22:10:54.192+05:30 DEBUG 23996 --- [nio-8080-exec-8] org.hibernate.SQL                        : select sm1_0.product_id,cast(coalesce(sum(sm1_0.quantity_change),0) as integer) from stock_moves sm1_0 where sm1_0.status='CONFIRMED' group by sm1_0.product_id
2026-09-26T22:10:54.192+05:30 DEBUG 23996 --- [nio-8080-exec-1] org.hibernate.SQL                        : select sm1_0.product_id,cast(coalesce(sum(sm1_0.quantity_change),0) as integer) from stock_moves sm1_0 where sm1_0.status='CONFIRMED' group by sm1_0.product_id
2026-09-26T22:10:54.195+05:30 DEBUG 23996 --- [nio-8080-exec-8] org.hibernate.SQL                        : select sm1_0.product_id,sm1_0.location_id,l1_0.name,cast(coalesce(sum(sm1_0.quantity_change),0) as integer) from stock_moves sm1_0 join locations l1_0 on l1_0.id=sm1_0.location_id where sm1_0.status='CONFIRMED' group by sm1_0.product_id,sm1_0.location_id,l1_0.name
2026-09-26T22:10:54.201+05:30 DEBUG 23996 --- [nio-8080-exec-1] org.hibernate.SQL                        : select sm1_0.product_id,sm1_0.location_id,l1_0.name,cast(coalesce(sum(sm1_0.quantity_change),0) as integer) from stock_moves sm1_0 join locations l1_0 on l1_0.id=sm1_0.location_id where sm1_0.status='CONFIRMED' group by sm1_0.product_id,sm1_0.location_id,l1_0.name
2026-09-26T22:10:54.204+05:30 DEBUG 23996 --- [nio-8080-exec-8] o.s.w.s.m.m.a.HttpEntityMethodProcessor  : Using 'application/json', given [*/*] and supported [application/json, application/*+json]
2026-09-26T22:10:54.206+05:30 DEBUG 23996 --- [nio-8080-exec-8] o.s.w.s.m.m.a.HttpEntityMethodProcessor  : Writing [[com.stocksense.dto.ProductResponseDto@3cd03ff9, com.stocksense.dto.ProductResponseDto@76ce992a, com (truncated)...]
2026-09-26T22:10:54.209+05:30 DEBUG 23996 --- [nio-8080-exec-1] org.hibernate.SQL                        : select count(sm1_0.id) from stock_moves sm1_0 where sm1_0.status=? and sm1_0.move_type=?
2026-09-26T22:10:54.212+05:30 DEBUG 23996 --- [nio-8080-exec-8] o.s.web.servlet.DispatcherServlet        : Completed 200 OK
2026-09-26T22:10:54.218+05:30 DEBUG 23996 --- [nio-8080-exec-1] org.hibernate.SQL                        : select count(sm1_0.id) from stock_moves sm1_0 where sm1_0.status=? and sm1_0.move_type=?
2026-09-26T22:10:54.223+05:30 DEBUG 23996 --- [nio-8080-exec-1] o.s.w.s.m.m.a.HttpEntityMethodProcessor  : Using 'application/json', given [*/*] and supported [application/json, application/*+json]
2026-09-26T22:10:54.223+05:30 DEBUG 23996 --- [nio-8080-exec-1] o.s.w.s.m.m.a.HttpEntityMethodProcessor  : Writing [com.stocksense.dto.DashboardResponseDto@3ad71434]
2026-09-26T22:10:54.227+05:30 DEBUG 23996 --- [nio-8080-exec-1] o.s.web.servlet.DispatcherServlet        : Completed 200 OK
2026-09-26T22:11:55.170+05:30 DEBUG 23996 --- [nio-8080-exec-4] o.s.web.servlet.DispatcherServlet        : GET "/products", parameters={}
2026-09-26T22:11:55.170+05:30 DEBUG 23996 --- [nio-8080-exec-3] o.s.web.servlet.DispatcherServlet        : GET "/dashboard", parameters={}
2026-09-26T22:11:55.176+05:30 DEBUG 23996 --- [nio-8080-exec-4] s.w.s.m.m.a.RequestMappingHandlerMapping : Mapped to com.stocksense.controller.ProductController#listProducts()
2026-09-26T22:11:55.176+05:30 DEBUG 23996 --- [nio-8080-exec-3] s.w.s.m.m.a.RequestMappingHandlerMapping : Mapped to com.stocksense.controller.DashboardController#getDashboard()
2026-09-26T22:11:55.185+05:30 DEBUG 23996 --- [nio-8080-exec-3] org.hibernate.SQL                        : select p1_0.id,p1_0.category,p1_0.name,p1_0.sku,p1_0.unit_of_measure from products p1_0 order by p1_0.name
2026-09-26T22:11:55.185+05:30 DEBUG 23996 --- [nio-8080-exec-4] org.hibernate.SQL                        : select p1_0.id,p1_0.category,p1_0.name,p1_0.sku,p1_0.unit_of_measure from products p1_0 order by p1_0.name
2026-09-26T22:11:55.195+05:30 DEBUG 23996 --- [nio-8080-exec-3] org.hibernate.SQL                        : select sm1_0.product_id,cast(coalesce(sum(sm1_0.quantity_change),0) as integer) from stock_moves sm1_0 where sm1_0.status='CONFIRMED' group by sm1_0.product_id
2026-09-26T22:11:55.195+05:30 DEBUG 23996 --- [nio-8080-exec-4] org.hibernate.SQL                        : select sm1_0.product_id,cast(coalesce(sum(sm1_0.quantity_change),0) as integer) from stock_moves sm1_0 where sm1_0.status='CONFIRMED' group by sm1_0.product_id
2026-09-26T22:11:55.209+05:30 DEBUG 23996 --- [nio-8080-exec-4] org.hibernate.SQL                        : select sm1_0.product_id,sm1_0.location_id,l1_0.name,cast(coalesce(sum(sm1_0.quantity_change),0) as integer) from stock_moves sm1_0 join locations l1_0 on l1_0.id=sm1_0.location_id where sm1_0.status='CONFIRMED' group by sm1_0.product_id,sm1_0.location_id,l1_0.name
2026-09-26T22:11:55.211+05:30 DEBUG 23996 --- [nio-8080-exec-3] org.hibernate.SQL                        : select sm1_0.product_id,sm1_0.location_id,l1_0.name,cast(coalesce(sum(sm1_0.quantity_change),0) as integer) from stock_moves sm1_0 join locations l1_0 on l1_0.id=sm1_0.location_id where sm1_0.status='CONFIRMED' group by sm1_0.product_id,sm1_0.location_id,l1_0.name
2026-09-26T22:11:55.233+05:30 DEBUG 23996 --- [nio-8080-exec-3] org.hibernate.SQL                        : select count(sm1_0.id) from stock_moves sm1_0 where sm1_0.status=? and sm1_0.move_type=?
2026-09-26T22:11:55.236+05:30 DEBUG 23996 --- [nio-8080-exec-4] o.s.w.s.m.m.a.HttpEntityMethodProcessor  : Using 'application/json', given [*/*] and supported [application/json, application/*+json]
2026-09-26T22:11:55.240+05:30 DEBUG 23996 --- [nio-8080-exec-4] o.s.w.s.m.m.a.HttpEntityMethodProcessor  : Writing [[com.stocksense.dto.ProductResponseDto@77cf701b, com.stocksense.dto.ProductResponseDto@468d2278, com (truncated)...]
2026-09-26T22:11:55.242+05:30 DEBUG 23996 --- [nio-8080-exec-3] org.hibernate.SQL                        : select count(sm1_0.id) from stock_moves sm1_0 where sm1_0.status=? and sm1_0.move_type=?
2026-09-26T22:11:55.245+05:30 DEBUG 23996 --- [nio-8080-exec-3] o.s.w.s.m.m.a.HttpEntityMethodProcessor  : Using 'application/json', given [*/*] and supported [application/json, application/*+json]
2026-09-26T22:11:55.247+05:30 DEBUG 23996 --- [nio-8080-exec-3] o.s.w.s.m.m.a.HttpEntityMethodProcessor  : Writing [com.stocksense.dto.DashboardResponseDto@2a8e59ec]
2026-09-26T22:11:55.250+05:30 DEBUG 23996 --- [nio-8080-exec-4] o.s.web.servlet.DispatcherServlet        : Completed 200 OK
2026-09-26T22:11:55.251+05:30 DEBUG 23996 --- [nio-8080-exec-3] o.s.web.servlet.DispatcherServlet        : Completed 200 OK
2026-09-26T22:12:56.162+05:30 DEBUG 23996 --- [nio-8080-exec-7] o.s.web.servlet.DispatcherServlet        : GET "/dashboard", parameters={}
2026-09-26T22:12:56.162+05:30 DEBUG 23996 --- [nio-8080-exec-5] o.s.web.servlet.DispatcherServlet        : GET "/products", parameters={}
2026-09-26T22:12:56.163+05:30 DEBUG 23996 --- [nio-8080-exec-7] s.w.s.m.m.a.RequestMappingHandlerMapping : Mapped to com.stocksense.controller.DashboardController#getDashboard()
2026-09-26T22:12:56.163+05:30 DEBUG 23996 --- [nio-8080-exec-5] s.w.s.m.m.a.RequestMappingHandlerMapping : Mapped to com.stocksense.controller.ProductController#listProducts()
2026-09-26T22:12:56.170+05:30 DEBUG 23996 --- [nio-8080-exec-7] org.hibernate.SQL                        : select p1_0.id,p1_0.category,p1_0.name,p1_0.sku,p1_0.unit_of_measure from products p1_0 order by p1_0.name
2026-09-26T22:12:56.172+05:30 DEBUG 23996 --- [nio-8080-exec-5] org.hibernate.SQL                        : select p1_0.id,p1_0.category,p1_0.name,p1_0.sku,p1_0.unit_of_measure from products p1_0 order by p1_0.name
2026-09-26T22:12:56.174+05:30 DEBUG 23996 --- [nio-8080-exec-5] org.hibernate.SQL                        : select sm1_0.product_id,cast(coalesce(sum(sm1_0.quantity_change),0) as integer) from stock_moves sm1_0 where sm1_0.status='CONFIRMED' group by sm1_0.product_id
2026-09-26T22:12:56.174+05:30 DEBUG 23996 --- [nio-8080-exec-7] org.hibernate.SQL                        : select sm1_0.product_id,cast(coalesce(sum(sm1_0.quantity_change),0) as integer) from stock_moves sm1_0 where sm1_0.status='CONFIRMED' group by sm1_0.product_id
2026-09-26T22:12:56.178+05:30 DEBUG 23996 --- [nio-8080-exec-7] org.hibernate.SQL                        : select sm1_0.product_id,sm1_0.location_id,l1_0.name,cast(coalesce(sum(sm1_0.quantity_change),0) as integer) from stock_moves sm1_0 join locations l1_0 on l1_0.id=sm1_0.location_id where sm1_0.status='CONFIRMED' group by sm1_0.product_id,sm1_0.location_id,l1_0.name
2026-09-26T22:12:56.178+05:30 DEBUG 23996 --- [nio-8080-exec-5] org.hibernate.SQL                        : select sm1_0.product_id,sm1_0.location_id,l1_0.name,cast(coalesce(sum(sm1_0.quantity_change),0) as integer) from stock_moves sm1_0 join locations l1_0 on l1_0.id=sm1_0.location_id where sm1_0.status='CONFIRMED' group by sm1_0.product_id,sm1_0.location_id,l1_0.name
2026-09-26T22:12:56.184+05:30 DEBUG 23996 --- [nio-8080-exec-5] o.s.w.s.m.m.a.HttpEntityMethodProcessor  : Using 'application/json', given [*/*] and supported [application/json, application/*+json]
2026-09-26T22:12:56.184+05:30 DEBUG 23996 --- [nio-8080-exec-7] org.hibernate.SQL                        : select count(sm1_0.id) from stock_moves sm1_0 where sm1_0.status=? and sm1_0.move_type=?
2026-09-26T22:12:56.184+05:30 DEBUG 23996 --- [nio-8080-exec-5] o.s.w.s.m.m.a.HttpEntityMethodProcessor  : Writing [[com.stocksense.dto.ProductResponseDto@3bdf9dc, com.stocksense.dto.ProductResponseDto@62774773, com. (truncated)...]
2026-09-26T22:12:56.189+05:30 DEBUG 23996 --- [nio-8080-exec-7] org.hibernate.SQL                        : select count(sm1_0.id) from stock_moves sm1_0 where sm1_0.status=? and sm1_0.move_type=?
2026-09-26T22:12:56.189+05:30 DEBUG 23996 --- [nio-8080-exec-5] o.s.web.servlet.DispatcherServlet        : Completed 200 OK
2026-09-26T22:12:56.190+05:30 DEBUG 23996 --- [nio-8080-exec-7] o.s.w.s.m.m.a.HttpEntityMethodProcessor  : Using 'application/json', given [*/*] and supported [application/json, application/*+json]
2026-09-26T22:12:56.192+05:30 DEBUG 23996 --- [nio-8080-exec-7] o.s.w.s.m.m.a.HttpEntityMethodProcessor  : Writing [com.stocksense.dto.DashboardResponseDto@4563cb5b]
2026-09-26T22:12:56.195+05:30 DEBUG 23996 --- [nio-8080-exec-7] o.s.web.servlet.DispatcherServlet        : Completed 200 OK
2026-09-26T22:14:33.498+05:30 DEBUG 23996 --- [io-8080-exec-10] o.s.web.servlet.DispatcherServlet        : GET "/login.html", parameters={}
2026-09-26T22:14:33.530+05:30 DEBUG 23996 --- [io-8080-exec-10] o.s.w.s.handler.SimpleUrlHandlerMapping  : Mapped to ResourceHttpRequestHandler [URL [file:frontend/], classpath [static/]]
2026-09-26T22:14:33.568+05:30 DEBUG 23996 --- [io-8080-exec-10] o.s.web.servlet.DispatcherServlet        : Completed 200 OK
2026-09-26T22:14:33.709+05:30 DEBUG 23996 --- [nio-8080-exec-6] o.s.web.servlet.DispatcherServlet        : GET "/style.css", parameters={}
2026-09-26T22:14:33.712+05:30 DEBUG 23996 --- [nio-8080-exec-6] o.s.w.s.handler.SimpleUrlHandlerMapping  : Mapped to ResourceHttpRequestHandler [URL [file:frontend/], classpath [static/]]
2026-09-26T22:14:33.724+05:30 DEBUG 23996 --- [nio-8080-exec-6] o.s.web.servlet.DispatcherServlet        : Completed 200 OK
2026-09-26T22:14:33.892+05:30 DEBUG 23996 --- [nio-8080-exec-4] o.s.web.servlet.DispatcherServlet        : GET "/api.js", parameters={}
2026-09-26T22:14:33.892+05:30 DEBUG 23996 --- [nio-8080-exec-3] o.s.web.servlet.DispatcherServlet        : GET "/utils.js", parameters={}
2026-09-26T22:14:33.892+05:30 DEBUG 23996 --- [nio-8080-exec-4] o.s.w.s.handler.SimpleUrlHandlerMapping  : Mapped to ResourceHttpRequestHandler [URL [file:frontend/], classpath [static/]]
2026-09-26T22:14:33.892+05:30 DEBUG 23996 --- [nio-8080-exec-3] o.s.w.s.handler.SimpleUrlHandlerMapping  : Mapped to ResourceHttpRequestHandler [URL [file:frontend/], classpath [static/]]
2026-09-26T22:14:33.897+05:30 DEBUG 23996 --- [nio-8080-exec-9] o.s.web.servlet.DispatcherServlet        : GET "/style.css", parameters={}
2026-09-26T22:14:33.898+05:30 DEBUG 23996 --- [nio-8080-exec-9] o.s.w.s.handler.SimpleUrlHandlerMapping  : Mapped to ResourceHttpRequestHandler [URL [file:frontend/], classpath [static/]]
2026-09-26T22:14:33.907+05:30 DEBUG 23996 --- [nio-8080-exec-3] o.s.web.servlet.DispatcherServlet        : Completed 200 OK
2026-09-26T22:14:33.907+05:30 DEBUG 23996 --- [nio-8080-exec-9] o.s.web.servlet.DispatcherServlet        : Completed 200 OK
2026-09-26T22:14:33.913+05:30 DEBUG 23996 --- [nio-8080-exec-4] o.s.web.servlet.DispatcherServlet        : Completed 200 OK
2026-09-26T22:14:38.307+05:30 DEBUG 23996 --- [nio-8080-exec-2] o.s.web.servlet.DispatcherServlet        : GET "/dashboard", parameters={}
2026-09-26T22:14:38.342+05:30 DEBUG 23996 --- [nio-8080-exec-2] s.w.s.m.m.a.RequestMappingHandlerMapping : Mapped to com.stocksense.controller.DashboardController#getDashboard()
2026-09-26T22:14:38.342+05:30 DEBUG 23996 --- [nio-8080-exec-5] o.s.web.servlet.DispatcherServlet        : GET "/products", parameters={}
2026-09-26T22:14:38.356+05:30 DEBUG 23996 --- [nio-8080-exec-5] s.w.s.m.m.a.RequestMappingHandlerMapping : Mapped to com.stocksense.controller.ProductController#listProducts()
2026-09-26T22:14:38.452+05:30 DEBUG 23996 --- [nio-8080-exec-2] org.hibernate.SQL                        : select p1_0.id,p1_0.category,p1_0.name,p1_0.sku,p1_0.unit_of_measure from products p1_0 order by p1_0.name
2026-09-26T22:14:38.460+05:30 DEBUG 23996 --- [nio-8080-exec-5] org.hibernate.SQL                        : select p1_0.id,p1_0.category,p1_0.name,p1_0.sku,p1_0.unit_of_measure from products p1_0 order by p1_0.name
2026-09-26T22:14:38.488+05:30 DEBUG 23996 --- [nio-8080-exec-2] org.hibernate.SQL                        : select sm1_0.product_id,cast(coalesce(sum(sm1_0.quantity_change),0) as integer) from stock_moves sm1_0 where sm1_0.status='CONFIRMED' group by sm1_0.product_id
2026-09-26T22:14:38.492+05:30 DEBUG 23996 --- [nio-8080-exec-5] org.hibernate.SQL                        : select sm1_0.product_id,cast(coalesce(sum(sm1_0.quantity_change),0) as integer) from stock_moves sm1_0 where sm1_0.status='CONFIRMED' group by sm1_0.product_id
2026-09-26T22:14:38.506+05:30 DEBUG 23996 --- [nio-8080-exec-2] org.hibernate.SQL                        : select sm1_0.product_id,sm1_0.location_id,l1_0.name,cast(coalesce(sum(sm1_0.quantity_change),0) as integer) from stock_moves sm1_0 join locations l1_0 on l1_0.id=sm1_0.location_id where sm1_0.status='CONFIRMED' group by sm1_0.product_id,sm1_0.location_id,l1_0.name
2026-09-26T22:14:38.507+05:30 DEBUG 23996 --- [nio-8080-exec-5] org.hibernate.SQL                        : select sm1_0.product_id,sm1_0.location_id,l1_0.name,cast(coalesce(sum(sm1_0.quantity_change),0) as integer) from stock_moves sm1_0 join locations l1_0 on l1_0.id=sm1_0.location_id where sm1_0.status='CONFIRMED' group by sm1_0.product_id,sm1_0.location_id,l1_0.name
2026-09-26T22:14:38.517+05:30 DEBUG 23996 --- [nio-8080-exec-2] org.hibernate.SQL                        : select count(sm1_0.id) from stock_moves sm1_0 where sm1_0.status=? and sm1_0.move_type=?
2026-09-26T22:14:38.517+05:30 DEBUG 23996 --- [nio-8080-exec-5] o.s.w.s.m.m.a.HttpEntityMethodProcessor  : Using 'application/json', given [*/*] and supported [application/json, application/*+json]
2026-09-26T22:14:38.517+05:30 DEBUG 23996 --- [nio-8080-exec-5] o.s.w.s.m.m.a.HttpEntityMethodProcessor  : Writing [[com.stocksense.dto.ProductResponseDto@9e1bb92, com.stocksense.dto.ProductResponseDto@5300645f, com. (truncated)...]
2026-09-26T22:14:38.529+05:30 DEBUG 23996 --- [nio-8080-exec-2] org.hibernate.SQL                        : select count(sm1_0.id) from stock_moves sm1_0 where sm1_0.status=? and sm1_0.move_type=?
2026-09-26T22:14:38.532+05:30 DEBUG 23996 --- [nio-8080-exec-2] o.s.w.s.m.m.a.HttpEntityMethodProcessor  : Using 'application/json', given [*/*] and supported [application/json, application/*+json]
2026-09-26T22:14:38.532+05:30 DEBUG 23996 --- [nio-8080-exec-2] o.s.w.s.m.m.a.HttpEntityMethodProcessor  : Writing [com.stocksense.dto.DashboardResponseDto@52ba0629]
2026-09-26T22:14:38.532+05:30 DEBUG 23996 --- [nio-8080-exec-5] o.s.web.servlet.DispatcherServlet        : Completed 200 OK
2026-09-26T22:14:38.537+05:30 DEBUG 23996 --- [nio-8080-exec-2] o.s.web.servlet.DispatcherServlet        : Completed 200 OK
2026-09-26T22:14:41.141+05:30 DEBUG 23996 --- [nio-8080-exec-7] o.s.web.servlet.DispatcherServlet        : GET "/index.html", parameters={}
2026-09-26T22:14:41.143+05:30 DEBUG 23996 --- [nio-8080-exec-7] o.s.w.s.handler.SimpleUrlHandlerMapping  : Mapped to ResourceHttpRequestHandler [URL [file:frontend/], classpath [static/]]
2026-09-26T22:14:41.148+05:30 DEBUG 23996 --- [nio-8080-exec-7] o.s.web.servlet.DispatcherServlet        : Completed 200 OK
2026-09-26T22:14:41.186+05:30 DEBUG 23996 --- [nio-8080-exec-8] o.s.web.servlet.DispatcherServlet        : GET "/style.css", parameters={}
2026-09-26T22:14:41.188+05:30 DEBUG 23996 --- [nio-8080-exec-8] o.s.w.s.handler.SimpleUrlHandlerMapping  : Mapped to ResourceHttpRequestHandler [URL [file:frontend/], classpath [static/]]
2026-09-26T22:14:41.196+05:30 DEBUG 23996 --- [nio-8080-exec-8] o.s.web.servlet.DispatcherServlet        : Completed 200 OK
2026-09-26T22:14:41.341+05:30 DEBUG 23996 --- [nio-8080-exec-1] o.s.web.servlet.DispatcherServlet        : GET "/api.js", parameters={}
2026-09-26T22:14:41.341+05:30 DEBUG 23996 --- [io-8080-exec-10] o.s.web.servlet.DispatcherServlet        : GET "/utils.js", parameters={}
2026-09-26T22:14:41.341+05:30 DEBUG 23996 --- [nio-8080-exec-1] o.s.w.s.handler.SimpleUrlHandlerMapping  : Mapped to ResourceHttpRequestHandler [URL [file:frontend/], classpath [static/]]
2026-09-26T22:14:41.343+05:30 DEBUG 23996 --- [io-8080-exec-10] o.s.w.s.handler.SimpleUrlHandlerMapping  : Mapped to ResourceHttpRequestHandler [URL [file:frontend/], classpath [static/]]
2026-09-26T22:14:41.346+05:30 DEBUG 23996 --- [io-8080-exec-10] o.s.web.servlet.DispatcherServlet        : Completed 200 OK
2026-09-26T22:14:41.347+05:30 DEBUG 23996 --- [nio-8080-exec-1] o.s.web.servlet.DispatcherServlet        : Completed 200 OK
2026-09-26T22:14:41.407+05:30 DEBUG 23996 --- [nio-8080-exec-3] o.s.web.servlet.DispatcherServlet        : GET "/products", parameters={}
2026-09-26T22:14:41.407+05:30 DEBUG 23996 --- [nio-8080-exec-6] o.s.web.servlet.DispatcherServlet        : GET "/dashboard", parameters={}
2026-09-26T22:14:41.409+05:30 DEBUG 23996 --- [nio-8080-exec-3] s.w.s.m.m.a.RequestMappingHandlerMapping : Mapped to com.stocksense.controller.ProductController#listProducts()
2026-09-26T22:14:41.409+05:30 DEBUG 23996 --- [nio-8080-exec-6] s.w.s.m.m.a.RequestMappingHandlerMapping : Mapped to com.stocksense.controller.DashboardController#getDashboard()
2026-09-26T22:14:41.413+05:30 DEBUG 23996 --- [nio-8080-exec-6] org.hibernate.SQL                        : select p1_0.id,p1_0.category,p1_0.name,p1_0.sku,p1_0.unit_of_measure from products p1_0 order by p1_0.name
2026-09-26T22:14:41.419+05:30 DEBUG 23996 --- [nio-8080-exec-6] org.hibernate.SQL                        : select sm1_0.product_id,cast(coalesce(sum(sm1_0.quantity_change),0) as integer) from stock_moves sm1_0 where sm1_0.status='CONFIRMED' group by sm1_0.product_id
2026-09-26T22:14:41.422+05:30 DEBUG 23996 --- [nio-8080-exec-3] org.hibernate.SQL                        : select p1_0.id,p1_0.category,p1_0.name,p1_0.sku,p1_0.unit_of_measure from products p1_0 order by p1_0.name
2026-09-26T22:14:41.422+05:30 DEBUG 23996 --- [nio-8080-exec-6] org.hibernate.SQL                        : select sm1_0.product_id,sm1_0.location_id,l1_0.name,cast(coalesce(sum(sm1_0.quantity_change),0) as integer) from stock_moves sm1_0 join locations l1_0 on l1_0.id=sm1_0.location_id where sm1_0.status='CONFIRMED' group by sm1_0.product_id,sm1_0.location_id,l1_0.name
2026-09-26T22:14:41.422+05:30 DEBUG 23996 --- [nio-8080-exec-3] org.hibernate.SQL                        : select sm1_0.product_id,cast(coalesce(sum(sm1_0.quantity_change),0) as integer) from stock_moves sm1_0 where sm1_0.status='CONFIRMED' group by sm1_0.product_id
2026-09-26T22:14:41.430+05:30 DEBUG 23996 --- [nio-8080-exec-3] org.hibernate.SQL                        : select sm1_0.product_id,sm1_0.location_id,l1_0.name,cast(coalesce(sum(sm1_0.quantity_change),0) as integer) from stock_moves sm1_0 join locations l1_0 on l1_0.id=sm1_0.location_id where sm1_0.status='CONFIRMED' group by sm1_0.product_id,sm1_0.location_id,l1_0.name
2026-09-26T22:14:41.432+05:30 DEBUG 23996 --- [nio-8080-exec-6] org.hibernate.SQL                        : select count(sm1_0.id) from stock_moves sm1_0 where sm1_0.status=? and sm1_0.move_type=?
2026-09-26T22:14:41.437+05:30 DEBUG 23996 --- [nio-8080-exec-3] o.s.w.s.m.m.a.HttpEntityMethodProcessor  : Using 'application/json', given [*/*] and supported [application/json, application/*+json]
2026-09-26T22:14:41.439+05:30 DEBUG 23996 --- [nio-8080-exec-3] o.s.w.s.m.m.a.HttpEntityMethodProcessor  : Writing [[com.stocksense.dto.ProductResponseDto@25227910, com.stocksense.dto.ProductResponseDto@d9835ac, com. (truncated)...]
2026-09-26T22:14:41.439+05:30 DEBUG 23996 --- [nio-8080-exec-6] org.hibernate.SQL                        : select count(sm1_0.id) from stock_moves sm1_0 where sm1_0.status=? and sm1_0.move_type=?
2026-09-26T22:14:41.446+05:30 DEBUG 23996 --- [nio-8080-exec-3] o.s.web.servlet.DispatcherServlet        : Completed 200 OK
2026-09-26T22:14:41.446+05:30 DEBUG 23996 --- [nio-8080-exec-6] o.s.w.s.m.m.a.HttpEntityMethodProcessor  : Using 'application/json', given [*/*] and supported [application/json, application/*+json]
2026-09-26T22:14:41.448+05:30 DEBUG 23996 --- [nio-8080-exec-6] o.s.w.s.m.m.a.HttpEntityMethodProcessor  : Writing [com.stocksense.dto.DashboardResponseDto@21a264fd]
2026-09-26T22:14:41.451+05:30 DEBUG 23996 --- [nio-8080-exec-6] o.s.web.servlet.DispatcherServlet        : Completed 200 OK
2026-09-26T22:14:41.455+05:30 DEBUG 23996 --- [nio-8080-exec-9] o.s.web.servlet.DispatcherServlet        : GET "/favicon.ico", parameters={}
2026-09-26T22:14:41.455+05:30 DEBUG 23996 --- [nio-8080-exec-9] o.s.w.s.handler.SimpleUrlHandlerMapping  : Mapped to ResourceHttpRequestHandler [URL [file:frontend/], classpath [static/]]
2026-09-26T22:14:41.470+05:30 DEBUG 23996 --- [nio-8080-exec-9] o.s.w.s.r.ResourceHttpRequestHandler     : Resource not found
2026-09-26T22:14:41.478+05:30 DEBUG 23996 --- [nio-8080-exec-9] .m.m.a.ExceptionHandlerExceptionResolver : Using @ExceptionHandler com.stocksense.controller.GlobalExceptionHandler#handleGenericException(Exception)
2026-09-26T22:14:41.487+05:30 DEBUG 23996 --- [nio-8080-exec-9] o.s.w.s.m.m.a.HttpEntityMethodProcessor  : Using 'application/json;q=0.8', given [image/avif, image/webp, image/apng, image/svg+xml, image/*, */*;q=0.8] and supported [application/json, application/*+json]
2026-09-26T22:14:41.487+05:30 DEBUG 23996 --- [nio-8080-exec-9] o.s.w.s.m.m.a.HttpEntityMethodProcessor  : Writing [com.stocksense.dto.ErrorResponseDto@b8a87d2]
2026-09-26T22:14:41.490+05:30 DEBUG 23996 --- [nio-8080-exec-9] .m.m.a.ExceptionHandlerExceptionResolver : Resolved [org.springframework.web.servlet.resource.NoResourceFoundException: No static resource favicon.ico.]
2026-09-26T22:14:41.490+05:30 DEBUG 23996 --- [nio-8080-exec-9] o.s.web.servlet.DispatcherServlet        : Completed 500 INTERNAL_SERVER_ERROR
2026-09-26T22:14:42.287+05:30 DEBUG 23996 --- [nio-8080-exec-4] o.s.web.servlet.DispatcherServlet        : GET "/index.html", parameters={}
2026-09-26T22:14:42.289+05:30 DEBUG 23996 --- [nio-8080-exec-4] o.s.w.s.handler.SimpleUrlHandlerMapping  : Mapped to ResourceHttpRequestHandler [URL [file:frontend/], classpath [static/]]
2026-09-26T22:14:42.297+05:30 DEBUG 23996 --- [nio-8080-exec-4] o.s.web.servlet.DispatcherServlet        : Completed 200 OK
2026-09-26T22:14:42.331+05:30 DEBUG 23996 --- [nio-8080-exec-5] o.s.web.servlet.DispatcherServlet        : GET "/style.css", parameters={}
2026-09-26T22:14:42.336+05:30 DEBUG 23996 --- [nio-8080-exec-5] o.s.w.s.handler.SimpleUrlHandlerMapping  : Mapped to ResourceHttpRequestHandler [URL [file:frontend/], classpath [static/]]
2026-09-26T22:14:42.343+05:30 DEBUG 23996 --- [nio-8080-exec-5] o.s.web.servlet.DispatcherServlet        : Completed 200 OK
2026-09-26T22:14:42.381+05:30 DEBUG 23996 --- [nio-8080-exec-2] o.s.web.servlet.DispatcherServlet        : GET "/api.js", parameters={}
2026-09-26T22:14:42.381+05:30 DEBUG 23996 --- [nio-8080-exec-7] o.s.web.servlet.DispatcherServlet        : GET "/utils.js", parameters={}
2026-09-26T22:14:42.381+05:30 DEBUG 23996 --- [nio-8080-exec-2] o.s.w.s.handler.SimpleUrlHandlerMapping  : Mapped to ResourceHttpRequestHandler [URL [file:frontend/], classpath [static/]]
2026-09-26T22:14:42.381+05:30 DEBUG 23996 --- [nio-8080-exec-7] o.s.w.s.handler.SimpleUrlHandlerMapping  : Mapped to ResourceHttpRequestHandler [URL [file:frontend/], classpath [static/]]
2026-09-26T22:14:42.386+05:30 DEBUG 23996 --- [nio-8080-exec-2] o.s.web.servlet.DispatcherServlet        : Completed 200 OK
2026-09-26T22:14:42.386+05:30 DEBUG 23996 --- [nio-8080-exec-7] o.s.web.servlet.DispatcherServlet        : Completed 200 OK
2026-09-26T22:14:42.396+05:30 DEBUG 23996 --- [nio-8080-exec-8] o.s.web.servlet.DispatcherServlet        : GET "/dashboard", parameters={}
2026-09-26T22:14:42.396+05:30 DEBUG 23996 --- [nio-8080-exec-1] o.s.web.servlet.DispatcherServlet        : GET "/products", parameters={}
2026-09-26T22:14:42.396+05:30 DEBUG 23996 --- [nio-8080-exec-8] s.w.s.m.m.a.RequestMappingHandlerMapping : Mapped to com.stocksense.controller.DashboardController#getDashboard()
2026-09-26T22:14:42.396+05:30 DEBUG 23996 --- [nio-8080-exec-1] s.w.s.m.m.a.RequestMappingHandlerMapping : Mapped to com.stocksense.controller.ProductController#listProducts()
2026-09-26T22:14:42.403+05:30 DEBUG 23996 --- [nio-8080-exec-8] org.hibernate.SQL                        : select p1_0.id,p1_0.category,p1_0.name,p1_0.sku,p1_0.unit_of_measure from products p1_0 order by p1_0.name
2026-09-26T22:14:42.412+05:30 DEBUG 23996 --- [io-8080-exec-10] o.s.web.servlet.DispatcherServlet        : GET "/favicon.ico", parameters={}
2026-09-26T22:14:42.413+05:30 DEBUG 23996 --- [io-8080-exec-10] o.s.w.s.handler.SimpleUrlHandlerMapping  : Mapped to ResourceHttpRequestHandler [URL [file:frontend/], classpath [static/]]
2026-09-26T22:14:42.414+05:30 DEBUG 23996 --- [nio-8080-exec-8] org.hibernate.SQL                        : select sm1_0.product_id,cast(coalesce(sum(sm1_0.quantity_change),0) as integer) from stock_moves sm1_0 where sm1_0.status='CONFIRMED' group by sm1_0.product_id
2026-09-26T22:14:42.414+05:30 DEBUG 23996 --- [io-8080-exec-10] o.s.w.s.r.ResourceHttpRequestHandler     : Resource not found
2026-09-26T22:14:42.418+05:30 DEBUG 23996 --- [nio-8080-exec-8] org.hibernate.SQL                        : select sm1_0.product_id,sm1_0.location_id,l1_0.name,cast(coalesce(sum(sm1_0.quantity_change),0) as integer) from stock_moves sm1_0 join locations l1_0 on l1_0.id=sm1_0.location_id where sm1_0.status='CONFIRMED' group by sm1_0.product_id,sm1_0.location_id,l1_0.name
2026-09-26T22:14:42.418+05:30 DEBUG 23996 --- [io-8080-exec-10] .m.m.a.ExceptionHandlerExceptionResolver : Using @ExceptionHandler com.stocksense.controller.GlobalExceptionHandler#handleGenericException(Exception)
2026-09-26T22:14:42.418+05:30 DEBUG 23996 --- [io-8080-exec-10] o.s.w.s.m.m.a.HttpEntityMethodProcessor  : Using 'application/json;q=0.8', given [image/avif, image/webp, image/apng, image/svg+xml, image/*, */*;q=0.8] and supported [application/json, application/*+json]
2026-09-26T22:14:42.418+05:30 DEBUG 23996 --- [io-8080-exec-10] o.s.w.s.m.m.a.HttpEntityMethodProcessor  : Writing [com.stocksense.dto.ErrorResponseDto@354865d2]
2026-09-26T22:14:42.418+05:30 DEBUG 23996 --- [nio-8080-exec-8] org.hibernate.SQL                        : select count(sm1_0.id) from stock_moves sm1_0 where sm1_0.status=? and sm1_0.move_type=?
2026-09-26T22:14:42.424+05:30 DEBUG 23996 --- [io-8080-exec-10] .m.m.a.ExceptionHandlerExceptionResolver : Resolved [org.springframework.web.servlet.resource.NoResourceFoundException: No static resource favicon.ico.]
2026-09-26T22:14:42.425+05:30 DEBUG 23996 --- [io-8080-exec-10] o.s.web.servlet.DispatcherServlet        : Completed 500 INTERNAL_SERVER_ERROR
2026-09-26T22:14:42.427+05:30 DEBUG 23996 --- [nio-8080-exec-8] org.hibernate.SQL                        : select count(sm1_0.id) from stock_moves sm1_0 where sm1_0.status=? and sm1_0.move_type=?
2026-09-26T22:14:42.430+05:30 DEBUG 23996 --- [nio-8080-exec-8] o.s.w.s.m.m.a.HttpEntityMethodProcessor  : Using 'application/json', given [*/*] and supported [application/json, application/*+json]
2026-09-26T22:14:42.430+05:30 DEBUG 23996 --- [nio-8080-exec-8] o.s.w.s.m.m.a.HttpEntityMethodProcessor  : Writing [com.stocksense.dto.DashboardResponseDto@26460c71]
2026-09-26T22:14:42.432+05:30 DEBUG 23996 --- [nio-8080-exec-8] o.s.web.servlet.DispatcherServlet        : Completed 200 OK
2026-09-26T22:14:42.446+05:30 DEBUG 23996 --- [nio-8080-exec-1] org.hibernate.SQL                        : select p1_0.id,p1_0.category,p1_0.name,p1_0.sku,p1_0.unit_of_measure from products p1_0 order by p1_0.name
2026-09-26T22:14:42.451+05:30 DEBUG 23996 --- [nio-8080-exec-1] org.hibernate.SQL                        : select sm1_0.product_id,cast(coalesce(sum(sm1_0.quantity_change),0) as integer) from stock_moves sm1_0 where sm1_0.status='CONFIRMED' group by sm1_0.product_id
2026-09-26T22:14:42.453+05:30 DEBUG 23996 --- [nio-8080-exec-1] org.hibernate.SQL                        : select sm1_0.product_id,sm1_0.location_id,l1_0.name,cast(coalesce(sum(sm1_0.quantity_change),0) as integer) from stock_moves sm1_0 join locations l1_0 on l1_0.id=sm1_0.location_id where sm1_0.status='CONFIRMED' group by sm1_0.product_id,sm1_0.location_id,l1_0.name
2026-09-26T22:14:42.453+05:30 DEBUG 23996 --- [nio-8080-exec-1] o.s.w.s.m.m.a.HttpEntityMethodProcessor  : Using 'application/json', given [*/*] and supported [application/json, application/*+json]
2026-09-26T22:14:42.453+05:30 DEBUG 23996 --- [nio-8080-exec-1] o.s.w.s.m.m.a.HttpEntityMethodProcessor  : Writing [[com.stocksense.dto.ProductResponseDto@1f21df0d, com.stocksense.dto.ProductResponseDto@a6008f8, com. (truncated)...]
2026-09-26T22:14:42.453+05:30 DEBUG 23996 --- [nio-8080-exec-1] o.s.web.servlet.DispatcherServlet        : Completed 200 OK
2026-09-26T22:15:13.260+05:30 DEBUG 23996 --- [nio-8080-exec-3] o.s.web.servlet.DispatcherServlet        : GET "/dashboard", parameters={}
2026-09-26T22:15:13.262+05:30 DEBUG 23996 --- [nio-8080-exec-3] s.w.s.m.m.a.RequestMappingHandlerMapping : Mapped to com.stocksense.controller.DashboardController#getDashboard()
2026-09-26T22:15:13.271+05:30 DEBUG 23996 --- [nio-8080-exec-3] org.hibernate.SQL                        : select p1_0.id,p1_0.category,p1_0.name,p1_0.sku,p1_0.unit_of_measure from products p1_0 order by p1_0.name
2026-09-26T22:15:13.277+05:30 DEBUG 23996 --- [nio-8080-exec-3] org.hibernate.SQL                        : select sm1_0.product_id,cast(coalesce(sum(sm1_0.quantity_change),0) as integer) from stock_moves sm1_0 where sm1_0.status='CONFIRMED' group by sm1_0.product_id
2026-09-26T22:15:13.281+05:30 DEBUG 23996 --- [nio-8080-exec-3] org.hibernate.SQL                        : select sm1_0.product_id,sm1_0.location_id,l1_0.name,cast(coalesce(sum(sm1_0.quantity_change),0) as integer) from stock_moves sm1_0 join locations l1_0 on l1_0.id=sm1_0.location_id where sm1_0.status='CONFIRMED' group by sm1_0.product_id,sm1_0.location_id,l1_0.name
2026-09-26T22:15:13.287+05:30 DEBUG 23996 --- [nio-8080-exec-3] org.hibernate.SQL                        : select count(sm1_0.id) from stock_moves sm1_0 where sm1_0.status=? and sm1_0.move_type=?
2026-09-26T22:15:13.291+05:30 DEBUG 23996 --- [nio-8080-exec-3] org.hibernate.SQL                        : select count(sm1_0.id) from stock_moves sm1_0 where sm1_0.status=? and sm1_0.move_type=?
2026-09-26T22:15:13.295+05:30 DEBUG 23996 --- [nio-8080-exec-3] o.s.w.s.m.m.a.HttpEntityMethodProcessor  : Using 'application/json', given [*/*] and supported [application/json, application/*+json]
2026-09-26T22:15:13.296+05:30 DEBUG 23996 --- [nio-8080-exec-3] o.s.w.s.m.m.a.HttpEntityMethodProcessor  : Writing [com.stocksense.dto.DashboardResponseDto@46506007]
2026-09-26T22:15:13.297+05:30 DEBUG 23996 --- [nio-8080-exec-3] o.s.web.servlet.DispatcherServlet        : Completed 200 OK
2026-09-26T22:15:13.301+05:30 DEBUG 23996 --- [nio-8080-exec-6] o.s.web.servlet.DispatcherServlet        : GET "/products", parameters={}
2026-09-26T22:15:13.301+05:30 DEBUG 23996 --- [nio-8080-exec-6] s.w.s.m.m.a.RequestMappingHandlerMapping : Mapped to com.stocksense.controller.ProductController#listProducts()
2026-09-26T22:15:13.304+05:30 DEBUG 23996 --- [nio-8080-exec-6] org.hibernate.SQL                        : select p1_0.id,p1_0.category,p1_0.name,p1_0.sku,p1_0.unit_of_measure from products p1_0 order by p1_0.name
2026-09-26T22:15:13.307+05:30 DEBUG 23996 --- [nio-8080-exec-6] org.hibernate.SQL                        : select sm1_0.product_id,cast(coalesce(sum(sm1_0.quantity_change),0) as integer) from stock_moves sm1_0 where sm1_0.status='CONFIRMED' group by sm1_0.product_id
2026-09-26T22:15:13.309+05:30 DEBUG 23996 --- [nio-8080-exec-6] org.hibernate.SQL                        : select sm1_0.product_id,sm1_0.location_id,l1_0.name,cast(coalesce(sum(sm1_0.quantity_change),0) as integer) from stock_moves sm1_0 join locations l1_0 on l1_0.id=sm1_0.location_id where sm1_0.status='CONFIRMED' group by sm1_0.product_id,sm1_0.location_id,l1_0.name
2026-09-26T22:15:13.313+05:30 DEBUG 23996 --- [nio-8080-exec-6] o.s.w.s.m.m.a.HttpEntityMethodProcessor  : Using 'application/json', given [*/*] and supported [application/json, application/*+json]
2026-09-26T22:15:13.313+05:30 DEBUG 23996 --- [nio-8080-exec-6] o.s.w.s.m.m.a.HttpEntityMethodProcessor  : Writing [[com.stocksense.dto.ProductResponseDto@17161e1d, com.stocksense.dto.ProductResponseDto@44e8317a, com (truncated)...]
2026-09-26T22:15:13.314+05:30 DEBUG 23996 --- [nio-8080-exec-6] o.s.web.servlet.DispatcherServlet        : Completed 200 OK
2026-09-26T22:15:43.164+05:30 DEBUG 23996 --- [nio-8080-exec-2] o.s.web.servlet.DispatcherServlet        : GET "/dashboard", parameters={}
2026-09-26T22:15:43.165+05:30 DEBUG 23996 --- [nio-8080-exec-2] s.w.s.m.m.a.RequestMappingHandlerMapping : Mapped to com.stocksense.controller.DashboardController#getDashboard()
2026-09-26T22:15:43.170+05:30 DEBUG 23996 --- [nio-8080-exec-7] o.s.web.servlet.DispatcherServlet        : GET "/products", parameters={}
2026-09-26T22:15:43.171+05:30 DEBUG 23996 --- [nio-8080-exec-7] s.w.s.m.m.a.RequestMappingHandlerMapping : Mapped to com.stocksense.controller.ProductController#listProducts()
2026-09-26T22:15:43.175+05:30 DEBUG 23996 --- [nio-8080-exec-2] org.hibernate.SQL                        : select p1_0.id,p1_0.category,p1_0.name,p1_0.sku,p1_0.unit_of_measure from products p1_0 order by p1_0.name
2026-09-26T22:15:43.177+05:30 DEBUG 23996 --- [nio-8080-exec-7] org.hibernate.SQL                        : select p1_0.id,p1_0.category,p1_0.name,p1_0.sku,p1_0.unit_of_measure from products p1_0 order by p1_0.name
2026-09-26T22:15:43.180+05:30 DEBUG 23996 --- [nio-8080-exec-2] org.hibernate.SQL                        : select sm1_0.product_id,cast(coalesce(sum(sm1_0.quantity_change),0) as integer) from stock_moves sm1_0 where sm1_0.status='CONFIRMED' group by sm1_0.product_id
2026-09-26T22:15:43.184+05:30 DEBUG 23996 --- [nio-8080-exec-7] org.hibernate.SQL                        : select sm1_0.product_id,cast(coalesce(sum(sm1_0.quantity_change),0) as integer) from stock_moves sm1_0 where sm1_0.status='CONFIRMED' group by sm1_0.product_id
2026-09-26T22:15:43.185+05:30 DEBUG 23996 --- [nio-8080-exec-2] org.hibernate.SQL                        : select sm1_0.product_id,sm1_0.location_id,l1_0.name,cast(coalesce(sum(sm1_0.quantity_change),0) as integer) from stock_moves sm1_0 join locations l1_0 on l1_0.id=sm1_0.location_id where sm1_0.status='CONFIRMED' group by sm1_0.product_id,sm1_0.location_id,l1_0.name
2026-09-26T22:15:43.191+05:30 DEBUG 23996 --- [nio-8080-exec-7] org.hibernate.SQL                        : select sm1_0.product_id,sm1_0.location_id,l1_0.name,cast(coalesce(sum(sm1_0.quantity_change),0) as integer) from stock_moves sm1_0 join locations l1_0 on l1_0.id=sm1_0.location_id where sm1_0.status='CONFIRMED' group by sm1_0.product_id,sm1_0.location_id,l1_0.name
2026-09-26T22:15:43.196+05:30 DEBUG 23996 --- [nio-8080-exec-2] org.hibernate.SQL                        : select count(sm1_0.id) from stock_moves sm1_0 where sm1_0.status=? and sm1_0.move_type=?
2026-09-26T22:15:43.197+05:30 DEBUG 23996 --- [nio-8080-exec-7] o.s.w.s.m.m.a.HttpEntityMethodProcessor  : Using 'application/json', given [*/*] and supported [application/json, application/*+json]
2026-09-26T22:15:43.197+05:30 DEBUG 23996 --- [nio-8080-exec-7] o.s.w.s.m.m.a.HttpEntityMethodProcessor  : Writing [[com.stocksense.dto.ProductResponseDto@12c32fc6, com.stocksense.dto.ProductResponseDto@1727536f, com (truncated)...]
2026-09-26T22:15:43.202+05:30 DEBUG 23996 --- [nio-8080-exec-7] o.s.web.servlet.DispatcherServlet        : Completed 200 OK
2026-09-26T22:15:43.203+05:30 DEBUG 23996 --- [nio-8080-exec-2] org.hibernate.SQL                        : select count(sm1_0.id) from stock_moves sm1_0 where sm1_0.status=? and sm1_0.move_type=?
2026-09-26T22:15:43.206+05:30 DEBUG 23996 --- [nio-8080-exec-2] o.s.w.s.m.m.a.HttpEntityMethodProcessor  : Using 'application/json', given [*/*] and supported [application/json, application/*+json]
2026-09-26T22:15:43.208+05:30 DEBUG 23996 --- [nio-8080-exec-2] o.s.w.s.m.m.a.HttpEntityMethodProcessor  : Writing [com.stocksense.dto.DashboardResponseDto@60b6cd28]
2026-09-26T22:15:43.210+05:30 DEBUG 23996 --- [nio-8080-exec-2] o.s.web.servlet.DispatcherServlet        : Completed 200 OK
2026-09-26T22:16:13.156+05:30 DEBUG 23996 --- [io-8080-exec-10] o.s.web.servlet.DispatcherServlet        : GET "/dashboard", parameters={}
2026-09-26T22:16:13.156+05:30 DEBUG 23996 --- [nio-8080-exec-8] o.s.web.servlet.DispatcherServlet        : GET "/products", parameters={}
2026-09-26T22:16:13.158+05:30 DEBUG 23996 --- [io-8080-exec-10] s.w.s.m.m.a.RequestMappingHandlerMapping : Mapped to com.stocksense.controller.DashboardController#getDashboard()
2026-09-26T22:16:13.158+05:30 DEBUG 23996 --- [nio-8080-exec-8] s.w.s.m.m.a.RequestMappingHandlerMapping : Mapped to com.stocksense.controller.ProductController#listProducts()
2026-09-26T22:16:13.162+05:30 DEBUG 23996 --- [nio-8080-exec-8] org.hibernate.SQL                        : select p1_0.id,p1_0.category,p1_0.name,p1_0.sku,p1_0.unit_of_measure from products p1_0 order by p1_0.name
2026-09-26T22:16:13.162+05:30 DEBUG 23996 --- [io-8080-exec-10] org.hibernate.SQL                        : select p1_0.id,p1_0.category,p1_0.name,p1_0.sku,p1_0.unit_of_measure from products p1_0 order by p1_0.name
2026-09-26T22:16:13.170+05:30 DEBUG 23996 --- [nio-8080-exec-8] org.hibernate.SQL                        : select sm1_0.product_id,cast(coalesce(sum(sm1_0.quantity_change),0) as integer) from stock_moves sm1_0 where sm1_0.status='CONFIRMED' group by sm1_0.product_id
2026-09-26T22:16:13.175+05:30 DEBUG 23996 --- [nio-8080-exec-8] org.hibernate.SQL                        : select sm1_0.product_id,sm1_0.location_id,l1_0.name,cast(coalesce(sum(sm1_0.quantity_change),0) as integer) from stock_moves sm1_0 join locations l1_0 on l1_0.id=sm1_0.location_id where sm1_0.status='CONFIRMED' group by sm1_0.product_id,sm1_0.location_id,l1_0.name
2026-09-26T22:16:13.175+05:30 DEBUG 23996 --- [nio-8080-exec-8] o.s.w.s.m.m.a.HttpEntityMethodProcessor  : Using 'application/json', given [*/*] and supported [application/json, application/*+json]
2026-09-26T22:16:13.186+05:30 DEBUG 23996 --- [nio-8080-exec-8] o.s.w.s.m.m.a.HttpEntityMethodProcessor  : Writing [[com.stocksense.dto.ProductResponseDto@795272b4, com.stocksense.dto.ProductResponseDto@3d04d50f, com (truncated)...]
2026-09-26T22:16:13.186+05:30 DEBUG 23996 --- [nio-8080-exec-8] o.s.web.servlet.DispatcherServlet        : Completed 200 OK
2026-09-26T22:16:13.191+05:30 DEBUG 23996 --- [io-8080-exec-10] org.hibernate.SQL                        : select sm1_0.product_id,cast(coalesce(sum(sm1_0.quantity_change),0) as integer) from stock_moves sm1_0 where sm1_0.status='CONFIRMED' group by sm1_0.product_id
2026-09-26T22:16:13.192+05:30 DEBUG 23996 --- [io-8080-exec-10] org.hibernate.SQL                        : select sm1_0.product_id,sm1_0.location_id,l1_0.name,cast(coalesce(sum(sm1_0.quantity_change),0) as integer) from stock_moves sm1_0 join locations l1_0 on l1_0.id=sm1_0.location_id where sm1_0.status='CONFIRMED' group by sm1_0.product_id,sm1_0.location_id,l1_0.name
2026-09-26T22:16:13.202+05:30 DEBUG 23996 --- [io-8080-exec-10] org.hibernate.SQL                        : select count(sm1_0.id) from stock_moves sm1_0 where sm1_0.status=? and sm1_0.move_type=?
2026-09-26T22:16:13.208+05:30 DEBUG 23996 --- [io-8080-exec-10] org.hibernate.SQL                        : select count(sm1_0.id) from stock_moves sm1_0 where sm1_0.status=? and sm1_0.move_type=?
2026-09-26T22:16:13.208+05:30 DEBUG 23996 --- [io-8080-exec-10] o.s.w.s.m.m.a.HttpEntityMethodProcessor  : Using 'application/json', given [*/*] and supported [application/json, application/*+json]
2026-09-26T22:16:13.208+05:30 DEBUG 23996 --- [io-8080-exec-10] o.s.w.s.m.m.a.HttpEntityMethodProcessor  : Writing [com.stocksense.dto.DashboardResponseDto@78b77136]
2026-09-26T22:16:13.208+05:30 DEBUG 23996 --- [io-8080-exec-10] o.s.web.servlet.DispatcherServlet        : Completed 200 OK
2026-09-26T22:16:43.185+05:30 DEBUG 23996 --- [nio-8080-exec-3] o.s.web.servlet.DispatcherServlet        : GET "/products", parameters={}
2026-09-26T22:16:43.185+05:30 DEBUG 23996 --- [nio-8080-exec-1] o.s.web.servlet.DispatcherServlet        : GET "/dashboard", parameters={}
2026-09-26T22:16:43.190+05:30 DEBUG 23996 --- [nio-8080-exec-3] s.w.s.m.m.a.RequestMappingHandlerMapping : Mapped to com.stocksense.controller.ProductController#listProducts()
2026-09-26T22:16:43.191+05:30 DEBUG 23996 --- [nio-8080-exec-1] s.w.s.m.m.a.RequestMappingHandlerMapping : Mapped to com.stocksense.controller.DashboardController#getDashboard()
2026-09-26T22:16:43.197+05:30 DEBUG 23996 --- [nio-8080-exec-1] org.hibernate.SQL                        : select p1_0.id,p1_0.category,p1_0.name,p1_0.sku,p1_0.unit_of_measure from products p1_0 order by p1_0.name
2026-09-26T22:16:43.197+05:30 DEBUG 23996 --- [nio-8080-exec-3] org.hibernate.SQL                        : select p1_0.id,p1_0.category,p1_0.name,p1_0.sku,p1_0.unit_of_measure from products p1_0 order by p1_0.name
2026-09-26T22:16:43.200+05:30 DEBUG 23996 --- [nio-8080-exec-1] org.hibernate.SQL                        : select sm1_0.product_id,cast(coalesce(sum(sm1_0.quantity_change),0) as integer) from stock_moves sm1_0 where sm1_0.status='CONFIRMED' group by sm1_0.product_id
2026-09-26T22:16:43.200+05:30 DEBUG 23996 --- [nio-8080-exec-3] org.hibernate.SQL                        : select sm1_0.product_id,cast(coalesce(sum(sm1_0.quantity_change),0) as integer) from stock_moves sm1_0 where sm1_0.status='CONFIRMED' group by sm1_0.product_id
2026-09-26T22:16:43.204+05:30 DEBUG 23996 --- [nio-8080-exec-1] org.hibernate.SQL                        : select sm1_0.product_id,sm1_0.location_id,l1_0.name,cast(coalesce(sum(sm1_0.quantity_change),0) as integer) from stock_moves sm1_0 join locations l1_0 on l1_0.id=sm1_0.location_id where sm1_0.status='CONFIRMED' group by sm1_0.product_id,sm1_0.location_id,l1_0.name
2026-09-26T22:16:43.204+05:30 DEBUG 23996 --- [nio-8080-exec-3] org.hibernate.SQL                        : select sm1_0.product_id,sm1_0.location_id,l1_0.name,cast(coalesce(sum(sm1_0.quantity_change),0) as integer) from stock_moves sm1_0 join locations l1_0 on l1_0.id=sm1_0.location_id where sm1_0.status='CONFIRMED' group by sm1_0.product_id,sm1_0.location_id,l1_0.name
2026-09-26T22:16:43.210+05:30 DEBUG 23996 --- [nio-8080-exec-3] o.s.w.s.m.m.a.HttpEntityMethodProcessor  : Using 'application/json', given [*/*] and supported [application/json, application/*+json]
2026-09-26T22:16:43.212+05:30 DEBUG 23996 --- [nio-8080-exec-3] o.s.w.s.m.m.a.HttpEntityMethodProcessor  : Writing [[com.stocksense.dto.ProductResponseDto@6366f9a9, com.stocksense.dto.ProductResponseDto@68aeeeeb, com (truncated)...]
2026-09-26T22:16:43.215+05:30 DEBUG 23996 --- [nio-8080-exec-3] o.s.web.servlet.DispatcherServlet        : Completed 200 OK
2026-09-26T22:16:43.219+05:30 DEBUG 23996 --- [nio-8080-exec-1] org.hibernate.SQL                        : select count(sm1_0.id) from stock_moves sm1_0 where sm1_0.status=? and sm1_0.move_type=?
2026-09-26T22:16:43.225+05:30 DEBUG 23996 --- [nio-8080-exec-1] org.hibernate.SQL                        : select count(sm1_0.id) from stock_moves sm1_0 where sm1_0.status=? and sm1_0.move_type=?
2026-09-26T22:16:43.225+05:30 DEBUG 23996 --- [nio-8080-exec-1] o.s.w.s.m.m.a.HttpEntityMethodProcessor  : Using 'application/json', given [*/*] and supported [application/json, application/*+json]
2026-09-26T22:16:43.225+05:30 DEBUG 23996 --- [nio-8080-exec-1] o.s.w.s.m.m.a.HttpEntityMethodProcessor  : Writing [com.stocksense.dto.DashboardResponseDto@6d219a04]
2026-09-26T22:16:43.225+05:30 DEBUG 23996 --- [nio-8080-exec-1] o.s.web.servlet.DispatcherServlet        : Completed 200 OK
2026-09-26T22:17:13.173+05:30 DEBUG 23996 --- [nio-8080-exec-5] o.s.web.servlet.DispatcherServlet        : GET "/products", parameters={}
2026-09-26T22:17:13.176+05:30 DEBUG 23996 --- [nio-8080-exec-6] o.s.web.servlet.DispatcherServlet        : GET "/dashboard", parameters={}
2026-09-26T22:17:13.176+05:30 DEBUG 23996 --- [nio-8080-exec-5] s.w.s.m.m.a.RequestMappingHandlerMapping : Mapped to com.stocksense.controller.ProductController#listProducts()
2026-09-26T22:17:13.178+05:30 DEBUG 23996 --- [nio-8080-exec-6] s.w.s.m.m.a.RequestMappingHandlerMapping : Mapped to com.stocksense.controller.DashboardController#getDashboard()
2026-09-26T22:17:13.186+05:30 DEBUG 23996 --- [nio-8080-exec-5] org.hibernate.SQL                        : select p1_0.id,p1_0.category,p1_0.name,p1_0.sku,p1_0.unit_of_measure from products p1_0 order by p1_0.name
2026-09-26T22:17:13.188+05:30 DEBUG 23996 --- [nio-8080-exec-6] org.hibernate.SQL                        : select p1_0.id,p1_0.category,p1_0.name,p1_0.sku,p1_0.unit_of_measure from products p1_0 order by p1_0.name
2026-09-26T22:17:13.191+05:30 DEBUG 23996 --- [nio-8080-exec-5] org.hibernate.SQL                        : select sm1_0.product_id,cast(coalesce(sum(sm1_0.quantity_change),0) as integer) from stock_moves sm1_0 where sm1_0.status='CONFIRMED' group by sm1_0.product_id
2026-09-26T22:17:13.191+05:30 DEBUG 23996 --- [nio-8080-exec-6] org.hibernate.SQL                        : select sm1_0.product_id,cast(coalesce(sum(sm1_0.quantity_change),0) as integer) from stock_moves sm1_0 where sm1_0.status='CONFIRMED' group by sm1_0.product_id
2026-09-26T22:17:13.197+05:30 DEBUG 23996 --- [nio-8080-exec-6] org.hibernate.SQL                        : select sm1_0.product_id,sm1_0.location_id,l1_0.name,cast(coalesce(sum(sm1_0.quantity_change),0) as integer) from stock_moves sm1_0 join locations l1_0 on l1_0.id=sm1_0.location_id where sm1_0.status='CONFIRMED' group by sm1_0.product_id,sm1_0.location_id,l1_0.name
2026-09-26T22:17:13.197+05:30 DEBUG 23996 --- [nio-8080-exec-5] org.hibernate.SQL                        : select sm1_0.product_id,sm1_0.location_id,l1_0.name,cast(coalesce(sum(sm1_0.quantity_change),0) as integer) from stock_moves sm1_0 join locations l1_0 on l1_0.id=sm1_0.location_id where sm1_0.status='CONFIRMED' group by sm1_0.product_id,sm1_0.location_id,l1_0.name
2026-09-26T22:17:13.208+05:30 DEBUG 23996 --- [nio-8080-exec-5] o.s.w.s.m.m.a.HttpEntityMethodProcessor  : Using 'application/json', given [*/*] and supported [application/json, application/*+json]
2026-09-26T22:17:13.210+05:30 DEBUG 23996 --- [nio-8080-exec-5] o.s.w.s.m.m.a.HttpEntityMethodProcessor  : Writing [[com.stocksense.dto.ProductResponseDto@1a1cd683, com.stocksense.dto.ProductResponseDto@5de2b585, com (truncated)...]
2026-09-26T22:17:13.210+05:30 DEBUG 23996 --- [nio-8080-exec-6] org.hibernate.SQL                        : select count(sm1_0.id) from stock_moves sm1_0 where sm1_0.status=? and sm1_0.move_type=?
2026-09-26T22:17:13.212+05:30 DEBUG 23996 --- [nio-8080-exec-5] o.s.web.servlet.DispatcherServlet        : Completed 200 OK
2026-09-26T22:17:13.223+05:30 DEBUG 23996 --- [nio-8080-exec-6] org.hibernate.SQL                        : select count(sm1_0.id) from stock_moves sm1_0 where sm1_0.status=? and sm1_0.move_type=?
2026-09-26T22:17:13.228+05:30 DEBUG 23996 --- [nio-8080-exec-6] o.s.w.s.m.m.a.HttpEntityMethodProcessor  : Using 'application/json', given [*/*] and supported [application/json, application/*+json]
2026-09-26T22:17:13.228+05:30 DEBUG 23996 --- [nio-8080-exec-6] o.s.w.s.m.m.a.HttpEntityMethodProcessor  : Writing [com.stocksense.dto.DashboardResponseDto@3561faf8]
2026-09-26T22:17:13.235+05:30 DEBUG 23996 --- [nio-8080-exec-6] o.s.web.servlet.DispatcherServlet        : Completed 200 OK
2026-09-26T22:17:43.162+05:30 DEBUG 23996 --- [nio-8080-exec-4] o.s.web.servlet.DispatcherServlet        : GET "/products", parameters={}
2026-09-26T22:17:43.162+05:30 DEBUG 23996 --- [nio-8080-exec-9] o.s.web.servlet.DispatcherServlet        : GET "/dashboard", parameters={}
2026-09-26T22:17:43.162+05:30 DEBUG 23996 --- [nio-8080-exec-4] s.w.s.m.m.a.RequestMappingHandlerMapping : Mapped to com.stocksense.controller.ProductController#listProducts()
2026-09-26T22:17:43.162+05:30 DEBUG 23996 --- [nio-8080-exec-9] s.w.s.m.m.a.RequestMappingHandlerMapping : Mapped to com.stocksense.controller.DashboardController#getDashboard()
2026-09-26T22:17:43.177+05:30 DEBUG 23996 --- [nio-8080-exec-9] org.hibernate.SQL                        : select p1_0.id,p1_0.category,p1_0.name,p1_0.sku,p1_0.unit_of_measure from products p1_0 order by p1_0.name
2026-09-26T22:17:43.177+05:30 DEBUG 23996 --- [nio-8080-exec-4] org.hibernate.SQL                        : select p1_0.id,p1_0.category,p1_0.name,p1_0.sku,p1_0.unit_of_measure from products p1_0 order by p1_0.name
2026-09-26T22:17:43.177+05:30 DEBUG 23996 --- [nio-8080-exec-9] org.hibernate.SQL                        : select sm1_0.product_id,cast(coalesce(sum(sm1_0.quantity_change),0) as integer) from stock_moves sm1_0 where sm1_0.status='CONFIRMED' group by sm1_0.product_id
2026-09-26T22:17:43.187+05:30 DEBUG 23996 --- [nio-8080-exec-4] org.hibernate.SQL                        : select sm1_0.product_id,cast(coalesce(sum(sm1_0.quantity_change),0) as integer) from stock_moves sm1_0 where sm1_0.status='CONFIRMED' group by sm1_0.product_id
2026-09-26T22:17:43.191+05:30 DEBUG 23996 --- [nio-8080-exec-9] org.hibernate.SQL                        : select sm1_0.product_id,sm1_0.location_id,l1_0.name,cast(coalesce(sum(sm1_0.quantity_change),0) as integer) from stock_moves sm1_0 join locations l1_0 on l1_0.id=sm1_0.location_id where sm1_0.status='CONFIRMED' group by sm1_0.product_id,sm1_0.location_id,l1_0.name
2026-09-26T22:17:43.191+05:30 DEBUG 23996 --- [nio-8080-exec-4] org.hibernate.SQL                        : select sm1_0.product_id,sm1_0.location_id,l1_0.name,cast(coalesce(sum(sm1_0.quantity_change),0) as integer) from stock_moves sm1_0 join locations l1_0 on l1_0.id=sm1_0.location_id where sm1_0.status='CONFIRMED' group by sm1_0.product_id,sm1_0.location_id,l1_0.name
2026-09-26T22:17:43.203+05:30 DEBUG 23996 --- [nio-8080-exec-9] org.hibernate.SQL                        : select count(sm1_0.id) from stock_moves sm1_0 where sm1_0.status=? and sm1_0.move_type=?
2026-09-26T22:17:43.205+05:30 DEBUG 23996 --- [nio-8080-exec-4] o.s.w.s.m.m.a.HttpEntityMethodProcessor  : Using 'application/json', given [*/*] and supported [application/json, application/*+json]
2026-09-26T22:17:43.208+05:30 DEBUG 23996 --- [nio-8080-exec-4] o.s.w.s.m.m.a.HttpEntityMethodProcessor  : Writing [[com.stocksense.dto.ProductResponseDto@6593179, com.stocksense.dto.ProductResponseDto@41ae772e, com. (truncated)...]
2026-09-26T22:17:43.211+05:30 DEBUG 23996 --- [nio-8080-exec-9] org.hibernate.SQL                        : select count(sm1_0.id) from stock_moves sm1_0 where sm1_0.status=? and sm1_0.move_type=?
2026-09-26T22:17:43.214+05:30 DEBUG 23996 --- [nio-8080-exec-4] o.s.web.servlet.DispatcherServlet        : Completed 200 OK
2026-09-26T22:17:43.214+05:30 DEBUG 23996 --- [nio-8080-exec-9] o.s.w.s.m.m.a.HttpEntityMethodProcessor  : Using 'application/json', given [*/*] and supported [application/json, application/*+json]
2026-09-26T22:17:43.214+05:30 DEBUG 23996 --- [nio-8080-exec-9] o.s.w.s.m.m.a.HttpEntityMethodProcessor  : Writing [com.stocksense.dto.DashboardResponseDto@48646682]
2026-09-26T22:17:43.220+05:30 DEBUG 23996 --- [nio-8080-exec-9] o.s.web.servlet.DispatcherServlet        : Completed 200 OK
2026-09-26T22:18:13.170+05:30 DEBUG 23996 --- [nio-8080-exec-7] o.s.web.servlet.DispatcherServlet        : GET "/dashboard", parameters={}
2026-09-26T22:18:13.172+05:30 DEBUG 23996 --- [nio-8080-exec-2] o.s.web.servlet.DispatcherServlet        : GET "/products", parameters={}
2026-09-26T22:18:13.172+05:30 DEBUG 23996 --- [nio-8080-exec-7] s.w.s.m.m.a.RequestMappingHandlerMapping : Mapped to com.stocksense.controller.DashboardController#getDashboard()
2026-09-26T22:18:13.172+05:30 DEBUG 23996 --- [nio-8080-exec-2] s.w.s.m.m.a.RequestMappingHandlerMapping : Mapped to com.stocksense.controller.ProductController#listProducts()
2026-09-26T22:18:13.176+05:30 DEBUG 23996 --- [nio-8080-exec-7] org.hibernate.SQL                        : select p1_0.id,p1_0.category,p1_0.name,p1_0.sku,p1_0.unit_of_measure from products p1_0 order by p1_0.name
2026-09-26T22:18:13.176+05:30 DEBUG 23996 --- [nio-8080-exec-2] org.hibernate.SQL                        : select p1_0.id,p1_0.category,p1_0.name,p1_0.sku,p1_0.unit_of_measure from products p1_0 order by p1_0.name
2026-09-26T22:18:13.176+05:30 DEBUG 23996 --- [nio-8080-exec-7] org.hibernate.SQL                        : select sm1_0.product_id,cast(coalesce(sum(sm1_0.quantity_change),0) as integer) from stock_moves sm1_0 where sm1_0.status='CONFIRMED' group by sm1_0.product_id
2026-09-26T22:18:13.180+05:30 DEBUG 23996 --- [nio-8080-exec-2] org.hibernate.SQL                        : select sm1_0.product_id,cast(coalesce(sum(sm1_0.quantity_change),0) as integer) from stock_moves sm1_0 where sm1_0.status='CONFIRMED' group by sm1_0.product_id
2026-09-26T22:18:13.180+05:30 DEBUG 23996 --- [nio-8080-exec-7] org.hibernate.SQL                        : select sm1_0.product_id,sm1_0.location_id,l1_0.name,cast(coalesce(sum(sm1_0.quantity_change),0) as integer) from stock_moves sm1_0 join locations l1_0 on l1_0.id=sm1_0.location_id where sm1_0.status='CONFIRMED' group by sm1_0.product_id,sm1_0.location_id,l1_0.name
2026-09-26T22:18:13.184+05:30 DEBUG 23996 --- [nio-8080-exec-2] org.hibernate.SQL                        : select sm1_0.product_id,sm1_0.location_id,l1_0.name,cast(coalesce(sum(sm1_0.quantity_change),0) as integer) from stock_moves sm1_0 join locations l1_0 on l1_0.id=sm1_0.location_id where sm1_0.status='CONFIRMED' group by sm1_0.product_id,sm1_0.location_id,l1_0.name
2026-09-26T22:18:13.188+05:30 DEBUG 23996 --- [nio-8080-exec-2] o.s.w.s.m.m.a.HttpEntityMethodProcessor  : Using 'application/json', given [*/*] and supported [application/json, application/*+json]
2026-09-26T22:18:13.196+05:30 DEBUG 23996 --- [nio-8080-exec-2] o.s.w.s.m.m.a.HttpEntityMethodProcessor  : Writing [[com.stocksense.dto.ProductResponseDto@29d8f48a, com.stocksense.dto.ProductResponseDto@4ba9d79e, com (truncated)...]
2026-09-26T22:18:13.198+05:30 DEBUG 23996 --- [nio-8080-exec-7] org.hibernate.SQL                        : select count(sm1_0.id) from stock_moves sm1_0 where sm1_0.status=? and sm1_0.move_type=?
2026-09-26T22:18:13.201+05:30 DEBUG 23996 --- [nio-8080-exec-2] o.s.web.servlet.DispatcherServlet        : Completed 200 OK
2026-09-26T22:18:13.205+05:30 DEBUG 23996 --- [nio-8080-exec-7] org.hibernate.SQL                        : select count(sm1_0.id) from stock_moves sm1_0 where sm1_0.status=? and sm1_0.move_type=?
2026-09-26T22:18:13.208+05:30 DEBUG 23996 --- [nio-8080-exec-7] o.s.w.s.m.m.a.HttpEntityMethodProcessor  : Using 'application/json', given [*/*] and supported [application/json, application/*+json]
2026-09-26T22:18:13.208+05:30 DEBUG 23996 --- [nio-8080-exec-7] o.s.w.s.m.m.a.HttpEntityMethodProcessor  : Writing [com.stocksense.dto.DashboardResponseDto@5cb6e699]
2026-09-26T22:18:13.212+05:30 DEBUG 23996 --- [nio-8080-exec-7] o.s.web.servlet.DispatcherServlet        : Completed 200 OK
2026-09-26T22:18:46.405+05:30 DEBUG 23996 --- [io-8080-exec-10] o.s.web.servlet.DispatcherServlet        : GET "/products", parameters={}
2026-09-26T22:18:46.409+05:30 DEBUG 23996 --- [io-8080-exec-10] s.w.s.m.m.a.RequestMappingHandlerMapping : Mapped to com.stocksense.controller.ProductController#listProducts()
2026-09-26T22:18:46.407+05:30 DEBUG 23996 --- [nio-8080-exec-8] o.s.web.servlet.DispatcherServlet        : GET "/dashboard", parameters={}
2026-09-26T22:18:46.416+05:30 DEBUG 23996 --- [nio-8080-exec-8] s.w.s.m.m.a.RequestMappingHandlerMapping : Mapped to com.stocksense.controller.DashboardController#getDashboard()
2026-09-26T22:18:46.418+05:30 DEBUG 23996 --- [io-8080-exec-10] org.hibernate.SQL                        : select p1_0.id,p1_0.category,p1_0.name,p1_0.sku,p1_0.unit_of_measure from products p1_0 order by p1_0.name
2026-09-26T22:18:46.426+05:30 DEBUG 23996 --- [io-8080-exec-10] org.hibernate.SQL                        : select sm1_0.product_id,cast(coalesce(sum(sm1_0.quantity_change),0) as integer) from stock_moves sm1_0 where sm1_0.status='CONFIRMED' group by sm1_0.product_id
2026-09-26T22:18:46.429+05:30 DEBUG 23996 --- [nio-8080-exec-8] org.hibernate.SQL                        : select p1_0.id,p1_0.category,p1_0.name,p1_0.sku,p1_0.unit_of_measure from products p1_0 order by p1_0.name
2026-09-26T22:18:46.433+05:30 DEBUG 23996 --- [io-8080-exec-10] org.hibernate.SQL                        : select sm1_0.product_id,sm1_0.location_id,l1_0.name,cast(coalesce(sum(sm1_0.quantity_change),0) as integer) from stock_moves sm1_0 join locations l1_0 on l1_0.id=sm1_0.location_id where sm1_0.status='CONFIRMED' group by sm1_0.product_id,sm1_0.location_id,l1_0.name
2026-09-26T22:18:46.437+05:30 DEBUG 23996 --- [nio-8080-exec-8] org.hibernate.SQL                        : select sm1_0.product_id,cast(coalesce(sum(sm1_0.quantity_change),0) as integer) from stock_moves sm1_0 where sm1_0.status='CONFIRMED' group by sm1_0.product_id
2026-09-26T22:18:46.443+05:30 DEBUG 23996 --- [io-8080-exec-10] o.s.w.s.m.m.a.HttpEntityMethodProcessor  : Using 'application/json', given [*/*] and supported [application/json, application/*+json]
2026-09-26T22:18:46.445+05:30 DEBUG 23996 --- [io-8080-exec-10] o.s.w.s.m.m.a.HttpEntityMethodProcessor  : Writing [[com.stocksense.dto.ProductResponseDto@71287097, com.stocksense.dto.ProductResponseDto@1d3bfddc, com (truncated)...]
2026-09-26T22:18:46.452+05:30 DEBUG 23996 --- [io-8080-exec-10] o.s.web.servlet.DispatcherServlet        : Completed 200 OK
2026-09-26T22:18:46.457+05:30 DEBUG 23996 --- [nio-8080-exec-8] org.hibernate.SQL                        : select sm1_0.product_id,sm1_0.location_id,l1_0.name,cast(coalesce(sum(sm1_0.quantity_change),0) as integer) from stock_moves sm1_0 join locations l1_0 on l1_0.id=sm1_0.location_id where sm1_0.status='CONFIRMED' group by sm1_0.product_id,sm1_0.location_id,l1_0.name
2026-09-26T22:18:46.482+05:30 DEBUG 23996 --- [nio-8080-exec-8] org.hibernate.SQL                        : select count(sm1_0.id) from stock_moves sm1_0 where sm1_0.status=? and sm1_0.move_type=?
2026-09-26T22:18:46.491+05:30 DEBUG 23996 --- [nio-8080-exec-8] org.hibernate.SQL                        : select count(sm1_0.id) from stock_moves sm1_0 where sm1_0.status=? and sm1_0.move_type=?
2026-09-26T22:18:46.494+05:30 DEBUG 23996 --- [nio-8080-exec-8] o.s.w.s.m.m.a.HttpEntityMethodProcessor  : Using 'application/json', given [*/*] and supported [application/json, application/*+json]
2026-09-26T22:18:46.496+05:30 DEBUG 23996 --- [nio-8080-exec-8] o.s.w.s.m.m.a.HttpEntityMethodProcessor  : Writing [com.stocksense.dto.DashboardResponseDto@53fd5db9]
2026-09-26T22:18:46.498+05:30 DEBUG 23996 --- [nio-8080-exec-8] o.s.web.servlet.DispatcherServlet        : Completed 200 OK
2026-09-26T22:18:59.094+05:30 DEBUG 23996 --- [nio-8080-exec-3] o.s.web.servlet.DispatcherServlet        : GET "/", parameters={}
2026-09-26T22:18:59.097+05:30 DEBUG 23996 --- [nio-8080-exec-3] o.s.w.s.handler.SimpleUrlHandlerMapping  : Mapped to ParameterizableViewController [view="forward:/index.html"]
2026-09-26T22:18:59.107+05:30 DEBUG 23996 --- [nio-8080-exec-3] o.s.w.s.v.ContentNegotiatingViewResolver : Selected '*/*' given [*/*]
2026-09-26T22:18:59.107+05:30 DEBUG 23996 --- [nio-8080-exec-3] o.s.w.servlet.view.InternalResourceView  : View name [forward:], model {}
2026-09-26T22:18:59.114+05:30 DEBUG 23996 --- [nio-8080-exec-3] o.s.w.servlet.view.InternalResourceView  : Forwarding to [/index.html]
2026-09-26T22:18:59.117+05:30 DEBUG 23996 --- [nio-8080-exec-3] o.s.web.servlet.DispatcherServlet        : "FORWARD" dispatch for GET "/index.html", parameters={}
2026-09-26T22:18:59.120+05:30 DEBUG 23996 --- [nio-8080-exec-3] o.s.w.s.handler.SimpleUrlHandlerMapping  : Mapped to ResourceHttpRequestHandler [URL [file:frontend/], classpath [static/]]
2026-09-26T22:18:59.130+05:30 DEBUG 23996 --- [nio-8080-exec-3] o.s.web.servlet.DispatcherServlet        : Exiting from "FORWARD" dispatch, status 200
2026-09-26T22:18:59.130+05:30 DEBUG 23996 --- [nio-8080-exec-3] o.s.web.servlet.DispatcherServlet        : Completed 200 OK
2026-09-26T22:18:59.238+05:30 DEBUG 23996 --- [nio-8080-exec-1] o.s.web.servlet.DispatcherServlet        : GET "/utils.js", parameters={}
2026-09-26T22:18:59.238+05:30 DEBUG 23996 --- [nio-8080-exec-1] o.s.w.s.handler.SimpleUrlHandlerMapping  : Mapped to ResourceHttpRequestHandler [URL [file:frontend/], classpath [static/]]
2026-09-26T22:18:59.243+05:30 DEBUG 23996 --- [nio-8080-exec-1] o.s.web.servlet.DispatcherServlet        : Completed 200 OK
2026-09-26T22:19:02.804+05:30 DEBUG 23996 --- [nio-8080-exec-5] o.s.web.servlet.DispatcherServlet        : GET "/adjustment.html", parameters={}
2026-09-26T22:19:02.804+05:30 DEBUG 23996 --- [nio-8080-exec-5] o.s.w.s.handler.SimpleUrlHandlerMapping  : Mapped to ResourceHttpRequestHandler [URL [file:frontend/], classpath [static/]]
2026-09-26T22:19:02.819+05:30 DEBUG 23996 --- [nio-8080-exec-5] o.s.web.servlet.DispatcherServlet        : Completed 200 OK
2026-09-26T22:19:02.950+05:30 DEBUG 23996 --- [nio-8080-exec-6] o.s.web.servlet.DispatcherServlet        : GET "/delivery.html", parameters={}
2026-09-26T22:19:02.952+05:30 DEBUG 23996 --- [nio-8080-exec-6] o.s.w.s.handler.SimpleUrlHandlerMapping  : Mapped to ResourceHttpRequestHandler [URL [file:frontend/], classpath [static/]]
2026-09-26T22:19:02.954+05:30 DEBUG 23996 --- [nio-8080-exec-6] o.s.web.servlet.DispatcherServlet        : Completed 200 OK
2026-09-26T22:19:03.186+05:30 DEBUG 23996 --- [nio-8080-exec-4] o.s.web.servlet.DispatcherServlet        : GET "/history.html", parameters={}
2026-09-26T22:19:03.188+05:30 DEBUG 23996 --- [nio-8080-exec-4] o.s.w.s.handler.SimpleUrlHandlerMapping  : Mapped to ResourceHttpRequestHandler [URL [file:frontend/], classpath [static/]]
2026-09-26T22:19:03.192+05:30 DEBUG 23996 --- [nio-8080-exec-4] o.s.web.servlet.DispatcherServlet        : Completed 200 OK
2026-09-26T22:19:03.250+05:30 DEBUG 23996 --- [nio-8080-exec-9] o.s.web.servlet.DispatcherServlet        : GET "/index.html", parameters={}
2026-09-26T22:19:03.250+05:30 DEBUG 23996 --- [nio-8080-exec-9] o.s.w.s.handler.SimpleUrlHandlerMapping  : Mapped to ResourceHttpRequestHandler [URL [file:frontend/], classpath [static/]]
2026-09-26T22:19:03.252+05:30 DEBUG 23996 --- [nio-8080-exec-9] o.s.web.servlet.DispatcherServlet        : Completed 200 OK
2026-09-26T22:19:03.305+05:30 DEBUG 23996 --- [nio-8080-exec-2] o.s.web.servlet.DispatcherServlet        : GET "/login.html", parameters={}
2026-09-26T22:19:03.305+05:30 DEBUG 23996 --- [nio-8080-exec-2] o.s.w.s.handler.SimpleUrlHandlerMapping  : Mapped to ResourceHttpRequestHandler [URL [file:frontend/], classpath [static/]]
2026-09-26T22:19:03.305+05:30 DEBUG 23996 --- [nio-8080-exec-2] o.s.web.servlet.DispatcherServlet        : Completed 200 OK
2026-09-26T22:19:03.335+05:30 DEBUG 23996 --- [nio-8080-exec-7] o.s.web.servlet.DispatcherServlet        : GET "/pending.html", parameters={}
2026-09-26T22:19:03.335+05:30 DEBUG 23996 --- [nio-8080-exec-7] o.s.w.s.handler.SimpleUrlHandlerMapping  : Mapped to ResourceHttpRequestHandler [URL [file:frontend/], classpath [static/]]
2026-09-26T22:19:03.335+05:30 DEBUG 23996 --- [nio-8080-exec-7] o.s.web.servlet.DispatcherServlet        : Completed 200 OK
2026-09-26T22:19:03.363+05:30 DEBUG 23996 --- [io-8080-exec-10] o.s.web.servlet.DispatcherServlet        : GET "/products.html", parameters={}
2026-09-26T22:19:03.367+05:30 DEBUG 23996 --- [io-8080-exec-10] o.s.w.s.handler.SimpleUrlHandlerMapping  : Mapped to ResourceHttpRequestHandler [URL [file:frontend/], classpath [static/]]
2026-09-26T22:19:03.369+05:30 DEBUG 23996 --- [io-8080-exec-10] o.s.web.servlet.DispatcherServlet        : Completed 200 OK
2026-09-26T22:19:03.419+05:30 DEBUG 23996 --- [nio-8080-exec-8] o.s.web.servlet.DispatcherServlet        : GET "/profile.html", parameters={}
2026-09-26T22:19:03.419+05:30 DEBUG 23996 --- [nio-8080-exec-8] o.s.w.s.handler.SimpleUrlHandlerMapping  : Mapped to ResourceHttpRequestHandler [URL [file:frontend/], classpath [static/]]
2026-09-26T22:19:03.425+05:30 DEBUG 23996 --- [nio-8080-exec-8] o.s.web.servlet.DispatcherServlet        : Completed 200 OK
2026-09-26T22:19:03.450+05:30 DEBUG 23996 --- [nio-8080-exec-3] o.s.web.servlet.DispatcherServlet        : GET "/receipt.html", parameters={}
2026-09-26T22:19:03.452+05:30 DEBUG 23996 --- [nio-8080-exec-3] o.s.w.s.handler.SimpleUrlHandlerMapping  : Mapped to ResourceHttpRequestHandler [URL [file:frontend/], classpath [static/]]
2026-09-26T22:19:03.455+05:30 DEBUG 23996 --- [nio-8080-exec-3] o.s.web.servlet.DispatcherServlet        : Completed 200 OK
2026-09-26T22:19:03.493+05:30 DEBUG 23996 --- [nio-8080-exec-1] o.s.web.servlet.DispatcherServlet        : GET "/settings.html", parameters={}
2026-09-26T22:19:03.494+05:30 DEBUG 23996 --- [nio-8080-exec-1] o.s.w.s.handler.SimpleUrlHandlerMapping  : Mapped to ResourceHttpRequestHandler [URL [file:frontend/], classpath [static/]]
2026-09-26T22:19:03.494+05:30 DEBUG 23996 --- [nio-8080-exec-1] o.s.web.servlet.DispatcherServlet        : Completed 200 OK
2026-09-26T22:19:03.535+05:30 DEBUG 23996 --- [nio-8080-exec-5] o.s.web.servlet.DispatcherServlet        : GET "/signup.html", parameters={}
2026-09-26T22:19:03.541+05:30 DEBUG 23996 --- [nio-8080-exec-5] o.s.w.s.handler.SimpleUrlHandlerMapping  : Mapped to ResourceHttpRequestHandler [URL [file:frontend/], classpath [static/]]
2026-09-26T22:19:03.542+05:30 DEBUG 23996 --- [nio-8080-exec-5] o.s.web.servlet.DispatcherServlet        : Completed 200 OK
2026-09-26T22:19:03.582+05:30 DEBUG 23996 --- [nio-8080-exec-6] o.s.web.servlet.DispatcherServlet        : GET "/transfer.html", parameters={}
2026-09-26T22:19:03.582+05:30 DEBUG 23996 --- [nio-8080-exec-6] o.s.w.s.handler.SimpleUrlHandlerMapping  : Mapped to ResourceHttpRequestHandler [URL [file:frontend/], classpath [static/]]
2026-09-26T22:19:03.587+05:30 DEBUG 23996 --- [nio-8080-exec-6] o.s.web.servlet.DispatcherServlet        : Completed 200 OK
2026-09-26T22:19:13.160+05:30 DEBUG 23996 --- [nio-8080-exec-2] o.s.web.servlet.DispatcherServlet        : GET "/products", parameters={}
2026-09-26T22:19:13.160+05:30 DEBUG 23996 --- [nio-8080-exec-9] o.s.web.servlet.DispatcherServlet        : GET "/dashboard", parameters={}
2026-09-26T22:19:13.162+05:30 DEBUG 23996 --- [nio-8080-exec-2] s.w.s.m.m.a.RequestMappingHandlerMapping : Mapped to com.stocksense.controller.ProductController#listProducts()
2026-09-26T22:19:13.162+05:30 DEBUG 23996 --- [nio-8080-exec-9] s.w.s.m.m.a.RequestMappingHandlerMapping : Mapped to com.stocksense.controller.DashboardController#getDashboard()
2026-09-26T22:19:13.169+05:30 DEBUG 23996 --- [nio-8080-exec-2] org.hibernate.SQL                        : select p1_0.id,p1_0.category,p1_0.name,p1_0.sku,p1_0.unit_of_measure from products p1_0 order by p1_0.name
2026-09-26T22:19:13.169+05:30 DEBUG 23996 --- [nio-8080-exec-9] org.hibernate.SQL                        : select p1_0.id,p1_0.category,p1_0.name,p1_0.sku,p1_0.unit_of_measure from products p1_0 order by p1_0.name
2026-09-26T22:19:13.175+05:30 DEBUG 23996 --- [nio-8080-exec-9] org.hibernate.SQL                        : select sm1_0.product_id,cast(coalesce(sum(sm1_0.quantity_change),0) as integer) from stock_moves sm1_0 where sm1_0.status='CONFIRMED' group by sm1_0.product_id
2026-09-26T22:19:13.179+05:30 DEBUG 23996 --- [nio-8080-exec-2] org.hibernate.SQL                        : select sm1_0.product_id,cast(coalesce(sum(sm1_0.quantity_change),0) as integer) from stock_moves sm1_0 where sm1_0.status='CONFIRMED' group by sm1_0.product_id
2026-09-26T22:19:13.181+05:30 DEBUG 23996 --- [nio-8080-exec-9] org.hibernate.SQL                        : select sm1_0.product_id,sm1_0.location_id,l1_0.name,cast(coalesce(sum(sm1_0.quantity_change),0) as integer) from stock_moves sm1_0 join locations l1_0 on l1_0.id=sm1_0.location_id where sm1_0.status='CONFIRMED' group by sm1_0.product_id,sm1_0.location_id,l1_0.name
2026-09-26T22:19:13.186+05:30 DEBUG 23996 --- [nio-8080-exec-2] org.hibernate.SQL                        : select sm1_0.product_id,sm1_0.location_id,l1_0.name,cast(coalesce(sum(sm1_0.quantity_change),0) as integer) from stock_moves sm1_0 join locations l1_0 on l1_0.id=sm1_0.location_id where sm1_0.status='CONFIRMED' group by sm1_0.product_id,sm1_0.location_id,l1_0.name
2026-09-26T22:19:13.190+05:30 DEBUG 23996 --- [nio-8080-exec-9] org.hibernate.SQL                        : select count(sm1_0.id) from stock_moves sm1_0 where sm1_0.status=? and sm1_0.move_type=?
2026-09-26T22:19:13.194+05:30 DEBUG 23996 --- [nio-8080-exec-2] o.s.w.s.m.m.a.HttpEntityMethodProcessor  : Using 'application/json', given [*/*] and supported [application/json, application/*+json]
2026-09-26T22:19:13.194+05:30 DEBUG 23996 --- [nio-8080-exec-2] o.s.w.s.m.m.a.HttpEntityMethodProcessor  : Writing [[com.stocksense.dto.ProductResponseDto@168380ed, com.stocksense.dto.ProductResponseDto@555d5629, com (truncated)...]
2026-09-26T22:19:13.194+05:30 DEBUG 23996 --- [nio-8080-exec-9] org.hibernate.SQL                        : select count(sm1_0.id) from stock_moves sm1_0 where sm1_0.status=? and sm1_0.move_type=?
2026-09-26T22:19:13.194+05:30 DEBUG 23996 --- [nio-8080-exec-2] o.s.web.servlet.DispatcherServlet        : Completed 200 OK
2026-09-26T22:19:13.201+05:30 DEBUG 23996 --- [nio-8080-exec-9] o.s.w.s.m.m.a.HttpEntityMethodProcessor  : Using 'application/json', given [*/*] and supported [application/json, application/*+json]
2026-09-26T22:19:13.203+05:30 DEBUG 23996 --- [nio-8080-exec-9] o.s.w.s.m.m.a.HttpEntityMethodProcessor  : Writing [com.stocksense.dto.DashboardResponseDto@1a6ad42b]
2026-09-26T22:19:13.206+05:30 DEBUG 23996 --- [nio-8080-exec-9] o.s.web.servlet.DispatcherServlet        : Completed 200 OK
2026-09-26T22:19:43.162+05:30 DEBUG 23996 --- [io-8080-exec-10] o.s.web.servlet.DispatcherServlet        : GET "/products", parameters={}
2026-09-26T22:19:43.162+05:30 DEBUG 23996 --- [nio-8080-exec-7] o.s.web.servlet.DispatcherServlet        : GET "/dashboard", parameters={}
2026-09-26T22:19:43.166+05:30 DEBUG 23996 --- [io-8080-exec-10] s.w.s.m.m.a.RequestMappingHandlerMapping : Mapped to com.stocksense.controller.ProductController#listProducts()
2026-09-26T22:19:43.166+05:30 DEBUG 23996 --- [nio-8080-exec-7] s.w.s.m.m.a.RequestMappingHandlerMapping : Mapped to com.stocksense.controller.DashboardController#getDashboard()
2026-09-26T22:19:43.174+05:30 DEBUG 23996 --- [io-8080-exec-10] org.hibernate.SQL                        : select p1_0.id,p1_0.category,p1_0.name,p1_0.sku,p1_0.unit_of_measure from products p1_0 order by p1_0.name
2026-09-26T22:19:43.176+05:30 DEBUG 23996 --- [nio-8080-exec-7] org.hibernate.SQL                        : select p1_0.id,p1_0.category,p1_0.name,p1_0.sku,p1_0.unit_of_measure from products p1_0 order by p1_0.name
2026-09-26T22:19:43.178+05:30 DEBUG 23996 --- [io-8080-exec-10] org.hibernate.SQL                        : select sm1_0.product_id,cast(coalesce(sum(sm1_0.quantity_change),0) as integer) from stock_moves sm1_0 where sm1_0.status='CONFIRMED' group by sm1_0.product_id
2026-09-26T22:19:43.181+05:30 DEBUG 23996 --- [nio-8080-exec-7] org.hibernate.SQL                        : select sm1_0.product_id,cast(coalesce(sum(sm1_0.quantity_change),0) as integer) from stock_moves sm1_0 where sm1_0.status='CONFIRMED' group by sm1_0.product_id
2026-09-26T22:19:43.183+05:30 DEBUG 23996 --- [io-8080-exec-10] org.hibernate.SQL                        : select sm1_0.product_id,sm1_0.location_id,l1_0.name,cast(coalesce(sum(sm1_0.quantity_change),0) as integer) from stock_moves sm1_0 join locations l1_0 on l1_0.id=sm1_0.location_id where sm1_0.status='CONFIRMED' group by sm1_0.product_id,sm1_0.location_id,l1_0.name
2026-09-26T22:19:43.183+05:30 DEBUG 23996 --- [nio-8080-exec-7] org.hibernate.SQL                        : select sm1_0.product_id,sm1_0.location_id,l1_0.name,cast(coalesce(sum(sm1_0.quantity_change),0) as integer) from stock_moves sm1_0 join locations l1_0 on l1_0.id=sm1_0.location_id where sm1_0.status='CONFIRMED' group by sm1_0.product_id,sm1_0.location_id,l1_0.name
2026-09-26T22:19:43.191+05:30 DEBUG 23996 --- [io-8080-exec-10] o.s.w.s.m.m.a.HttpEntityMethodProcessor  : Using 'application/json', given [*/*] and supported [application/json, application/*+json]
2026-09-26T22:19:43.194+05:30 DEBUG 23996 --- [io-8080-exec-10] o.s.w.s.m.m.a.HttpEntityMethodProcessor  : Writing [[com.stocksense.dto.ProductResponseDto@128ed189, com.stocksense.dto.ProductResponseDto@53b5590a, com (truncated)...]
2026-09-26T22:19:43.196+05:30 DEBUG 23996 --- [nio-8080-exec-7] org.hibernate.SQL                        : select count(sm1_0.id) from stock_moves sm1_0 where sm1_0.status=? and sm1_0.move_type=?
2026-09-26T22:19:43.198+05:30 DEBUG 23996 --- [io-8080-exec-10] o.s.web.servlet.DispatcherServlet        : Completed 200 OK
2026-09-26T22:19:43.198+05:30 DEBUG 23996 --- [nio-8080-exec-7] org.hibernate.SQL                        : select count(sm1_0.id) from stock_moves sm1_0 where sm1_0.status=? and sm1_0.move_type=?
2026-09-26T22:19:43.213+05:30 DEBUG 23996 --- [nio-8080-exec-7] o.s.w.s.m.m.a.HttpEntityMethodProcessor  : Using 'application/json', given [*/*] and supported [application/json, application/*+json]
2026-09-26T22:19:43.213+05:30 DEBUG 23996 --- [nio-8080-exec-7] o.s.w.s.m.m.a.HttpEntityMethodProcessor  : Writing [com.stocksense.dto.DashboardResponseDto@1019666a]
2026-09-26T22:19:43.217+05:30 DEBUG 23996 --- [nio-8080-exec-7] o.s.web.servlet.DispatcherServlet        : Completed 200 OK
2026-09-26T22:20:24.170+05:30 DEBUG 23996 --- [nio-8080-exec-8] o.s.web.servlet.DispatcherServlet        : GET "/dashboard", parameters={}
2026-09-26T22:20:24.182+05:30 DEBUG 23996 --- [nio-8080-exec-8] s.w.s.m.m.a.RequestMappingHandlerMapping : Mapped to com.stocksense.controller.DashboardController#getDashboard()
2026-09-26T22:20:24.183+05:30 DEBUG 23996 --- [nio-8080-exec-3] o.s.web.servlet.DispatcherServlet        : GET "/products", parameters={}
2026-09-26T22:20:24.184+05:30 DEBUG 23996 --- [nio-8080-exec-3] s.w.s.m.m.a.RequestMappingHandlerMapping : Mapped to com.stocksense.controller.ProductController#listProducts()
2026-09-26T22:20:24.192+05:30 DEBUG 23996 --- [nio-8080-exec-8] org.hibernate.SQL                        : select p1_0.id,p1_0.category,p1_0.name,p1_0.sku,p1_0.unit_of_measure from products p1_0 order by p1_0.name
2026-09-26T22:20:24.194+05:30 DEBUG 23996 --- [nio-8080-exec-3] org.hibernate.SQL                        : select p1_0.id,p1_0.category,p1_0.name,p1_0.sku,p1_0.unit_of_measure from products p1_0 order by p1_0.name
2026-09-26T22:20:24.201+05:30 DEBUG 23996 --- [nio-8080-exec-3] org.hibernate.SQL                        : select sm1_0.product_id,cast(coalesce(sum(sm1_0.quantity_change),0) as integer) from stock_moves sm1_0 where sm1_0.status='CONFIRMED' group by sm1_0.product_id
2026-09-26T22:20:24.201+05:30 DEBUG 23996 --- [nio-8080-exec-8] org.hibernate.SQL                        : select sm1_0.product_id,cast(coalesce(sum(sm1_0.quantity_change),0) as integer) from stock_moves sm1_0 where sm1_0.status='CONFIRMED' group by sm1_0.product_id
2026-09-26T22:20:24.208+05:30 DEBUG 23996 --- [nio-8080-exec-3] org.hibernate.SQL                        : select sm1_0.product_id,sm1_0.location_id,l1_0.name,cast(coalesce(sum(sm1_0.quantity_change),0) as integer) from stock_moves sm1_0 join locations l1_0 on l1_0.id=sm1_0.location_id where sm1_0.status='CONFIRMED' group by sm1_0.product_id,sm1_0.location_id,l1_0.name
2026-09-26T22:20:24.208+05:30 DEBUG 23996 --- [nio-8080-exec-8] org.hibernate.SQL                        : select sm1_0.product_id,sm1_0.location_id,l1_0.name,cast(coalesce(sum(sm1_0.quantity_change),0) as integer) from stock_moves sm1_0 join locations l1_0 on l1_0.id=sm1_0.location_id where sm1_0.status='CONFIRMED' group by sm1_0.product_id,sm1_0.location_id,l1_0.name
2026-09-26T22:20:24.217+05:30 DEBUG 23996 --- [nio-8080-exec-3] o.s.w.s.m.m.a.HttpEntityMethodProcessor  : Using 'application/json', given [*/*] and supported [application/json, application/*+json]
2026-09-26T22:20:24.221+05:30 DEBUG 23996 --- [nio-8080-exec-3] o.s.w.s.m.m.a.HttpEntityMethodProcessor  : Writing [[com.stocksense.dto.ProductResponseDto@39a3d6bd, com.stocksense.dto.ProductResponseDto@242be0bb, com (truncated)...]
2026-09-26T22:20:24.225+05:30 DEBUG 23996 --- [nio-8080-exec-8] org.hibernate.SQL                        : select count(sm1_0.id) from stock_moves sm1_0 where sm1_0.status=? and sm1_0.move_type=?
2026-09-26T22:20:24.225+05:30 DEBUG 23996 --- [nio-8080-exec-3] o.s.web.servlet.DispatcherServlet        : Completed 200 OK
2026-09-26T22:20:24.233+05:30 DEBUG 23996 --- [nio-8080-exec-8] org.hibernate.SQL                        : select count(sm1_0.id) from stock_moves sm1_0 where sm1_0.status=? and sm1_0.move_type=?
2026-09-26T22:20:24.242+05:30 DEBUG 23996 --- [nio-8080-exec-8] o.s.w.s.m.m.a.HttpEntityMethodProcessor  : Using 'application/json', given [*/*] and supported [application/json, application/*+json]
2026-09-26T22:20:24.244+05:30 DEBUG 23996 --- [nio-8080-exec-8] o.s.w.s.m.m.a.HttpEntityMethodProcessor  : Writing [com.stocksense.dto.DashboardResponseDto@48f03bd2]
2026-09-26T22:20:24.267+05:30 DEBUG 23996 --- [nio-8080-exec-8] o.s.web.servlet.DispatcherServlet        : Completed 200 OK
2026-09-26T22:20:40.531+05:30 DEBUG 23996 --- [nio-8080-exec-1] o.s.web.servlet.DispatcherServlet        : GET "/utils.js", parameters={}
2026-09-26T22:20:40.531+05:30 DEBUG 23996 --- [nio-8080-exec-1] o.s.w.s.handler.SimpleUrlHandlerMapping  : Mapped to ResourceHttpRequestHandler [URL [file:frontend/], classpath [static/]]
2026-09-26T22:20:40.531+05:30 DEBUG 23996 --- [nio-8080-exec-1] o.s.web.servlet.DispatcherServlet        : Completed 200 OK
2026-09-26T22:20:40.611+05:30 DEBUG 23996 --- [nio-8080-exec-5] o.s.web.servlet.DispatcherServlet        : GET "/", parameters={}
2026-09-26T22:20:40.614+05:30 DEBUG 23996 --- [nio-8080-exec-5] o.s.w.s.handler.SimpleUrlHandlerMapping  : Mapped to ParameterizableViewController [view="forward:/index.html"]
2026-09-26T22:20:40.614+05:30 DEBUG 23996 --- [nio-8080-exec-5] o.s.w.s.v.ContentNegotiatingViewResolver : Selected '*/*' given [*/*]
2026-09-26T22:20:40.614+05:30 DEBUG 23996 --- [nio-8080-exec-5] o.s.w.servlet.view.InternalResourceView  : View name [forward:], model {}
2026-09-26T22:20:40.614+05:30 DEBUG 23996 --- [nio-8080-exec-5] o.s.w.servlet.view.InternalResourceView  : Forwarding to [/index.html]
2026-09-26T22:20:40.614+05:30 DEBUG 23996 --- [nio-8080-exec-5] o.s.web.servlet.DispatcherServlet        : "FORWARD" dispatch for GET "/index.html", parameters={}
2026-09-26T22:20:40.614+05:30 DEBUG 23996 --- [nio-8080-exec-5] o.s.w.s.handler.SimpleUrlHandlerMapping  : Mapped to ResourceHttpRequestHandler [URL [file:frontend/], classpath [static/]]
2026-09-26T22:20:40.621+05:30 DEBUG 23996 --- [nio-8080-exec-5] o.s.web.servlet.DispatcherServlet        : Exiting from "FORWARD" dispatch, status 200
2026-09-26T22:20:40.621+05:30 DEBUG 23996 --- [nio-8080-exec-5] o.s.web.servlet.DispatcherServlet        : Completed 200 OK
2026-09-26T22:21:24.158+05:30 DEBUG 23996 --- [nio-8080-exec-4] o.s.web.servlet.DispatcherServlet        : GET "/dashboard", parameters={}
2026-09-26T22:21:24.174+05:30 DEBUG 23996 --- [nio-8080-exec-4] s.w.s.m.m.a.RequestMappingHandlerMapping : Mapped to com.stocksense.controller.DashboardController#getDashboard()
2026-09-26T22:21:24.174+05:30 DEBUG 23996 --- [nio-8080-exec-2] o.s.web.servlet.DispatcherServlet        : GET "/products", parameters={}
2026-09-26T22:21:24.179+05:30 DEBUG 23996 --- [nio-8080-exec-2] s.w.s.m.m.a.RequestMappingHandlerMapping : Mapped to com.stocksense.controller.ProductController#listProducts()
2026-09-26T22:21:24.186+05:30 DEBUG 23996 --- [nio-8080-exec-2] org.hibernate.SQL                        : select p1_0.id,p1_0.category,p1_0.name,p1_0.sku,p1_0.unit_of_measure from products p1_0 order by p1_0.name
2026-09-26T22:21:24.190+05:30 DEBUG 23996 --- [nio-8080-exec-4] org.hibernate.SQL                        : select p1_0.id,p1_0.category,p1_0.name,p1_0.sku,p1_0.unit_of_measure from products p1_0 order by p1_0.name
2026-09-26T22:21:24.194+05:30 DEBUG 23996 --- [nio-8080-exec-2] org.hibernate.SQL                        : select sm1_0.product_id,cast(coalesce(sum(sm1_0.quantity_change),0) as integer) from stock_moves sm1_0 where sm1_0.status='CONFIRMED' group by sm1_0.product_id
2026-09-26T22:21:24.194+05:30 DEBUG 23996 --- [nio-8080-exec-4] org.hibernate.SQL                        : select sm1_0.product_id,cast(coalesce(sum(sm1_0.quantity_change),0) as integer) from stock_moves sm1_0 where sm1_0.status='CONFIRMED' group by sm1_0.product_id
2026-09-26T22:21:24.202+05:30 DEBUG 23996 --- [nio-8080-exec-2] org.hibernate.SQL                        : select sm1_0.product_id,sm1_0.location_id,l1_0.name,cast(coalesce(sum(sm1_0.quantity_change),0) as integer) from stock_moves sm1_0 join locations l1_0 on l1_0.id=sm1_0.location_id where sm1_0.status='CONFIRMED' group by sm1_0.product_id,sm1_0.location_id,l1_0.name
2026-09-26T22:21:24.202+05:30 DEBUG 23996 --- [nio-8080-exec-4] org.hibernate.SQL                        : select sm1_0.product_id,sm1_0.location_id,l1_0.name,cast(coalesce(sum(sm1_0.quantity_change),0) as integer) from stock_moves sm1_0 join locations l1_0 on l1_0.id=sm1_0.location_id where sm1_0.status='CONFIRMED' group by sm1_0.product_id,sm1_0.location_id,l1_0.name
2026-09-26T22:21:24.207+05:30 DEBUG 23996 --- [nio-8080-exec-2] o.s.w.s.m.m.a.HttpEntityMethodProcessor  : Using 'application/json', given [*/*] and supported [application/json, application/*+json]
2026-09-26T22:21:24.211+05:30 DEBUG 23996 --- [nio-8080-exec-2] o.s.w.s.m.m.a.HttpEntityMethodProcessor  : Writing [[com.stocksense.dto.ProductResponseDto@68c39831, com.stocksense.dto.ProductResponseDto@58f10dfb, com (truncated)...]
2026-09-26T22:21:24.215+05:30 DEBUG 23996 --- [nio-8080-exec-4] org.hibernate.SQL                        : select count(sm1_0.id) from stock_moves sm1_0 where sm1_0.status=? and sm1_0.move_type=?
2026-09-26T22:21:24.215+05:30 DEBUG 23996 --- [nio-8080-exec-2] o.s.web.servlet.DispatcherServlet        : Completed 200 OK
2026-09-26T22:21:24.225+05:30 DEBUG 23996 --- [nio-8080-exec-4] org.hibernate.SQL                        : select count(sm1_0.id) from stock_moves sm1_0 where sm1_0.status=? and sm1_0.move_type=?
2026-09-26T22:21:24.227+05:30 DEBUG 23996 --- [nio-8080-exec-4] o.s.w.s.m.m.a.HttpEntityMethodProcessor  : Using 'application/json', given [*/*] and supported [application/json, application/*+json]
2026-09-26T22:21:24.227+05:30 DEBUG 23996 --- [nio-8080-exec-4] o.s.w.s.m.m.a.HttpEntityMethodProcessor  : Writing [com.stocksense.dto.DashboardResponseDto@5c907959]
2026-09-26T22:21:24.237+05:30 DEBUG 23996 --- [nio-8080-exec-4] o.s.web.servlet.DispatcherServlet        : Completed 200 OK
2026-09-26T22:22:24.170+05:30 DEBUG 23996 --- [io-8080-exec-10] o.s.web.servlet.DispatcherServlet        : GET "/products", parameters={}
2026-09-26T22:22:24.170+05:30 DEBUG 23996 --- [nio-8080-exec-9] o.s.web.servlet.DispatcherServlet        : GET "/dashboard", parameters={}
2026-09-26T22:22:24.178+05:30 DEBUG 23996 --- [io-8080-exec-10] s.w.s.m.m.a.RequestMappingHandlerMapping : Mapped to com.stocksense.controller.ProductController#listProducts()
2026-09-26T22:22:24.178+05:30 DEBUG 23996 --- [nio-8080-exec-9] s.w.s.m.m.a.RequestMappingHandlerMapping : Mapped to com.stocksense.controller.DashboardController#getDashboard()
2026-09-26T22:22:24.184+05:30 DEBUG 23996 --- [nio-8080-exec-9] org.hibernate.SQL                        : select p1_0.id,p1_0.category,p1_0.name,p1_0.sku,p1_0.unit_of_measure from products p1_0 order by p1_0.name
2026-09-26T22:22:24.184+05:30 DEBUG 23996 --- [io-8080-exec-10] org.hibernate.SQL                        : select p1_0.id,p1_0.category,p1_0.name,p1_0.sku,p1_0.unit_of_measure from products p1_0 order by p1_0.name
2026-09-26T22:22:24.194+05:30 DEBUG 23996 --- [nio-8080-exec-9] org.hibernate.SQL                        : select sm1_0.product_id,cast(coalesce(sum(sm1_0.quantity_change),0) as integer) from stock_moves sm1_0 where sm1_0.status='CONFIRMED' group by sm1_0.product_id
2026-09-26T22:22:24.194+05:30 DEBUG 23996 --- [io-8080-exec-10] org.hibernate.SQL                        : select sm1_0.product_id,cast(coalesce(sum(sm1_0.quantity_change),0) as integer) from stock_moves sm1_0 where sm1_0.status='CONFIRMED' group by sm1_0.product_id
2026-09-26T22:22:24.197+05:30 DEBUG 23996 --- [nio-8080-exec-9] org.hibernate.SQL                        : select sm1_0.product_id,sm1_0.location_id,l1_0.name,cast(coalesce(sum(sm1_0.quantity_change),0) as integer) from stock_moves sm1_0 join locations l1_0 on l1_0.id=sm1_0.location_id where sm1_0.status='CONFIRMED' group by sm1_0.product_id,sm1_0.location_id,l1_0.name
2026-09-26T22:22:24.199+05:30 DEBUG 23996 --- [io-8080-exec-10] org.hibernate.SQL                        : select sm1_0.product_id,sm1_0.location_id,l1_0.name,cast(coalesce(sum(sm1_0.quantity_change),0) as integer) from stock_moves sm1_0 join locations l1_0 on l1_0.id=sm1_0.location_id where sm1_0.status='CONFIRMED' group by sm1_0.product_id,sm1_0.location_id,l1_0.name
2026-09-26T22:22:24.205+05:30 DEBUG 23996 --- [io-8080-exec-10] o.s.w.s.m.m.a.HttpEntityMethodProcessor  : Using 'application/json', given [*/*] and supported [application/json, application/*+json]
2026-09-26T22:22:24.205+05:30 DEBUG 23996 --- [nio-8080-exec-9] org.hibernate.SQL                        : select count(sm1_0.id) from stock_moves sm1_0 where sm1_0.status=? and sm1_0.move_type=?
2026-09-26T22:22:24.205+05:30 DEBUG 23996 --- [io-8080-exec-10] o.s.w.s.m.m.a.HttpEntityMethodProcessor  : Writing [[com.stocksense.dto.ProductResponseDto@1c10df1c, com.stocksense.dto.ProductResponseDto@294c6718, com (truncated)...]
2026-09-26T22:22:24.212+05:30 DEBUG 23996 --- [io-8080-exec-10] o.s.web.servlet.DispatcherServlet        : Completed 200 OK
2026-09-26T22:22:24.214+05:30 DEBUG 23996 --- [nio-8080-exec-9] org.hibernate.SQL                        : select count(sm1_0.id) from stock_moves sm1_0 where sm1_0.status=? and sm1_0.move_type=?
2026-09-26T22:22:24.216+05:30 DEBUG 23996 --- [nio-8080-exec-9] o.s.w.s.m.m.a.HttpEntityMethodProcessor  : Using 'application/json', given [*/*] and supported [application/json, application/*+json]
2026-09-26T22:22:24.216+05:30 DEBUG 23996 --- [nio-8080-exec-9] o.s.w.s.m.m.a.HttpEntityMethodProcessor  : Writing [com.stocksense.dto.DashboardResponseDto@20cbc030]
2026-09-26T22:22:24.216+05:30 DEBUG 23996 --- [nio-8080-exec-9] o.s.web.servlet.DispatcherServlet        : Completed 200 OK
2026-09-26T22:22:34.377+05:30 DEBUG 23996 --- [nio-8080-exec-7] o.s.web.servlet.DispatcherServlet        : GET "/index.html", parameters={}
2026-09-26T22:22:34.390+05:30 DEBUG 23996 --- [nio-8080-exec-7] o.s.w.s.handler.SimpleUrlHandlerMapping  : Mapped to ResourceHttpRequestHandler [URL [file:frontend/], classpath [static/]]
2026-09-26T22:22:34.395+05:30 DEBUG 23996 --- [nio-8080-exec-7] o.s.web.servlet.DispatcherServlet        : Completed 200 OK
2026-09-26T22:22:34.447+05:30 DEBUG 23996 --- [nio-8080-exec-3] o.s.web.servlet.DispatcherServlet        : GET "/style.css", parameters={}
2026-09-26T22:22:34.449+05:30 DEBUG 23996 --- [nio-8080-exec-3] o.s.w.s.handler.SimpleUrlHandlerMapping  : Mapped to ResourceHttpRequestHandler [URL [file:frontend/], classpath [static/]]
2026-09-26T22:22:34.457+05:30 DEBUG 23996 --- [nio-8080-exec-3] o.s.web.servlet.DispatcherServlet        : Completed 200 OK
2026-09-26T22:22:34.494+05:30 DEBUG 23996 --- [nio-8080-exec-8] o.s.web.servlet.DispatcherServlet        : GET "/api.js", parameters={}
2026-09-26T22:22:34.500+05:30 DEBUG 23996 --- [nio-8080-exec-1] o.s.web.servlet.DispatcherServlet        : GET "/utils.js", parameters={}
2026-09-26T22:22:34.500+05:30 DEBUG 23996 --- [nio-8080-exec-8] o.s.w.s.handler.SimpleUrlHandlerMapping  : Mapped to ResourceHttpRequestHandler [URL [file:frontend/], classpath [static/]]
2026-09-26T22:22:34.503+05:30 DEBUG 23996 --- [nio-8080-exec-1] o.s.w.s.handler.SimpleUrlHandlerMapping  : Mapped to ResourceHttpRequestHandler [URL [file:frontend/], classpath [static/]]
2026-09-26T22:22:34.514+05:30 DEBUG 23996 --- [nio-8080-exec-1] o.s.web.servlet.DispatcherServlet        : Completed 200 OK
2026-09-26T22:22:34.516+05:30 DEBUG 23996 --- [nio-8080-exec-8] o.s.web.servlet.DispatcherServlet        : Completed 200 OK
2026-09-26T22:22:34.543+05:30 DEBUG 23996 --- [nio-8080-exec-5] o.s.web.servlet.DispatcherServlet        : GET "/dashboard", parameters={}
2026-09-26T22:22:34.543+05:30 DEBUG 23996 --- [nio-8080-exec-6] o.s.web.servlet.DispatcherServlet        : GET "/products", parameters={}
2026-09-26T22:22:34.545+05:30 DEBUG 23996 --- [nio-8080-exec-6] s.w.s.m.m.a.RequestMappingHandlerMapping : Mapped to com.stocksense.controller.ProductController#listProducts()
2026-09-26T22:22:34.545+05:30 DEBUG 23996 --- [nio-8080-exec-5] s.w.s.m.m.a.RequestMappingHandlerMapping : Mapped to com.stocksense.controller.DashboardController#getDashboard()
2026-09-26T22:22:34.549+05:30 DEBUG 23996 --- [nio-8080-exec-5] org.hibernate.SQL                        : select p1_0.id,p1_0.category,p1_0.name,p1_0.sku,p1_0.unit_of_measure from products p1_0 order by p1_0.name
2026-09-26T22:22:34.549+05:30 DEBUG 23996 --- [nio-8080-exec-6] org.hibernate.SQL                        : select p1_0.id,p1_0.category,p1_0.name,p1_0.sku,p1_0.unit_of_measure from products p1_0 order by p1_0.name
2026-09-26T22:22:34.555+05:30 DEBUG 23996 --- [nio-8080-exec-6] org.hibernate.SQL                        : select sm1_0.product_id,cast(coalesce(sum(sm1_0.quantity_change),0) as integer) from stock_moves sm1_0 where sm1_0.status='CONFIRMED' group by sm1_0.product_id
2026-09-26T22:22:34.555+05:30 DEBUG 23996 --- [nio-8080-exec-5] org.hibernate.SQL                        : select sm1_0.product_id,cast(coalesce(sum(sm1_0.quantity_change),0) as integer) from stock_moves sm1_0 where sm1_0.status='CONFIRMED' group by sm1_0.product_id
2026-09-26T22:22:34.557+05:30 DEBUG 23996 --- [nio-8080-exec-6] org.hibernate.SQL                        : select sm1_0.product_id,sm1_0.location_id,l1_0.name,cast(coalesce(sum(sm1_0.quantity_change),0) as integer) from stock_moves sm1_0 join locations l1_0 on l1_0.id=sm1_0.location_id where sm1_0.status='CONFIRMED' group by sm1_0.product_id,sm1_0.location_id,l1_0.name
2026-09-26T22:22:34.558+05:30 DEBUG 23996 --- [nio-8080-exec-5] org.hibernate.SQL                        : select sm1_0.product_id,sm1_0.location_id,l1_0.name,cast(coalesce(sum(sm1_0.quantity_change),0) as integer) from stock_moves sm1_0 join locations l1_0 on l1_0.id=sm1_0.location_id where sm1_0.status='CONFIRMED' group by sm1_0.product_id,sm1_0.location_id,l1_0.name
2026-09-26T22:22:34.560+05:30 DEBUG 23996 --- [nio-8080-exec-6] o.s.w.s.m.m.a.HttpEntityMethodProcessor  : Using 'application/json', given [*/*] and supported [application/json, application/*+json]
2026-09-26T22:22:34.563+05:30 DEBUG 23996 --- [nio-8080-exec-6] o.s.w.s.m.m.a.HttpEntityMethodProcessor  : Writing [[com.stocksense.dto.ProductResponseDto@1541b6ff, com.stocksense.dto.ProductResponseDto@5aa2fe80, com (truncated)...]
2026-09-26T22:22:34.565+05:30 DEBUG 23996 --- [nio-8080-exec-6] o.s.web.servlet.DispatcherServlet        : Completed 200 OK
2026-09-26T22:22:34.567+05:30 DEBUG 23996 --- [nio-8080-exec-5] org.hibernate.SQL                        : select count(sm1_0.id) from stock_moves sm1_0 where sm1_0.status=? and sm1_0.move_type=?
2026-09-26T22:22:34.575+05:30 DEBUG 23996 --- [nio-8080-exec-2] o.s.web.servlet.DispatcherServlet        : GET "/favicon.ico", parameters={}
2026-09-26T22:22:34.577+05:30 DEBUG 23996 --- [nio-8080-exec-2] o.s.w.s.handler.SimpleUrlHandlerMapping  : Mapped to ResourceHttpRequestHandler [URL [file:frontend/], classpath [static/]]
2026-09-26T22:22:34.577+05:30 DEBUG 23996 --- [nio-8080-exec-5] org.hibernate.SQL                        : select count(sm1_0.id) from stock_moves sm1_0 where sm1_0.status=? and sm1_0.move_type=?
2026-09-26T22:22:34.580+05:30 DEBUG 23996 --- [nio-8080-exec-5] o.s.w.s.m.m.a.HttpEntityMethodProcessor  : Using 'application/json', given [*/*] and supported [application/json, application/*+json]
2026-09-26T22:22:34.582+05:30 DEBUG 23996 --- [nio-8080-exec-5] o.s.w.s.m.m.a.HttpEntityMethodProcessor  : Writing [com.stocksense.dto.DashboardResponseDto@3772ea93]
2026-09-26T22:22:34.583+05:30 DEBUG 23996 --- [nio-8080-exec-5] o.s.web.servlet.DispatcherServlet        : Completed 200 OK
2026-09-26T22:22:34.585+05:30 DEBUG 23996 --- [nio-8080-exec-2] o.s.w.s.r.ResourceHttpRequestHandler     : Resource not found
2026-09-26T22:22:34.589+05:30 DEBUG 23996 --- [nio-8080-exec-2] .m.m.a.ExceptionHandlerExceptionResolver : Using @ExceptionHandler com.stocksense.controller.GlobalExceptionHandler#handleGenericException(Exception)
2026-09-26T22:22:34.592+05:30 DEBUG 23996 --- [nio-8080-exec-2] o.s.w.s.m.m.a.HttpEntityMethodProcessor  : Using 'application/json;q=0.8', given [image/avif, image/webp, image/apng, image/svg+xml, image/*, */*;q=0.8] and supported [application/json, application/*+json]
2026-09-26T22:22:34.594+05:30 DEBUG 23996 --- [nio-8080-exec-2] o.s.w.s.m.m.a.HttpEntityMethodProcessor  : Writing [com.stocksense.dto.ErrorResponseDto@492505dc]
2026-09-26T22:22:34.595+05:30 DEBUG 23996 --- [nio-8080-exec-2] .m.m.a.ExceptionHandlerExceptionResolver : Resolved [org.springframework.web.servlet.resource.NoResourceFoundException: No static resource favicon.ico.]
2026-09-26T22:22:34.597+05:30 DEBUG 23996 --- [nio-8080-exec-2] o.s.web.servlet.DispatcherServlet        : Completed 500 INTERNAL_SERVER_ERROR
2026-09-26T22:23:05.164+05:30 DEBUG 23996 --- [nio-8080-exec-4] o.s.web.servlet.DispatcherServlet        : GET "/dashboard", parameters={}
2026-09-26T22:23:05.164+05:30 DEBUG 23996 --- [io-8080-exec-10] o.s.web.servlet.DispatcherServlet        : GET "/products", parameters={}
2026-09-26T22:23:05.166+05:30 DEBUG 23996 --- [nio-8080-exec-4] s.w.s.m.m.a.RequestMappingHandlerMapping : Mapped to com.stocksense.controller.DashboardController#getDashboard()
2026-09-26T22:23:05.166+05:30 DEBUG 23996 --- [io-8080-exec-10] s.w.s.m.m.a.RequestMappingHandlerMapping : Mapped to com.stocksense.controller.ProductController#listProducts()
2026-09-26T22:23:05.173+05:30 DEBUG 23996 --- [nio-8080-exec-4] org.hibernate.SQL                        : select p1_0.id,p1_0.category,p1_0.name,p1_0.sku,p1_0.unit_of_measure from products p1_0 order by p1_0.name
2026-09-26T22:23:05.174+05:30 DEBUG 23996 --- [io-8080-exec-10] org.hibernate.SQL                        : select p1_0.id,p1_0.category,p1_0.name,p1_0.sku,p1_0.unit_of_measure from products p1_0 order by p1_0.name
2026-09-26T22:23:05.178+05:30 DEBUG 23996 --- [nio-8080-exec-4] org.hibernate.SQL                        : select sm1_0.product_id,cast(coalesce(sum(sm1_0.quantity_change),0) as integer) from stock_moves sm1_0 where sm1_0.status='CONFIRMED' group by sm1_0.product_id
2026-09-26T22:23:05.178+05:30 DEBUG 23996 --- [io-8080-exec-10] org.hibernate.SQL                        : select sm1_0.product_id,cast(coalesce(sum(sm1_0.quantity_change),0) as integer) from stock_moves sm1_0 where sm1_0.status='CONFIRMED' group by sm1_0.product_id
2026-09-26T22:23:05.183+05:30 DEBUG 23996 --- [io-8080-exec-10] org.hibernate.SQL                        : select sm1_0.product_id,sm1_0.location_id,l1_0.name,cast(coalesce(sum(sm1_0.quantity_change),0) as integer) from stock_moves sm1_0 join locations l1_0 on l1_0.id=sm1_0.location_id where sm1_0.status='CONFIRMED' group by sm1_0.product_id,sm1_0.location_id,l1_0.name
2026-09-26T22:23:05.183+05:30 DEBUG 23996 --- [nio-8080-exec-4] org.hibernate.SQL                        : select sm1_0.product_id,sm1_0.location_id,l1_0.name,cast(coalesce(sum(sm1_0.quantity_change),0) as integer) from stock_moves sm1_0 join locations l1_0 on l1_0.id=sm1_0.location_id where sm1_0.status='CONFIRMED' group by sm1_0.product_id,sm1_0.location_id,l1_0.name
2026-09-26T22:23:05.189+05:30 DEBUG 23996 --- [io-8080-exec-10] o.s.w.s.m.m.a.HttpEntityMethodProcessor  : Using 'application/json', given [*/*] and supported [application/json, application/*+json]
2026-09-26T22:23:05.192+05:30 DEBUG 23996 --- [io-8080-exec-10] o.s.w.s.m.m.a.HttpEntityMethodProcessor  : Writing [[com.stocksense.dto.ProductResponseDto@199aa41d, com.stocksense.dto.ProductResponseDto@7907fe3d, com (truncated)...]
2026-09-26T22:23:05.195+05:30 DEBUG 23996 --- [nio-8080-exec-4] org.hibernate.SQL                        : select count(sm1_0.id) from stock_moves sm1_0 where sm1_0.status=? and sm1_0.move_type=?
2026-09-26T22:23:05.197+05:30 DEBUG 23996 --- [io-8080-exec-10] o.s.web.servlet.DispatcherServlet        : Completed 200 OK
2026-09-26T22:23:05.201+05:30 DEBUG 23996 --- [nio-8080-exec-4] org.hibernate.SQL                        : select count(sm1_0.id) from stock_moves sm1_0 where sm1_0.status=? and sm1_0.move_type=?
2026-09-26T22:23:05.205+05:30 DEBUG 23996 --- [nio-8080-exec-4] o.s.w.s.m.m.a.HttpEntityMethodProcessor  : Using 'application/json', given [*/*] and supported [application/json, application/*+json]
2026-09-26T22:23:05.209+05:30 DEBUG 23996 --- [nio-8080-exec-4] o.s.w.s.m.m.a.HttpEntityMethodProcessor  : Writing [com.stocksense.dto.DashboardResponseDto@6e038224]
2026-09-26T22:23:05.213+05:30 DEBUG 23996 --- [nio-8080-exec-4] o.s.web.servlet.DispatcherServlet        : Completed 200 OK
2026-09-26T22:23:35.165+05:30 DEBUG 23996 --- [nio-8080-exec-7] o.s.web.servlet.DispatcherServlet        : GET "/products", parameters={}
2026-09-26T22:23:35.165+05:30 DEBUG 23996 --- [nio-8080-exec-9] o.s.web.servlet.DispatcherServlet        : GET "/dashboard", parameters={}
2026-09-26T22:23:35.165+05:30 DEBUG 23996 --- [nio-8080-exec-7] s.w.s.m.m.a.RequestMappingHandlerMapping : Mapped to com.stocksense.controller.ProductController#listProducts()
2026-09-26T22:23:35.165+05:30 DEBUG 23996 --- [nio-8080-exec-9] s.w.s.m.m.a.RequestMappingHandlerMapping : Mapped to com.stocksense.controller.DashboardController#getDashboard()
2026-09-26T22:23:35.170+05:30 DEBUG 23996 --- [nio-8080-exec-9] org.hibernate.SQL                        : select p1_0.id,p1_0.category,p1_0.name,p1_0.sku,p1_0.unit_of_measure from products p1_0 order by p1_0.name
2026-09-26T22:23:35.170+05:30 DEBUG 23996 --- [nio-8080-exec-7] org.hibernate.SQL                        : select p1_0.id,p1_0.category,p1_0.name,p1_0.sku,p1_0.unit_of_measure from products p1_0 order by p1_0.name
2026-09-26T22:23:35.170+05:30 DEBUG 23996 --- [nio-8080-exec-7] org.hibernate.SQL                        : select sm1_0.product_id,cast(coalesce(sum(sm1_0.quantity_change),0) as integer) from stock_moves sm1_0 where sm1_0.status='CONFIRMED' group by sm1_0.product_id
2026-09-26T22:23:35.170+05:30 DEBUG 23996 --- [nio-8080-exec-9] org.hibernate.SQL                        : select sm1_0.product_id,cast(coalesce(sum(sm1_0.quantity_change),0) as integer) from stock_moves sm1_0 where sm1_0.status='CONFIRMED' group by sm1_0.product_id
2026-09-26T22:23:35.176+05:30 DEBUG 23996 --- [nio-8080-exec-7] org.hibernate.SQL                        : select sm1_0.product_id,sm1_0.location_id,l1_0.name,cast(coalesce(sum(sm1_0.quantity_change),0) as integer) from stock_moves sm1_0 join locations l1_0 on l1_0.id=sm1_0.location_id where sm1_0.status='CONFIRMED' group by sm1_0.product_id,sm1_0.location_id,l1_0.name
2026-09-26T22:23:35.176+05:30 DEBUG 23996 --- [nio-8080-exec-9] org.hibernate.SQL                        : select sm1_0.product_id,sm1_0.location_id,l1_0.name,cast(coalesce(sum(sm1_0.quantity_change),0) as integer) from stock_moves sm1_0 join locations l1_0 on l1_0.id=sm1_0.location_id where sm1_0.status='CONFIRMED' group by sm1_0.product_id,sm1_0.location_id,l1_0.name
2026-09-26T22:23:35.180+05:30 DEBUG 23996 --- [nio-8080-exec-7] o.s.w.s.m.m.a.HttpEntityMethodProcessor  : Using 'application/json', given [*/*] and supported [application/json, application/*+json]
2026-09-26T22:23:35.180+05:30 DEBUG 23996 --- [nio-8080-exec-7] o.s.w.s.m.m.a.HttpEntityMethodProcessor  : Writing [[com.stocksense.dto.ProductResponseDto@1adbad2e, com.stocksense.dto.ProductResponseDto@205fa213, com (truncated)...]
2026-09-26T22:23:35.182+05:30 DEBUG 23996 --- [nio-8080-exec-9] org.hibernate.SQL                        : select count(sm1_0.id) from stock_moves sm1_0 where sm1_0.status=? and sm1_0.move_type=?
2026-09-26T22:23:35.182+05:30 DEBUG 23996 --- [nio-8080-exec-7] o.s.web.servlet.DispatcherServlet        : Completed 200 OK
2026-09-26T22:23:35.185+05:30 DEBUG 23996 --- [nio-8080-exec-9] org.hibernate.SQL                        : select count(sm1_0.id) from stock_moves sm1_0 where sm1_0.status=? and sm1_0.move_type=?
2026-09-26T22:23:35.188+05:30 DEBUG 23996 --- [nio-8080-exec-9] o.s.w.s.m.m.a.HttpEntityMethodProcessor  : Using 'application/json', given [*/*] and supported [application/json, application/*+json]
2026-09-26T22:23:35.188+05:30 DEBUG 23996 --- [nio-8080-exec-9] o.s.w.s.m.m.a.HttpEntityMethodProcessor  : Writing [com.stocksense.dto.DashboardResponseDto@40445671]
2026-09-26T22:23:35.188+05:30 DEBUG 23996 --- [nio-8080-exec-9] o.s.web.servlet.DispatcherServlet        : Completed 200 OK
2026-09-26T22:24:05.167+05:30 DEBUG 23996 --- [nio-8080-exec-3] o.s.web.servlet.DispatcherServlet        : GET "/dashboard", parameters={}
2026-09-26T22:24:05.167+05:30 DEBUG 23996 --- [nio-8080-exec-1] o.s.web.servlet.DispatcherServlet        : GET "/products", parameters={}
2026-09-26T22:24:05.172+05:30 DEBUG 23996 --- [nio-8080-exec-3] s.w.s.m.m.a.RequestMappingHandlerMapping : Mapped to com.stocksense.controller.DashboardController#getDashboard()
2026-09-26T22:24:05.172+05:30 DEBUG 23996 --- [nio-8080-exec-1] s.w.s.m.m.a.RequestMappingHandlerMapping : Mapped to com.stocksense.controller.ProductController#listProducts()
2026-09-26T22:24:05.172+05:30 DEBUG 23996 --- [nio-8080-exec-1] org.hibernate.SQL                        : select p1_0.id,p1_0.category,p1_0.name,p1_0.sku,p1_0.unit_of_measure from products p1_0 order by p1_0.name
2026-09-26T22:24:05.172+05:30 DEBUG 23996 --- [nio-8080-exec-3] org.hibernate.SQL                        : select p1_0.id,p1_0.category,p1_0.name,p1_0.sku,p1_0.unit_of_measure from products p1_0 order by p1_0.name
2026-09-26T22:24:05.172+05:30 DEBUG 23996 --- [nio-8080-exec-1] org.hibernate.SQL                        : select sm1_0.product_id,cast(coalesce(sum(sm1_0.quantity_change),0) as integer) from stock_moves sm1_0 where sm1_0.status='CONFIRMED' group by sm1_0.product_id
2026-09-26T22:24:05.172+05:30 DEBUG 23996 --- [nio-8080-exec-3] org.hibernate.SQL                        : select sm1_0.product_id,cast(coalesce(sum(sm1_0.quantity_change),0) as integer) from stock_moves sm1_0 where sm1_0.status='CONFIRMED' group by sm1_0.product_id
2026-09-26T22:24:05.186+05:30 DEBUG 23996 --- [nio-8080-exec-1] org.hibernate.SQL                        : select sm1_0.product_id,sm1_0.location_id,l1_0.name,cast(coalesce(sum(sm1_0.quantity_change),0) as integer) from stock_moves sm1_0 join locations l1_0 on l1_0.id=sm1_0.location_id where sm1_0.status='CONFIRMED' group by sm1_0.product_id,sm1_0.location_id,l1_0.name
2026-09-26T22:24:05.186+05:30 DEBUG 23996 --- [nio-8080-exec-3] org.hibernate.SQL                        : select sm1_0.product_id,sm1_0.location_id,l1_0.name,cast(coalesce(sum(sm1_0.quantity_change),0) as integer) from stock_moves sm1_0 join locations l1_0 on l1_0.id=sm1_0.location_id where sm1_0.status='CONFIRMED' group by sm1_0.product_id,sm1_0.location_id,l1_0.name
2026-09-26T22:24:05.192+05:30 DEBUG 23996 --- [nio-8080-exec-1] o.s.w.s.m.m.a.HttpEntityMethodProcessor  : Using 'application/json', given [*/*] and supported [application/json, application/*+json]
2026-09-26T22:24:05.194+05:30 DEBUG 23996 --- [nio-8080-exec-1] o.s.w.s.m.m.a.HttpEntityMethodProcessor  : Writing [[com.stocksense.dto.ProductResponseDto@5e72e8c0, com.stocksense.dto.ProductResponseDto@4e4290e7, com (truncated)...]
2026-09-26T22:24:05.194+05:30 DEBUG 23996 --- [nio-8080-exec-3] org.hibernate.SQL                        : select count(sm1_0.id) from stock_moves sm1_0 where sm1_0.status=? and sm1_0.move_type=?
2026-09-26T22:24:05.196+05:30 DEBUG 23996 --- [nio-8080-exec-1] o.s.web.servlet.DispatcherServlet        : Completed 200 OK
2026-09-26T22:24:05.202+05:30 DEBUG 23996 --- [nio-8080-exec-3] org.hibernate.SQL                        : select count(sm1_0.id) from stock_moves sm1_0 where sm1_0.status=? and sm1_0.move_type=?
2026-09-26T22:24:05.204+05:30 DEBUG 23996 --- [nio-8080-exec-3] o.s.w.s.m.m.a.HttpEntityMethodProcessor  : Using 'application/json', given [*/*] and supported [application/json, application/*+json]
2026-09-26T22:24:05.206+05:30 DEBUG 23996 --- [nio-8080-exec-3] o.s.w.s.m.m.a.HttpEntityMethodProcessor  : Writing [com.stocksense.dto.DashboardResponseDto@1dd00011]
2026-09-26T22:24:05.206+05:30 DEBUG 23996 --- [nio-8080-exec-3] o.s.web.servlet.DispatcherServlet        : Completed 200 OK
2026-09-26T22:24:11.853+05:30 DEBUG 23996 --- [nio-8080-exec-8] o.s.web.servlet.DispatcherServlet        : GET "/login.html", parameters={}
2026-09-26T22:24:11.853+05:30 DEBUG 23996 --- [nio-8080-exec-8] o.s.w.s.handler.SimpleUrlHandlerMapping  : Mapped to ResourceHttpRequestHandler [URL [file:frontend/], classpath [static/]]
2026-09-26T22:24:11.862+05:30 DEBUG 23996 --- [nio-8080-exec-8] o.s.web.servlet.DispatcherServlet        : Completed 200 OK
2026-09-26T22:24:11.922+05:30 DEBUG 23996 --- [nio-8080-exec-6] o.s.web.servlet.DispatcherServlet        : GET "/style.css", parameters={}
2026-09-26T22:24:11.925+05:30 DEBUG 23996 --- [nio-8080-exec-6] o.s.w.s.handler.SimpleUrlHandlerMapping  : Mapped to ResourceHttpRequestHandler [URL [file:frontend/], classpath [static/]]
2026-09-26T22:24:11.927+05:30 DEBUG 23996 --- [nio-8080-exec-5] o.s.web.servlet.DispatcherServlet        : GET "/api.js", parameters={}
2026-09-26T22:24:11.931+05:30 DEBUG 23996 --- [nio-8080-exec-5] o.s.w.s.handler.SimpleUrlHandlerMapping  : Mapped to ResourceHttpRequestHandler [URL [file:frontend/], classpath [static/]]
2026-09-26T22:24:11.933+05:30 DEBUG 23996 --- [nio-8080-exec-2] o.s.web.servlet.DispatcherServlet        : GET "/utils.js", parameters={}
2026-09-26T22:24:11.938+05:30 DEBUG 23996 --- [nio-8080-exec-6] o.s.web.servlet.DispatcherServlet        : Completed 200 OK
2026-09-26T22:24:11.938+05:30 DEBUG 23996 --- [nio-8080-exec-2] o.s.w.s.handler.SimpleUrlHandlerMapping  : Mapped to ResourceHttpRequestHandler [URL [file:frontend/], classpath [static/]]
2026-09-26T22:24:11.947+05:30 DEBUG 23996 --- [nio-8080-exec-5] o.s.web.servlet.DispatcherServlet        : Completed 200 OK
2026-09-26T22:24:11.947+05:30 DEBUG 23996 --- [nio-8080-exec-2] o.s.web.servlet.DispatcherServlet        : Completed 200 OK
2026-09-26T22:24:11.989+05:30 DEBUG 23996 --- [io-8080-exec-10] o.s.web.servlet.DispatcherServlet        : GET "/index.html", parameters={}
2026-09-26T22:24:11.990+05:30 DEBUG 23996 --- [io-8080-exec-10] o.s.w.s.handler.SimpleUrlHandlerMapping  : Mapped to ResourceHttpRequestHandler [URL [file:frontend/], classpath [static/]]
2026-09-26T22:24:11.997+05:30 DEBUG 23996 --- [io-8080-exec-10] o.s.web.servlet.DispatcherServlet        : Completed 200 OK
2026-09-26T22:24:12.030+05:30 DEBUG 23996 --- [nio-8080-exec-4] o.s.web.servlet.DispatcherServlet        : GET "/style.css", parameters={}
2026-09-26T22:24:12.034+05:30 DEBUG 23996 --- [nio-8080-exec-4] o.s.w.s.handler.SimpleUrlHandlerMapping  : Mapped to ResourceHttpRequestHandler [URL [file:frontend/], classpath [static/]]
2026-09-26T22:24:12.039+05:30 DEBUG 23996 --- [nio-8080-exec-4] o.s.web.servlet.DispatcherServlet        : Completed 200 OK
2026-09-26T22:24:12.051+05:30 DEBUG 23996 --- [nio-8080-exec-7] o.s.web.servlet.DispatcherServlet        : GET "/api.js", parameters={}
2026-09-26T22:24:12.051+05:30 DEBUG 23996 --- [nio-8080-exec-9] o.s.web.servlet.DispatcherServlet        : GET "/utils.js", parameters={}
2026-09-26T22:24:12.051+05:30 DEBUG 23996 --- [nio-8080-exec-7] o.s.w.s.handler.SimpleUrlHandlerMapping  : Mapped to ResourceHttpRequestHandler [URL [file:frontend/], classpath [static/]]
2026-09-26T22:24:12.053+05:30 DEBUG 23996 --- [nio-8080-exec-9] o.s.w.s.handler.SimpleUrlHandlerMapping  : Mapped to ResourceHttpRequestHandler [URL [file:frontend/], classpath [static/]]
2026-09-26T22:24:12.056+05:30 DEBUG 23996 --- [nio-8080-exec-7] o.s.web.servlet.DispatcherServlet        : Completed 200 OK
2026-09-26T22:24:12.056+05:30 DEBUG 23996 --- [nio-8080-exec-9] o.s.web.servlet.DispatcherServlet        : Completed 200 OK
2026-09-26T22:24:12.103+05:30 DEBUG 23996 --- [nio-8080-exec-3] o.s.web.servlet.DispatcherServlet        : GET "/products", parameters={}
2026-09-26T22:24:12.103+05:30 DEBUG 23996 --- [nio-8080-exec-1] o.s.web.servlet.DispatcherServlet        : GET "/dashboard", parameters={}
2026-09-26T22:24:12.103+05:30 DEBUG 23996 --- [nio-8080-exec-3] s.w.s.m.m.a.RequestMappingHandlerMapping : Mapped to com.stocksense.controller.ProductController#listProducts()
2026-09-26T22:24:12.103+05:30 DEBUG 23996 --- [nio-8080-exec-1] s.w.s.m.m.a.RequestMappingHandlerMapping : Mapped to com.stocksense.controller.DashboardController#getDashboard()
2026-09-26T22:24:12.107+05:30 DEBUG 23996 --- [nio-8080-exec-3] org.hibernate.SQL                        : select p1_0.id,p1_0.category,p1_0.name,p1_0.sku,p1_0.unit_of_measure from products p1_0 order by p1_0.name
2026-09-26T22:24:12.107+05:30 DEBUG 23996 --- [nio-8080-exec-1] org.hibernate.SQL                        : select p1_0.id,p1_0.category,p1_0.name,p1_0.sku,p1_0.unit_of_measure from products p1_0 order by p1_0.name
2026-09-26T22:24:12.109+05:30 DEBUG 23996 --- [nio-8080-exec-3] org.hibernate.SQL                        : select sm1_0.product_id,cast(coalesce(sum(sm1_0.quantity_change),0) as integer) from stock_moves sm1_0 where sm1_0.status='CONFIRMED' group by sm1_0.product_id
2026-09-26T22:24:12.109+05:30 DEBUG 23996 --- [nio-8080-exec-1] org.hibernate.SQL                        : select sm1_0.product_id,cast(coalesce(sum(sm1_0.quantity_change),0) as integer) from stock_moves sm1_0 where sm1_0.status='CONFIRMED' group by sm1_0.product_id
2026-09-26T22:24:12.112+05:30 DEBUG 23996 --- [nio-8080-exec-3] org.hibernate.SQL                        : select sm1_0.product_id,sm1_0.location_id,l1_0.name,cast(coalesce(sum(sm1_0.quantity_change),0) as integer) from stock_moves sm1_0 join locations l1_0 on l1_0.id=sm1_0.location_id where sm1_0.status='CONFIRMED' group by sm1_0.product_id,sm1_0.location_id,l1_0.name
2026-09-26T22:24:12.112+05:30 DEBUG 23996 --- [nio-8080-exec-1] org.hibernate.SQL                        : select sm1_0.product_id,sm1_0.location_id,l1_0.name,cast(coalesce(sum(sm1_0.quantity_change),0) as integer) from stock_moves sm1_0 join locations l1_0 on l1_0.id=sm1_0.location_id where sm1_0.status='CONFIRMED' group by sm1_0.product_id,sm1_0.location_id,l1_0.name
2026-09-26T22:24:12.115+05:30 DEBUG 23996 --- [nio-8080-exec-3] o.s.w.s.m.m.a.HttpEntityMethodProcessor  : Using 'application/json', given [*/*] and supported [application/json, application/*+json]
2026-09-26T22:24:12.115+05:30 DEBUG 23996 --- [nio-8080-exec-3] o.s.w.s.m.m.a.HttpEntityMethodProcessor  : Writing [[com.stocksense.dto.ProductResponseDto@7ca39b59, com.stocksense.dto.ProductResponseDto@46e0fd7, com. (truncated)...]
2026-09-26T22:24:12.118+05:30 DEBUG 23996 --- [nio-8080-exec-3] o.s.web.servlet.DispatcherServlet        : Completed 200 OK
2026-09-26T22:24:12.118+05:30 DEBUG 23996 --- [nio-8080-exec-1] org.hibernate.SQL                        : select count(sm1_0.id) from stock_moves sm1_0 where sm1_0.status=? and sm1_0.move_type=?
2026-09-26T22:24:12.126+05:30 DEBUG 23996 --- [nio-8080-exec-1] org.hibernate.SQL                        : select count(sm1_0.id) from stock_moves sm1_0 where sm1_0.status=? and sm1_0.move_type=?
2026-09-26T22:24:12.130+05:30 DEBUG 23996 --- [nio-8080-exec-1] o.s.w.s.m.m.a.HttpEntityMethodProcessor  : Using 'application/json', given [*/*] and supported [application/json, application/*+json]
2026-09-26T22:24:12.130+05:30 DEBUG 23996 --- [nio-8080-exec-1] o.s.w.s.m.m.a.HttpEntityMethodProcessor  : Writing [com.stocksense.dto.DashboardResponseDto@1178901d]
2026-09-26T22:24:12.135+05:30 DEBUG 23996 --- [nio-8080-exec-1] o.s.web.servlet.DispatcherServlet        : Completed 200 OK
2026-09-26T22:24:12.139+05:30 DEBUG 23996 --- [nio-8080-exec-8] o.s.web.servlet.DispatcherServlet        : GET "/favicon.ico", parameters={}
2026-09-26T22:24:12.141+05:30 DEBUG 23996 --- [nio-8080-exec-8] o.s.w.s.handler.SimpleUrlHandlerMapping  : Mapped to ResourceHttpRequestHandler [URL [file:frontend/], classpath [static/]]
2026-09-26T22:24:12.142+05:30 DEBUG 23996 --- [nio-8080-exec-8] o.s.w.s.r.ResourceHttpRequestHandler     : Resource not found
2026-09-26T22:24:12.142+05:30 DEBUG 23996 --- [nio-8080-exec-8] .m.m.a.ExceptionHandlerExceptionResolver : Using @ExceptionHandler com.stocksense.controller.GlobalExceptionHandler#handleGenericException(Exception)
2026-09-26T22:24:12.145+05:30 DEBUG 23996 --- [nio-8080-exec-8] o.s.w.s.m.m.a.HttpEntityMethodProcessor  : Using 'application/json;q=0.8', given [image/avif, image/webp, image/apng, image/svg+xml, image/*, */*;q=0.8] and supported [application/json, application/*+json]
2026-09-26T22:24:12.145+05:30 DEBUG 23996 --- [nio-8080-exec-8] o.s.w.s.m.m.a.HttpEntityMethodProcessor  : Writing [com.stocksense.dto.ErrorResponseDto@1058da61]
2026-09-26T22:24:12.147+05:30 DEBUG 23996 --- [nio-8080-exec-8] .m.m.a.ExceptionHandlerExceptionResolver : Resolved [org.springframework.web.servlet.resource.NoResourceFoundException: No static resource favicon.ico.]
2026-09-26T22:24:12.147+05:30 DEBUG 23996 --- [nio-8080-exec-8] o.s.web.servlet.DispatcherServlet        : Completed 500 INTERNAL_SERVER_ERROR
2026-09-26T22:24:13.071+05:30 DEBUG 23996 --- [nio-8080-exec-6] o.s.web.servlet.DispatcherServlet        : GET "/settings.html", parameters={}
2026-09-26T22:24:13.071+05:30 DEBUG 23996 --- [nio-8080-exec-6] o.s.w.s.handler.SimpleUrlHandlerMapping  : Mapped to ResourceHttpRequestHandler [URL [file:frontend/], classpath [static/]]
2026-09-26T22:24:13.081+05:30 DEBUG 23996 --- [nio-8080-exec-6] o.s.web.servlet.DispatcherServlet        : Completed 200 OK
2026-09-26T22:24:13.108+05:30 DEBUG 23996 --- [nio-8080-exec-5] o.s.web.servlet.DispatcherServlet        : GET "/style.css", parameters={}
2026-09-26T22:24:13.111+05:30 DEBUG 23996 --- [nio-8080-exec-5] o.s.w.s.handler.SimpleUrlHandlerMapping  : Mapped to ResourceHttpRequestHandler [URL [file:frontend/], classpath [static/]]
2026-09-26T22:24:13.117+05:30 DEBUG 23996 --- [nio-8080-exec-5] o.s.web.servlet.DispatcherServlet        : Completed 200 OK
2026-09-26T22:24:13.127+05:30 DEBUG 23996 --- [nio-8080-exec-2] o.s.web.servlet.DispatcherServlet        : GET "/api.js", parameters={}
2026-09-26T22:24:13.127+05:30 DEBUG 23996 --- [io-8080-exec-10] o.s.web.servlet.DispatcherServlet        : GET "/utils.js", parameters={}
2026-09-26T22:24:13.129+05:30 DEBUG 23996 --- [nio-8080-exec-2] o.s.w.s.handler.SimpleUrlHandlerMapping  : Mapped to ResourceHttpRequestHandler [URL [file:frontend/], classpath [static/]]
2026-09-26T22:24:13.130+05:30 DEBUG 23996 --- [io-8080-exec-10] o.s.w.s.handler.SimpleUrlHandlerMapping  : Mapped to ResourceHttpRequestHandler [URL [file:frontend/], classpath [static/]]
2026-09-26T22:24:13.136+05:30 DEBUG 23996 --- [nio-8080-exec-2] o.s.web.servlet.DispatcherServlet        : Completed 200 OK
2026-09-26T22:24:13.136+05:30 DEBUG 23996 --- [io-8080-exec-10] o.s.web.servlet.DispatcherServlet        : Completed 200 OK
2026-09-26T22:24:13.252+05:30 DEBUG 23996 --- [nio-8080-exec-4] o.s.web.servlet.DispatcherServlet        : GET "/favicon.ico", parameters={}
2026-09-26T22:24:13.252+05:30 DEBUG 23996 --- [nio-8080-exec-4] o.s.w.s.handler.SimpleUrlHandlerMapping  : Mapped to ResourceHttpRequestHandler [URL [file:frontend/], classpath [static/]]
2026-09-26T22:24:13.258+05:30 DEBUG 23996 --- [nio-8080-exec-4] o.s.w.s.r.ResourceHttpRequestHandler     : Resource not found
2026-09-26T22:24:13.260+05:30 DEBUG 23996 --- [nio-8080-exec-4] .m.m.a.ExceptionHandlerExceptionResolver : Using @ExceptionHandler com.stocksense.controller.GlobalExceptionHandler#handleGenericException(Exception)
2026-09-26T22:24:13.260+05:30 DEBUG 23996 --- [nio-8080-exec-4] o.s.w.s.m.m.a.HttpEntityMethodProcessor  : Using 'application/json;q=0.8', given [image/avif, image/webp, image/apng, image/svg+xml, image/*, */*;q=0.8] and supported [application/json, application/*+json]
2026-09-26T22:24:13.260+05:30 DEBUG 23996 --- [nio-8080-exec-4] o.s.w.s.m.m.a.HttpEntityMethodProcessor  : Writing [com.stocksense.dto.ErrorResponseDto@654efe02]
2026-09-26T22:24:13.260+05:30 DEBUG 23996 --- [nio-8080-exec-4] .m.m.a.ExceptionHandlerExceptionResolver : Resolved [org.springframework.web.servlet.resource.NoResourceFoundException: No static resource favicon.ico.]
2026-09-26T22:24:13.268+05:30 DEBUG 23996 --- [nio-8080-exec-4] o.s.web.servlet.DispatcherServlet        : Completed 500 INTERNAL_SERVER_ERROR
2026-09-26T22:24:15.577+05:30 DEBUG 23996 --- [nio-8080-exec-7] o.s.web.servlet.DispatcherServlet        : GET "/login.html", parameters={}
2026-09-26T22:24:15.580+05:30 DEBUG 23996 --- [nio-8080-exec-7] o.s.w.s.handler.SimpleUrlHandlerMapping  : Mapped to ResourceHttpRequestHandler [URL [file:frontend/], classpath [static/]]
2026-09-26T22:24:15.580+05:30 DEBUG 23996 --- [nio-8080-exec-7] o.s.web.servlet.DispatcherServlet        : Completed 200 OK
2026-09-26T22:24:15.595+05:30 DEBUG 23996 --- [nio-8080-exec-9] o.s.web.servlet.DispatcherServlet        : GET "/style.css", parameters={}
2026-09-26T22:24:15.598+05:30 DEBUG 23996 --- [nio-8080-exec-9] o.s.w.s.handler.SimpleUrlHandlerMapping  : Mapped to ResourceHttpRequestHandler [URL [file:frontend/], classpath [static/]]
2026-09-26T22:24:15.602+05:30 DEBUG 23996 --- [nio-8080-exec-9] o.s.web.servlet.DispatcherServlet        : Completed 200 OK
2026-09-26T22:24:15.682+05:30 DEBUG 23996 --- [nio-8080-exec-1] o.s.web.servlet.DispatcherServlet        : GET "/utils.js", parameters={}
2026-09-26T22:24:15.682+05:30 DEBUG 23996 --- [nio-8080-exec-3] o.s.web.servlet.DispatcherServlet        : GET "/api.js", parameters={}
2026-09-26T22:24:15.683+05:30 DEBUG 23996 --- [nio-8080-exec-1] o.s.w.s.handler.SimpleUrlHandlerMapping  : Mapped to ResourceHttpRequestHandler [URL [file:frontend/], classpath [static/]]
2026-09-26T22:24:15.683+05:30 DEBUG 23996 --- [nio-8080-exec-3] o.s.w.s.handler.SimpleUrlHandlerMapping  : Mapped to ResourceHttpRequestHandler [URL [file:frontend/], classpath [static/]]
2026-09-26T22:24:15.686+05:30 DEBUG 23996 --- [nio-8080-exec-3] o.s.web.servlet.DispatcherServlet        : Completed 200 OK
2026-09-26T22:24:15.686+05:30 DEBUG 23996 --- [nio-8080-exec-1] o.s.web.servlet.DispatcherServlet        : Completed 200 OK
2026-09-26T22:24:15.709+05:30 DEBUG 23996 --- [nio-8080-exec-8] o.s.web.servlet.DispatcherServlet        : GET "/favicon.ico", parameters={}
2026-09-26T22:24:15.710+05:30 DEBUG 23996 --- [nio-8080-exec-8] o.s.w.s.handler.SimpleUrlHandlerMapping  : Mapped to ResourceHttpRequestHandler [URL [file:frontend/], classpath [static/]]
2026-09-26T22:24:15.714+05:30 DEBUG 23996 --- [nio-8080-exec-8] o.s.w.s.r.ResourceHttpRequestHandler     : Resource not found
2026-09-26T22:24:15.714+05:30 DEBUG 23996 --- [nio-8080-exec-8] .m.m.a.ExceptionHandlerExceptionResolver : Using @ExceptionHandler com.stocksense.controller.GlobalExceptionHandler#handleGenericException(Exception)
2026-09-26T22:24:15.719+05:30 DEBUG 23996 --- [nio-8080-exec-8] o.s.w.s.m.m.a.HttpEntityMethodProcessor  : Using 'application/json;q=0.8', given [image/avif, image/webp, image/apng, image/svg+xml, image/*, */*;q=0.8] and supported [application/json, application/*+json]
2026-09-26T22:24:15.719+05:30 DEBUG 23996 --- [nio-8080-exec-8] o.s.w.s.m.m.a.HttpEntityMethodProcessor  : Writing [com.stocksense.dto.ErrorResponseDto@233f4464]
2026-09-26T22:24:15.720+05:30 DEBUG 23996 --- [nio-8080-exec-8] .m.m.a.ExceptionHandlerExceptionResolver : Resolved [org.springframework.web.servlet.resource.NoResourceFoundException: No static resource favicon.ico.]
2026-09-26T22:24:15.720+05:30 DEBUG 23996 --- [nio-8080-exec-8] o.s.web.servlet.DispatcherServlet        : Completed 500 INTERNAL_SERVER_ERROR
2026-09-26T22:33:40.004+05:30 DEBUG 23996 --- [nio-8080-exec-5] o.s.web.servlet.DispatcherServlet        : POST "/auth/login", parameters={}
2026-09-26T22:33:40.016+05:30 DEBUG 23996 --- [nio-8080-exec-5] s.w.s.m.m.a.RequestMappingHandlerMapping : Mapped to com.stocksense.controller.AuthController#login(AuthRequestDto)
2026-09-26T22:33:40.046+05:30 DEBUG 23996 --- [nio-8080-exec-5] m.m.a.RequestResponseBodyMethodProcessor : Read "application/json;charset=UTF-8" to [com.stocksense.dto.AuthRequestDto@264a6fdc]
2026-09-26T22:33:40.131+05:30 DEBUG 23996 --- [nio-8080-exec-5] org.hibernate.SQL                        : select u1_0.id,u1_0.created_at,u1_0.email,u1_0.password_hash from users u1_0 where upper(u1_0.email)=upper(?)
2026-09-26T22:33:40.338+05:30 DEBUG 23996 --- [nio-8080-exec-5] o.s.w.s.m.m.a.HttpEntityMethodProcessor  : Using 'application/json', given [*/*] and supported [application/json, application/*+json]
2026-09-26T22:33:40.341+05:30 DEBUG 23996 --- [nio-8080-exec-5] o.s.w.s.m.m.a.HttpEntityMethodProcessor  : Writing [com.stocksense.dto.AuthResponseDto@62158c6f]
2026-09-26T22:33:40.348+05:30 DEBUG 23996 --- [nio-8080-exec-5] o.s.web.servlet.DispatcherServlet        : Completed 200 OK
2026-09-26T22:33:40.896+05:30 DEBUG 23996 --- [nio-8080-exec-2] o.s.web.servlet.DispatcherServlet        : GET "/index.html", parameters={}
2026-09-26T22:33:40.900+05:30 DEBUG 23996 --- [nio-8080-exec-2] o.s.w.s.handler.SimpleUrlHandlerMapping  : Mapped to ResourceHttpRequestHandler [URL [file:frontend/], classpath [static/]]
2026-09-26T22:33:40.910+05:30 DEBUG 23996 --- [nio-8080-exec-2] o.s.web.servlet.DispatcherServlet        : Completed 200 OK
2026-09-26T22:33:40.944+05:30 DEBUG 23996 --- [io-8080-exec-10] o.s.web.servlet.DispatcherServlet        : GET "/style.css", parameters={}
2026-09-26T22:33:40.947+05:30 DEBUG 23996 --- [io-8080-exec-10] o.s.w.s.handler.SimpleUrlHandlerMapping  : Mapped to ResourceHttpRequestHandler [URL [file:frontend/], classpath [static/]]
2026-09-26T22:33:40.956+05:30 DEBUG 23996 --- [io-8080-exec-10] o.s.web.servlet.DispatcherServlet        : Completed 200 OK
2026-09-26T22:33:40.995+05:30 DEBUG 23996 --- [nio-8080-exec-7] o.s.web.servlet.DispatcherServlet        : GET "/utils.js", parameters={}
2026-09-26T22:33:40.995+05:30 DEBUG 23996 --- [nio-8080-exec-4] o.s.web.servlet.DispatcherServlet        : GET "/api.js", parameters={}
2026-09-26T22:33:40.997+05:30 DEBUG 23996 --- [nio-8080-exec-7] o.s.w.s.handler.SimpleUrlHandlerMapping  : Mapped to ResourceHttpRequestHandler [URL [file:frontend/], classpath [static/]]
2026-09-26T22:33:41.004+05:30 DEBUG 23996 --- [nio-8080-exec-7] o.s.web.servlet.DispatcherServlet        : Completed 200 OK
2026-09-26T22:33:40.997+05:30 DEBUG 23996 --- [nio-8080-exec-4] o.s.w.s.handler.SimpleUrlHandlerMapping  : Mapped to ResourceHttpRequestHandler [URL [file:frontend/], classpath [static/]]
2026-09-26T22:33:41.013+05:30 DEBUG 23996 --- [nio-8080-exec-4] o.s.web.servlet.DispatcherServlet        : Completed 200 OK
2026-09-26T22:33:41.062+05:30 DEBUG 23996 --- [nio-8080-exec-9] o.s.web.servlet.DispatcherServlet        : GET "/dashboard", parameters={}
2026-09-26T22:33:41.067+05:30 DEBUG 23996 --- [nio-8080-exec-3] o.s.web.servlet.DispatcherServlet        : GET "/products", parameters={}
2026-09-26T22:33:41.070+05:30 DEBUG 23996 --- [nio-8080-exec-9] s.w.s.m.m.a.RequestMappingHandlerMapping : Mapped to com.stocksense.controller.DashboardController#getDashboard()
2026-09-26T22:33:41.070+05:30 DEBUG 23996 --- [nio-8080-exec-3] s.w.s.m.m.a.RequestMappingHandlerMapping : Mapped to com.stocksense.controller.ProductController#listProducts()
2026-09-26T22:33:41.110+05:30 DEBUG 23996 --- [nio-8080-exec-3] org.hibernate.SQL                        : select p1_0.id,p1_0.category,p1_0.name,p1_0.sku,p1_0.unit_of_measure from products p1_0 order by p1_0.name
2026-09-26T22:33:41.121+05:30 DEBUG 23996 --- [nio-8080-exec-1] o.s.web.servlet.DispatcherServlet        : GET "/favicon.ico", parameters={}
2026-09-26T22:33:41.117+05:30 DEBUG 23996 --- [nio-8080-exec-9] org.hibernate.SQL                        : select p1_0.id,p1_0.category,p1_0.name,p1_0.sku,p1_0.unit_of_measure from products p1_0 order by p1_0.name
2026-09-26T22:33:41.126+05:30 DEBUG 23996 --- [nio-8080-exec-1] o.s.w.s.handler.SimpleUrlHandlerMapping  : Mapped to ResourceHttpRequestHandler [URL [file:frontend/], classpath [static/]]
2026-09-26T22:33:41.142+05:30 DEBUG 23996 --- [nio-8080-exec-3] org.hibernate.SQL                        : select sm1_0.product_id,cast(coalesce(sum(sm1_0.quantity_change),0) as integer) from stock_moves sm1_0 where sm1_0.status='CONFIRMED' group by sm1_0.product_id
2026-09-26T22:33:41.144+05:30 DEBUG 23996 --- [nio-8080-exec-9] org.hibernate.SQL                        : select sm1_0.product_id,cast(coalesce(sum(sm1_0.quantity_change),0) as integer) from stock_moves sm1_0 where sm1_0.status='CONFIRMED' group by sm1_0.product_id
2026-09-26T22:33:41.153+05:30 DEBUG 23996 --- [nio-8080-exec-1] o.s.w.s.r.ResourceHttpRequestHandler     : Resource not found
2026-09-26T22:33:41.158+05:30 DEBUG 23996 --- [nio-8080-exec-1] .m.m.a.ExceptionHandlerExceptionResolver : Using @ExceptionHandler com.stocksense.controller.GlobalExceptionHandler#handleGenericException(Exception)
2026-09-26T22:33:41.162+05:30 DEBUG 23996 --- [nio-8080-exec-1] o.s.w.s.m.m.a.HttpEntityMethodProcessor  : Using 'application/json;q=0.8', given [image/avif, image/webp, image/apng, image/svg+xml, image/*, */*;q=0.8] and supported [application/json, application/*+json]
2026-09-26T22:33:41.172+05:30 DEBUG 23996 --- [nio-8080-exec-1] o.s.w.s.m.m.a.HttpEntityMethodProcessor  : Writing [com.stocksense.dto.ErrorResponseDto@4591d33a]
2026-09-26T22:33:41.178+05:30 DEBUG 23996 --- [nio-8080-exec-3] org.hibernate.SQL                        : select sm1_0.product_id,sm1_0.location_id,l1_0.name,cast(coalesce(sum(sm1_0.quantity_change),0) as integer) from stock_moves sm1_0 join locations l1_0 on l1_0.id=sm1_0.location_id where sm1_0.status='CONFIRMED' group by sm1_0.product_id,sm1_0.location_id,l1_0.name
2026-09-26T22:33:41.178+05:30 DEBUG 23996 --- [nio-8080-exec-9] org.hibernate.SQL                        : select sm1_0.product_id,sm1_0.location_id,l1_0.name,cast(coalesce(sum(sm1_0.quantity_change),0) as integer) from stock_moves sm1_0 join locations l1_0 on l1_0.id=sm1_0.location_id where sm1_0.status='CONFIRMED' group by sm1_0.product_id,sm1_0.location_id,l1_0.name
2026-09-26T22:33:41.180+05:30 DEBUG 23996 --- [nio-8080-exec-1] .m.m.a.ExceptionHandlerExceptionResolver : Resolved [org.springframework.web.servlet.resource.NoResourceFoundException: No static resource favicon.ico.]
2026-09-26T22:33:41.202+05:30 DEBUG 23996 --- [nio-8080-exec-1] o.s.web.servlet.DispatcherServlet        : Completed 500 INTERNAL_SERVER_ERROR
2026-09-26T22:33:41.198+05:30 DEBUG 23996 --- [nio-8080-exec-3] o.s.w.s.m.m.a.HttpEntityMethodProcessor  : Using 'application/json', given [*/*] and supported [application/json, application/*+json]
2026-09-26T22:33:41.209+05:30 DEBUG 23996 --- [nio-8080-exec-3] o.s.w.s.m.m.a.HttpEntityMethodProcessor  : Writing [[com.stocksense.dto.ProductResponseDto@5670776a, com.stocksense.dto.ProductResponseDto@1d49022a, com (truncated)...]
2026-09-26T22:33:41.212+05:30 DEBUG 23996 --- [nio-8080-exec-3] o.s.web.servlet.DispatcherServlet        : Completed 200 OK
2026-09-26T22:33:41.218+05:30 DEBUG 23996 --- [nio-8080-exec-9] org.hibernate.SQL                        : select count(sm1_0.id) from stock_moves sm1_0 where sm1_0.status=? and sm1_0.move_type=?
2026-09-26T22:33:41.228+05:30 DEBUG 23996 --- [nio-8080-exec-9] org.hibernate.SQL                        : select count(sm1_0.id) from stock_moves sm1_0 where sm1_0.status=? and sm1_0.move_type=?
2026-09-26T22:33:41.232+05:30 DEBUG 23996 --- [nio-8080-exec-9] o.s.w.s.m.m.a.HttpEntityMethodProcessor  : Using 'application/json', given [*/*] and supported [application/json, application/*+json]
2026-09-26T22:33:41.234+05:30 DEBUG 23996 --- [nio-8080-exec-9] o.s.w.s.m.m.a.HttpEntityMethodProcessor  : Writing [com.stocksense.dto.DashboardResponseDto@30ed9efd]
2026-09-26T22:33:41.240+05:30 DEBUG 23996 --- [nio-8080-exec-9] o.s.web.servlet.DispatcherServlet        : Completed 200 OK
2026-09-26T22:34:11.068+05:30 DEBUG 23996 --- [nio-8080-exec-8] o.s.web.servlet.DispatcherServlet        : GET "/dashboard", parameters={}
2026-09-26T22:34:11.068+05:30 DEBUG 23996 --- [nio-8080-exec-6] o.s.web.servlet.DispatcherServlet        : GET "/products", parameters={}
2026-09-26T22:34:11.071+05:30 DEBUG 23996 --- [nio-8080-exec-8] s.w.s.m.m.a.RequestMappingHandlerMapping : Mapped to com.stocksense.controller.DashboardController#getDashboard()
2026-09-26T22:34:11.071+05:30 DEBUG 23996 --- [nio-8080-exec-6] s.w.s.m.m.a.RequestMappingHandlerMapping : Mapped to com.stocksense.controller.ProductController#listProducts()
2026-09-26T22:34:11.080+05:30 DEBUG 23996 --- [nio-8080-exec-6] org.hibernate.SQL                        : select p1_0.id,p1_0.category,p1_0.name,p1_0.sku,p1_0.unit_of_measure from products p1_0 order by p1_0.name
2026-09-26T22:34:11.080+05:30 DEBUG 23996 --- [nio-8080-exec-8] org.hibernate.SQL                        : select p1_0.id,p1_0.category,p1_0.name,p1_0.sku,p1_0.unit_of_measure from products p1_0 order by p1_0.name
2026-09-26T22:34:11.082+05:30 DEBUG 23996 --- [nio-8080-exec-6] org.hibernate.SQL                        : select sm1_0.product_id,cast(coalesce(sum(sm1_0.quantity_change),0) as integer) from stock_moves sm1_0 where sm1_0.status='CONFIRMED' group by sm1_0.product_id
2026-09-26T22:34:11.082+05:30 DEBUG 23996 --- [nio-8080-exec-8] org.hibernate.SQL                        : select sm1_0.product_id,cast(coalesce(sum(sm1_0.quantity_change),0) as integer) from stock_moves sm1_0 where sm1_0.status='CONFIRMED' group by sm1_0.product_id
2026-09-26T22:34:11.086+05:30 DEBUG 23996 --- [nio-8080-exec-6] org.hibernate.SQL                        : select sm1_0.product_id,sm1_0.location_id,l1_0.name,cast(coalesce(sum(sm1_0.quantity_change),0) as integer) from stock_moves sm1_0 join locations l1_0 on l1_0.id=sm1_0.location_id where sm1_0.status='CONFIRMED' group by sm1_0.product_id,sm1_0.location_id,l1_0.name
2026-09-26T22:34:11.086+05:30 DEBUG 23996 --- [nio-8080-exec-8] org.hibernate.SQL                        : select sm1_0.product_id,sm1_0.location_id,l1_0.name,cast(coalesce(sum(sm1_0.quantity_change),0) as integer) from stock_moves sm1_0 join locations l1_0 on l1_0.id=sm1_0.location_id where sm1_0.status='CONFIRMED' group by sm1_0.product_id,sm1_0.location_id,l1_0.name
2026-09-26T22:34:11.113+05:30 DEBUG 23996 --- [nio-8080-exec-6] o.s.w.s.m.m.a.HttpEntityMethodProcessor  : Using 'application/json', given [*/*] and supported [application/json, application/*+json]
2026-09-26T22:34:11.116+05:30 DEBUG 23996 --- [nio-8080-exec-6] o.s.w.s.m.m.a.HttpEntityMethodProcessor  : Writing [[com.stocksense.dto.ProductResponseDto@5aba689e, com.stocksense.dto.ProductResponseDto@74d2ea5c, com (truncated)...]
2026-09-26T22:34:11.118+05:30 DEBUG 23996 --- [nio-8080-exec-8] org.hibernate.SQL                        : select count(sm1_0.id) from stock_moves sm1_0 where sm1_0.status=? and sm1_0.move_type=?
2026-09-26T22:34:11.120+05:30 DEBUG 23996 --- [nio-8080-exec-6] o.s.web.servlet.DispatcherServlet        : Completed 200 OK
2026-09-26T22:34:11.126+05:30 DEBUG 23996 --- [nio-8080-exec-8] org.hibernate.SQL                        : select count(sm1_0.id) from stock_moves sm1_0 where sm1_0.status=? and sm1_0.move_type=?
2026-09-26T22:34:11.136+05:30 DEBUG 23996 --- [nio-8080-exec-8] o.s.w.s.m.m.a.HttpEntityMethodProcessor  : Using 'application/json', given [*/*] and supported [application/json, application/*+json]
2026-09-26T22:34:11.136+05:30 DEBUG 23996 --- [nio-8080-exec-8] o.s.w.s.m.m.a.HttpEntityMethodProcessor  : Writing [com.stocksense.dto.DashboardResponseDto@2416ec1e]
2026-09-26T22:34:11.140+05:30 DEBUG 23996 --- [nio-8080-exec-8] o.s.web.servlet.DispatcherServlet        : Completed 200 OK
2026-09-26T22:34:41.070+05:30 DEBUG 23996 --- [nio-8080-exec-2] o.s.web.servlet.DispatcherServlet        : GET "/products", parameters={}
2026-09-26T22:34:41.070+05:30 DEBUG 23996 --- [nio-8080-exec-5] o.s.web.servlet.DispatcherServlet        : GET "/dashboard", parameters={}
2026-09-26T22:34:41.070+05:30 DEBUG 23996 --- [nio-8080-exec-2] s.w.s.m.m.a.RequestMappingHandlerMapping : Mapped to com.stocksense.controller.ProductController#listProducts()
2026-09-26T22:34:41.070+05:30 DEBUG 23996 --- [nio-8080-exec-5] s.w.s.m.m.a.RequestMappingHandlerMapping : Mapped to com.stocksense.controller.DashboardController#getDashboard()
2026-09-26T22:34:41.080+05:30 DEBUG 23996 --- [nio-8080-exec-2] org.hibernate.SQL                        : select p1_0.id,p1_0.category,p1_0.name,p1_0.sku,p1_0.unit_of_measure from products p1_0 order by p1_0.name
2026-09-26T22:34:41.080+05:30 DEBUG 23996 --- [nio-8080-exec-5] org.hibernate.SQL                        : select p1_0.id,p1_0.category,p1_0.name,p1_0.sku,p1_0.unit_of_measure from products p1_0 order by p1_0.name
2026-09-26T22:34:41.082+05:30 DEBUG 23996 --- [nio-8080-exec-5] org.hibernate.SQL                        : select sm1_0.product_id,cast(coalesce(sum(sm1_0.quantity_change),0) as integer) from stock_moves sm1_0 where sm1_0.status='CONFIRMED' group by sm1_0.product_id
2026-09-26T22:34:41.082+05:30 DEBUG 23996 --- [nio-8080-exec-2] org.hibernate.SQL                        : select sm1_0.product_id,cast(coalesce(sum(sm1_0.quantity_change),0) as integer) from stock_moves sm1_0 where sm1_0.status='CONFIRMED' group by sm1_0.product_id
2026-09-26T22:34:41.088+05:30 DEBUG 23996 --- [nio-8080-exec-5] org.hibernate.SQL                        : select sm1_0.product_id,sm1_0.location_id,l1_0.name,cast(coalesce(sum(sm1_0.quantity_change),0) as integer) from stock_moves sm1_0 join locations l1_0 on l1_0.id=sm1_0.location_id where sm1_0.status='CONFIRMED' group by sm1_0.product_id,sm1_0.location_id,l1_0.name
2026-09-26T22:34:41.090+05:30 DEBUG 23996 --- [nio-8080-exec-2] org.hibernate.SQL                        : select sm1_0.product_id,sm1_0.location_id,l1_0.name,cast(coalesce(sum(sm1_0.quantity_change),0) as integer) from stock_moves sm1_0 join locations l1_0 on l1_0.id=sm1_0.location_id where sm1_0.status='CONFIRMED' group by sm1_0.product_id,sm1_0.location_id,l1_0.name
2026-09-26T22:34:41.094+05:30 DEBUG 23996 --- [nio-8080-exec-2] o.s.w.s.m.m.a.HttpEntityMethodProcessor  : Using 'application/json', given [*/*] and supported [application/json, application/*+json]
2026-09-26T22:34:41.094+05:30 DEBUG 23996 --- [nio-8080-exec-5] org.hibernate.SQL                        : select count(sm1_0.id) from stock_moves sm1_0 where sm1_0.status=? and sm1_0.move_type=?
2026-09-26T22:34:41.096+05:30 DEBUG 23996 --- [nio-8080-exec-2] o.s.w.s.m.m.a.HttpEntityMethodProcessor  : Writing [[com.stocksense.dto.ProductResponseDto@3265e7ac, com.stocksense.dto.ProductResponseDto@1706a864, com (truncated)...]
2026-09-26T22:34:41.101+05:30 DEBUG 23996 --- [nio-8080-exec-5] org.hibernate.SQL                        : select count(sm1_0.id) from stock_moves sm1_0 where sm1_0.status=? and sm1_0.move_type=?
2026-09-26T22:34:41.103+05:30 DEBUG 23996 --- [nio-8080-exec-2] o.s.web.servlet.DispatcherServlet        : Completed 200 OK
2026-09-26T22:34:41.106+05:30 DEBUG 23996 --- [nio-8080-exec-5] o.s.w.s.m.m.a.HttpEntityMethodProcessor  : Using 'application/json', given [*/*] and supported [application/json, application/*+json]
2026-09-26T22:34:41.108+05:30 DEBUG 23996 --- [nio-8080-exec-5] o.s.w.s.m.m.a.HttpEntityMethodProcessor  : Writing [com.stocksense.dto.DashboardResponseDto@4b02cca9]
2026-09-26T22:34:41.114+05:30 DEBUG 23996 --- [nio-8080-exec-5] o.s.web.servlet.DispatcherServlet        : Completed 200 OK
2026-09-26T22:34:44.950+05:30 DEBUG 23996 --- [io-8080-exec-10] o.s.web.servlet.DispatcherServlet        : GET "/history.html", parameters={}
2026-09-26T22:34:44.952+05:30 DEBUG 23996 --- [io-8080-exec-10] o.s.w.s.handler.SimpleUrlHandlerMapping  : Mapped to ResourceHttpRequestHandler [URL [file:frontend/], classpath [static/]]
2026-09-26T22:34:44.958+05:30 DEBUG 23996 --- [io-8080-exec-10] o.s.web.servlet.DispatcherServlet        : Completed 200 OK
2026-09-26T22:34:44.988+05:30 DEBUG 23996 --- [nio-8080-exec-7] o.s.web.servlet.DispatcherServlet        : GET "/style.css", parameters={}
2026-09-26T22:34:44.990+05:30 DEBUG 23996 --- [nio-8080-exec-7] o.s.w.s.handler.SimpleUrlHandlerMapping  : Mapped to ResourceHttpRequestHandler [URL [file:frontend/], classpath [static/]]
2026-09-26T22:34:44.993+05:30 DEBUG 23996 --- [nio-8080-exec-7] o.s.web.servlet.DispatcherServlet        : Completed 200 OK
2026-09-26T22:34:45.008+05:30 DEBUG 23996 --- [nio-8080-exec-4] o.s.web.servlet.DispatcherServlet        : GET "/api.js", parameters={}
2026-09-26T22:34:45.008+05:30 DEBUG 23996 --- [nio-8080-exec-1] o.s.web.servlet.DispatcherServlet        : GET "/utils.js", parameters={}
2026-09-26T22:34:45.021+05:30 DEBUG 23996 --- [nio-8080-exec-4] o.s.w.s.handler.SimpleUrlHandlerMapping  : Mapped to ResourceHttpRequestHandler [URL [file:frontend/], classpath [static/]]
2026-09-26T22:34:45.021+05:30 DEBUG 23996 --- [nio-8080-exec-1] o.s.w.s.handler.SimpleUrlHandlerMapping  : Mapped to ResourceHttpRequestHandler [URL [file:frontend/], classpath [static/]]
2026-09-26T22:34:45.032+05:30 DEBUG 23996 --- [nio-8080-exec-1] o.s.web.servlet.DispatcherServlet        : Completed 200 OK
2026-09-26T22:34:45.032+05:30 DEBUG 23996 --- [nio-8080-exec-4] o.s.web.servlet.DispatcherServlet        : Completed 200 OK
2026-09-26T22:34:45.076+05:30 DEBUG 23996 --- [nio-8080-exec-3] o.s.web.servlet.DispatcherServlet        : GET "/moves/all", parameters={}
2026-09-26T22:34:45.076+05:30 DEBUG 23996 --- [nio-8080-exec-3] s.w.s.m.m.a.RequestMappingHandlerMapping : Mapped to com.stocksense.controller.StockMoveController#getAllMoves()
2026-09-26T22:34:45.096+05:30 DEBUG 23996 --- [nio-8080-exec-9] o.s.web.servlet.DispatcherServlet        : GET "/favicon.ico", parameters={}
2026-09-26T22:34:45.100+05:30 DEBUG 23996 --- [nio-8080-exec-9] o.s.w.s.handler.SimpleUrlHandlerMapping  : Mapped to ResourceHttpRequestHandler [URL [file:frontend/], classpath [static/]]
2026-09-26T22:34:45.104+05:30 DEBUG 23996 --- [nio-8080-exec-9] o.s.w.s.r.ResourceHttpRequestHandler     : Resource not found
2026-09-26T22:34:45.104+05:30 DEBUG 23996 --- [nio-8080-exec-9] .m.m.a.ExceptionHandlerExceptionResolver : Using @ExceptionHandler com.stocksense.controller.GlobalExceptionHandler#handleGenericException(Exception)
2026-09-26T22:34:45.108+05:30 DEBUG 23996 --- [nio-8080-exec-9] o.s.w.s.m.m.a.HttpEntityMethodProcessor  : Using 'application/json;q=0.8', given [image/avif, image/webp, image/apng, image/svg+xml, image/*, */*;q=0.8] and supported [application/json, application/*+json]
2026-09-26T22:34:45.109+05:30 DEBUG 23996 --- [nio-8080-exec-9] o.s.w.s.m.m.a.HttpEntityMethodProcessor  : Writing [com.stocksense.dto.ErrorResponseDto@56e62794]
2026-09-26T22:34:45.110+05:30 DEBUG 23996 --- [nio-8080-exec-3] org.hibernate.SQL                        : select sm1_0.id,sm1_0.location_id,l1_0.id,l1_0.name,sm1_0.move_type,sm1_0.note,sm1_0.product_id,p1_0.id,p1_0.category,p1_0.name,p1_0.sku,p1_0.unit_of_measure,sm1_0.quantity_change,sm1_0.status,sm1_0.supplier_name,sm1_0.timestamp from stock_moves sm1_0 join products p1_0 on p1_0.id=sm1_0.product_id join locations l1_0 on l1_0.id=sm1_0.location_id order by sm1_0.timestamp desc
2026-09-26T22:34:45.110+05:30 DEBUG 23996 --- [nio-8080-exec-9] .m.m.a.ExceptionHandlerExceptionResolver : Resolved [org.springframework.web.servlet.resource.NoResourceFoundException: No static resource favicon.ico.]
2026-09-26T22:34:45.112+05:30 DEBUG 23996 --- [nio-8080-exec-9] o.s.web.servlet.DispatcherServlet        : Completed 500 INTERNAL_SERVER_ERROR
2026-09-26T22:34:45.130+05:30 DEBUG 23996 --- [nio-8080-exec-3] o.s.w.s.m.m.a.HttpEntityMethodProcessor  : Using 'application/json', given [*/*] and supported [application/json, application/*+json]
2026-09-26T22:34:45.132+05:30 DEBUG 23996 --- [nio-8080-exec-3] o.s.w.s.m.m.a.HttpEntityMethodProcessor  : Writing [[com.stocksense.dto.StockMoveResponseDto@5d4dec16, com.stocksense.dto.StockMoveResponseDto@12d847fd, (truncated)...]
2026-09-26T22:34:45.136+05:30 DEBUG 23996 --- [nio-8080-exec-3] o.s.web.servlet.DispatcherServlet        : Completed 200 OK
2026-09-26T22:34:52.735+05:30 DEBUG 23996 --- [nio-8080-exec-6] o.s.web.servlet.DispatcherServlet        : GET "/index.html", parameters={}
2026-09-26T22:34:52.737+05:30 DEBUG 23996 --- [nio-8080-exec-6] o.s.w.s.handler.SimpleUrlHandlerMapping  : Mapped to ResourceHttpRequestHandler [URL [file:frontend/], classpath [static/]]
2026-09-26T22:34:52.744+05:30 DEBUG 23996 --- [nio-8080-exec-6] o.s.web.servlet.DispatcherServlet        : Completed 200 OK
2026-09-26T22:34:52.765+05:30 DEBUG 23996 --- [nio-8080-exec-8] o.s.web.servlet.DispatcherServlet        : GET "/style.css", parameters={}
2026-09-26T22:34:52.770+05:30 DEBUG 23996 --- [nio-8080-exec-8] o.s.w.s.handler.SimpleUrlHandlerMapping  : Mapped to ResourceHttpRequestHandler [URL [file:frontend/], classpath [static/]]
2026-09-26T22:34:52.772+05:30 DEBUG 23996 --- [nio-8080-exec-8] o.s.web.servlet.DispatcherServlet        : Completed 200 OK
2026-09-26T22:34:52.788+05:30 DEBUG 23996 --- [nio-8080-exec-2] o.s.web.servlet.DispatcherServlet        : GET "/api.js", parameters={}
2026-09-26T22:34:52.793+05:30 DEBUG 23996 --- [nio-8080-exec-5] o.s.web.servlet.DispatcherServlet        : GET "/utils.js", parameters={}
2026-09-26T22:34:52.793+05:30 DEBUG 23996 --- [nio-8080-exec-2] o.s.w.s.handler.SimpleUrlHandlerMapping  : Mapped to ResourceHttpRequestHandler [URL [file:frontend/], classpath [static/]]
2026-09-26T22:34:52.796+05:30 DEBUG 23996 --- [nio-8080-exec-5] o.s.w.s.handler.SimpleUrlHandlerMapping  : Mapped to ResourceHttpRequestHandler [URL [file:frontend/], classpath [static/]]
2026-09-26T22:34:52.804+05:30 DEBUG 23996 --- [nio-8080-exec-2] o.s.web.servlet.DispatcherServlet        : Completed 200 OK
2026-09-26T22:34:52.804+05:30 DEBUG 23996 --- [nio-8080-exec-5] o.s.web.servlet.DispatcherServlet        : Completed 200 OK
2026-09-26T22:34:52.829+05:30 DEBUG 23996 --- [io-8080-exec-10] o.s.web.servlet.DispatcherServlet        : GET "/dashboard", parameters={}
2026-09-26T22:34:52.829+05:30 DEBUG 23996 --- [nio-8080-exec-7] o.s.web.servlet.DispatcherServlet        : GET "/products", parameters={}
2026-09-26T22:34:52.830+05:30 DEBUG 23996 --- [io-8080-exec-10] s.w.s.m.m.a.RequestMappingHandlerMapping : Mapped to com.stocksense.controller.DashboardController#getDashboard()
2026-09-26T22:34:52.830+05:30 DEBUG 23996 --- [nio-8080-exec-7] s.w.s.m.m.a.RequestMappingHandlerMapping : Mapped to com.stocksense.controller.ProductController#listProducts()
2026-09-26T22:34:52.838+05:30 DEBUG 23996 --- [io-8080-exec-10] org.hibernate.SQL                        : select p1_0.id,p1_0.category,p1_0.name,p1_0.sku,p1_0.unit_of_measure from products p1_0 order by p1_0.name
2026-09-26T22:34:52.838+05:30 DEBUG 23996 --- [nio-8080-exec-7] org.hibernate.SQL                        : select p1_0.id,p1_0.category,p1_0.name,p1_0.sku,p1_0.unit_of_measure from products p1_0 order by p1_0.name
2026-09-26T22:34:52.851+05:30 DEBUG 23996 --- [nio-8080-exec-7] org.hibernate.SQL                        : select sm1_0.product_id,cast(coalesce(sum(sm1_0.quantity_change),0) as integer) from stock_moves sm1_0 where sm1_0.status='CONFIRMED' group by sm1_0.product_id
2026-09-26T22:34:52.858+05:30 DEBUG 23996 --- [nio-8080-exec-7] org.hibernate.SQL                        : select sm1_0.product_id,sm1_0.location_id,l1_0.name,cast(coalesce(sum(sm1_0.quantity_change),0) as integer) from stock_moves sm1_0 join locations l1_0 on l1_0.id=sm1_0.location_id where sm1_0.status='CONFIRMED' group by sm1_0.product_id,sm1_0.location_id,l1_0.name
2026-09-26T22:34:52.862+05:30 DEBUG 23996 --- [nio-8080-exec-7] o.s.w.s.m.m.a.HttpEntityMethodProcessor  : Using 'application/json', given [*/*] and supported [application/json, application/*+json]
2026-09-26T22:34:52.880+05:30 DEBUG 23996 --- [nio-8080-exec-7] o.s.w.s.m.m.a.HttpEntityMethodProcessor  : Writing [[com.stocksense.dto.ProductResponseDto@3f663250, com.stocksense.dto.ProductResponseDto@36fd8cfe, com (truncated)...]
2026-09-26T22:34:52.883+05:30 DEBUG 23996 --- [nio-8080-exec-7] o.s.web.servlet.DispatcherServlet        : Completed 200 OK
2026-09-26T22:34:52.908+05:30 DEBUG 23996 --- [nio-8080-exec-1] o.s.web.servlet.DispatcherServlet        : GET "/favicon.ico", parameters={}
2026-09-26T22:34:52.915+05:30 DEBUG 23996 --- [io-8080-exec-10] org.hibernate.SQL                        : select sm1_0.product_id,cast(coalesce(sum(sm1_0.quantity_change),0) as integer) from stock_moves sm1_0 where sm1_0.status='CONFIRMED' group by sm1_0.product_id
2026-09-26T22:34:52.933+05:30 DEBUG 23996 --- [io-8080-exec-10] org.hibernate.SQL                        : select sm1_0.product_id,sm1_0.location_id,l1_0.name,cast(coalesce(sum(sm1_0.quantity_change),0) as integer) from stock_moves sm1_0 join locations l1_0 on l1_0.id=sm1_0.location_id where sm1_0.status='CONFIRMED' group by sm1_0.product_id,sm1_0.location_id,l1_0.name
2026-09-26T22:34:52.943+05:30 DEBUG 23996 --- [nio-8080-exec-1] o.s.w.s.handler.SimpleUrlHandlerMapping  : Mapped to ResourceHttpRequestHandler [URL [file:frontend/], classpath [static/]]
2026-09-26T22:34:52.950+05:30 DEBUG 23996 --- [nio-8080-exec-1] o.s.w.s.r.ResourceHttpRequestHandler     : Resource not found
2026-09-26T22:34:52.951+05:30 DEBUG 23996 --- [nio-8080-exec-1] .m.m.a.ExceptionHandlerExceptionResolver : Using @ExceptionHandler com.stocksense.controller.GlobalExceptionHandler#handleGenericException(Exception)
2026-09-26T22:34:52.956+05:30 DEBUG 23996 --- [nio-8080-exec-1] o.s.w.s.m.m.a.HttpEntityMethodProcessor  : Using 'application/json;q=0.8', given [image/avif, image/webp, image/apng, image/svg+xml, image/*, */*;q=0.8] and supported [application/json, application/*+json]
2026-09-26T22:34:52.961+05:30 DEBUG 23996 --- [nio-8080-exec-1] o.s.w.s.m.m.a.HttpEntityMethodProcessor  : Writing [com.stocksense.dto.ErrorResponseDto@1c54be88]
2026-09-26T22:34:52.966+05:30 DEBUG 23996 --- [io-8080-exec-10] org.hibernate.SQL                        : select count(sm1_0.id) from stock_moves sm1_0 where sm1_0.status=? and sm1_0.move_type=?
2026-09-26T22:34:52.976+05:30 DEBUG 23996 --- [io-8080-exec-10] org.hibernate.SQL                        : select count(sm1_0.id) from stock_moves sm1_0 where sm1_0.status=? and sm1_0.move_type=?
2026-09-26T22:34:52.966+05:30 DEBUG 23996 --- [nio-8080-exec-1] .m.m.a.ExceptionHandlerExceptionResolver : Resolved [org.springframework.web.servlet.resource.NoResourceFoundException: No static resource favicon.ico.]
2026-09-26T22:34:52.981+05:30 DEBUG 23996 --- [io-8080-exec-10] o.s.w.s.m.m.a.HttpEntityMethodProcessor  : Using 'application/json', given [*/*] and supported [application/json, application/*+json]
2026-09-26T22:34:52.981+05:30 DEBUG 23996 --- [nio-8080-exec-1] o.s.web.servlet.DispatcherServlet        : Completed 500 INTERNAL_SERVER_ERROR
2026-09-26T22:34:52.983+05:30 DEBUG 23996 --- [io-8080-exec-10] o.s.w.s.m.m.a.HttpEntityMethodProcessor  : Writing [com.stocksense.dto.DashboardResponseDto@79c0b54e]
2026-09-26T22:34:52.985+05:30 DEBUG 23996 --- [io-8080-exec-10] o.s.web.servlet.DispatcherServlet        : Completed 200 OK
2026-09-26T22:35:04.975+05:30 DEBUG 23996 --- [nio-8080-exec-4] o.s.web.servlet.DispatcherServlet        : GET "/reports/inventory-pdf", parameters={}
2026-09-26T22:35:04.976+05:30 DEBUG 23996 --- [nio-8080-exec-4] s.w.s.m.m.a.RequestMappingHandlerMapping : Mapped to com.stocksense.controller.DashboardController#getInventoryPdf()
2026-09-26T22:35:04.996+05:30 DEBUG 23996 --- [nio-8080-exec-4] org.hibernate.SQL                        : select p1_0.id,p1_0.category,p1_0.name,p1_0.sku,p1_0.unit_of_measure from products p1_0 order by p1_0.name
2026-09-26T22:35:05.003+05:30 DEBUG 23996 --- [nio-8080-exec-4] org.hibernate.SQL                        : select sm1_0.product_id,cast(coalesce(sum(sm1_0.quantity_change),0) as integer) from stock_moves sm1_0 where sm1_0.status='CONFIRMED' group by sm1_0.product_id
2026-09-26T22:35:05.008+05:30 DEBUG 23996 --- [nio-8080-exec-4] org.hibernate.SQL                        : select sm1_0.product_id,sm1_0.location_id,l1_0.name,cast(coalesce(sum(sm1_0.quantity_change),0) as integer) from stock_moves sm1_0 join locations l1_0 on l1_0.id=sm1_0.location_id where sm1_0.status='CONFIRMED' group by sm1_0.product_id,sm1_0.location_id,l1_0.name
2026-09-26T22:35:05.058+05:30 DEBUG 23996 --- [nio-8080-exec-4] o.s.w.s.m.m.a.HttpEntityMethodProcessor  : Found 'Content-Type:application/pdf' in response
2026-09-26T22:35:05.074+05:30 DEBUG 23996 --- [nio-8080-exec-4] o.s.w.s.m.m.a.HttpEntityMethodProcessor  : Writing [{37, 80, 68, 70, 45, 49, 46, 52, 10, 37, 83, 116, 111, 99, 107, 83, 101, 110, 115, 101, 10, 49, 32,  (truncated)...]
2026-09-26T22:35:05.076+05:30 DEBUG 23996 --- [nio-8080-exec-4] o.s.web.servlet.DispatcherServlet        : Completed 200 OK
2026-09-26T22:35:25.698+05:30 DEBUG 23996 --- [nio-8080-exec-9] o.s.web.servlet.DispatcherServlet        : GET "/dashboard", parameters={}
2026-09-26T22:35:25.700+05:30 DEBUG 23996 --- [nio-8080-exec-9] s.w.s.m.m.a.RequestMappingHandlerMapping : Mapped to com.stocksense.controller.DashboardController#getDashboard()
2026-09-26T22:35:25.714+05:30 DEBUG 23996 --- [nio-8080-exec-9] org.hibernate.SQL                        : select p1_0.id,p1_0.category,p1_0.name,p1_0.sku,p1_0.unit_of_measure from products p1_0 order by p1_0.name
2026-09-26T22:35:25.722+05:30 DEBUG 23996 --- [nio-8080-exec-9] org.hibernate.SQL                        : select sm1_0.product_id,cast(coalesce(sum(sm1_0.quantity_change),0) as integer) from stock_moves sm1_0 where sm1_0.status='CONFIRMED' group by sm1_0.product_id
2026-09-26T22:35:25.751+05:30 DEBUG 23996 --- [nio-8080-exec-9] org.hibernate.SQL                        : select sm1_0.product_id,sm1_0.location_id,l1_0.name,cast(coalesce(sum(sm1_0.quantity_change),0) as integer) from stock_moves sm1_0 join locations l1_0 on l1_0.id=sm1_0.location_id where sm1_0.status='CONFIRMED' group by sm1_0.product_id,sm1_0.location_id,l1_0.name
2026-09-26T22:35:25.766+05:30 DEBUG 23996 --- [nio-8080-exec-9] org.hibernate.SQL                        : select count(sm1_0.id) from stock_moves sm1_0 where sm1_0.status=? and sm1_0.move_type=?
2026-09-26T22:35:25.770+05:30 DEBUG 23996 --- [nio-8080-exec-9] org.hibernate.SQL                        : select count(sm1_0.id) from stock_moves sm1_0 where sm1_0.status=? and sm1_0.move_type=?
2026-09-26T22:35:25.785+05:30 DEBUG 23996 --- [nio-8080-exec-9] o.s.w.s.m.m.a.HttpEntityMethodProcessor  : Using 'application/json', given [*/*] and supported [application/json, application/*+json]
2026-09-26T22:35:25.805+05:30 DEBUG 23996 --- [nio-8080-exec-9] o.s.w.s.m.m.a.HttpEntityMethodProcessor  : Writing [com.stocksense.dto.DashboardResponseDto@284ffe32]
2026-09-26T22:35:25.806+05:30 DEBUG 23996 --- [nio-8080-exec-9] o.s.web.servlet.DispatcherServlet        : Completed 200 OK
2026-09-26T22:35:25.825+05:30 DEBUG 23996 --- [nio-8080-exec-3] o.s.web.servlet.DispatcherServlet        : GET "/products", parameters={}
2026-09-26T22:35:25.828+05:30 DEBUG 23996 --- [nio-8080-exec-3] s.w.s.m.m.a.RequestMappingHandlerMapping : Mapped to com.stocksense.controller.ProductController#listProducts()
2026-09-26T22:35:25.832+05:30 DEBUG 23996 --- [nio-8080-exec-3] org.hibernate.SQL                        : select p1_0.id,p1_0.category,p1_0.name,p1_0.sku,p1_0.unit_of_measure from products p1_0 order by p1_0.name
2026-09-26T22:35:25.834+05:30 DEBUG 23996 --- [nio-8080-exec-3] org.hibernate.SQL                        : select sm1_0.product_id,cast(coalesce(sum(sm1_0.quantity_change),0) as integer) from stock_moves sm1_0 where sm1_0.status='CONFIRMED' group by sm1_0.product_id
2026-09-26T22:35:25.838+05:30 DEBUG 23996 --- [nio-8080-exec-3] org.hibernate.SQL                        : select sm1_0.product_id,sm1_0.location_id,l1_0.name,cast(coalesce(sum(sm1_0.quantity_change),0) as integer) from stock_moves sm1_0 join locations l1_0 on l1_0.id=sm1_0.location_id where sm1_0.status='CONFIRMED' group by sm1_0.product_id,sm1_0.location_id,l1_0.name
2026-09-26T22:35:25.843+05:30 DEBUG 23996 --- [nio-8080-exec-3] o.s.w.s.m.m.a.HttpEntityMethodProcessor  : Using 'application/json', given [*/*] and supported [application/json, application/*+json]
2026-09-26T22:35:25.844+05:30 DEBUG 23996 --- [nio-8080-exec-3] o.s.w.s.m.m.a.HttpEntityMethodProcessor  : Writing [[com.stocksense.dto.ProductResponseDto@26759cd4, com.stocksense.dto.ProductResponseDto@666ea5df, com (truncated)...]
2026-09-26T22:35:25.846+05:30 DEBUG 23996 --- [nio-8080-exec-3] o.s.web.servlet.DispatcherServlet        : Completed 200 OK
2026-09-26T22:35:40.151+05:30 DEBUG 23996 --- [nio-8080-exec-6] o.s.web.servlet.DispatcherServlet        : GET "/products.html", parameters={}
2026-09-26T22:35:40.153+05:30 DEBUG 23996 --- [nio-8080-exec-6] o.s.w.s.handler.SimpleUrlHandlerMapping  : Mapped to ResourceHttpRequestHandler [URL [file:frontend/], classpath [static/]]
2026-09-26T22:35:40.164+05:30 DEBUG 23996 --- [nio-8080-exec-6] o.s.web.servlet.DispatcherServlet        : Completed 200 OK
2026-09-26T22:35:40.200+05:30 DEBUG 23996 --- [nio-8080-exec-8] o.s.web.servlet.DispatcherServlet        : GET "/style.css", parameters={}
2026-09-26T22:35:40.228+05:30 DEBUG 23996 --- [nio-8080-exec-8] o.s.w.s.handler.SimpleUrlHandlerMapping  : Mapped to ResourceHttpRequestHandler [URL [file:frontend/], classpath [static/]]
2026-09-26T22:35:40.252+05:30 DEBUG 23996 --- [nio-8080-exec-8] o.s.web.servlet.DispatcherServlet        : Completed 200 OK
2026-09-26T22:35:40.323+05:30 DEBUG 23996 --- [nio-8080-exec-2] o.s.web.servlet.DispatcherServlet        : GET "/api.js", parameters={}
2026-09-26T22:35:40.324+05:30 DEBUG 23996 --- [nio-8080-exec-5] o.s.web.servlet.DispatcherServlet        : GET "/utils.js", parameters={}
2026-09-26T22:35:40.326+05:30 DEBUG 23996 --- [nio-8080-exec-2] o.s.w.s.handler.SimpleUrlHandlerMapping  : Mapped to ResourceHttpRequestHandler [URL [file:frontend/], classpath [static/]]
2026-09-26T22:35:40.331+05:30 DEBUG 23996 --- [nio-8080-exec-5] o.s.w.s.handler.SimpleUrlHandlerMapping  : Mapped to ResourceHttpRequestHandler [URL [file:frontend/], classpath [static/]]
2026-09-26T22:35:40.333+05:30 DEBUG 23996 --- [nio-8080-exec-2] o.s.web.servlet.DispatcherServlet        : Completed 200 OK
2026-09-26T22:35:40.338+05:30 DEBUG 23996 --- [nio-8080-exec-5] o.s.web.servlet.DispatcherServlet        : Completed 200 OK
2026-09-26T22:35:40.413+05:30 DEBUG 23996 --- [nio-8080-exec-7] o.s.web.servlet.DispatcherServlet        : GET "/products", parameters={}
2026-09-26T22:35:40.415+05:30 DEBUG 23996 --- [nio-8080-exec-7] s.w.s.m.m.a.RequestMappingHandlerMapping : Mapped to com.stocksense.controller.ProductController#listProducts()
2026-09-26T22:35:40.420+05:30 DEBUG 23996 --- [nio-8080-exec-7] org.hibernate.SQL                        : select p1_0.id,p1_0.category,p1_0.name,p1_0.sku,p1_0.unit_of_measure from products p1_0 order by p1_0.name
2026-09-26T22:35:40.422+05:30 DEBUG 23996 --- [nio-8080-exec-7] org.hibernate.SQL                        : select sm1_0.product_id,cast(coalesce(sum(sm1_0.quantity_change),0) as integer) from stock_moves sm1_0 where sm1_0.status='CONFIRMED' group by sm1_0.product_id
2026-09-26T22:35:40.426+05:30 DEBUG 23996 --- [nio-8080-exec-7] org.hibernate.SQL                        : select sm1_0.product_id,sm1_0.location_id,l1_0.name,cast(coalesce(sum(sm1_0.quantity_change),0) as integer) from stock_moves sm1_0 join locations l1_0 on l1_0.id=sm1_0.location_id where sm1_0.status='CONFIRMED' group by sm1_0.product_id,sm1_0.location_id,l1_0.name
2026-09-26T22:35:40.430+05:30 DEBUG 23996 --- [nio-8080-exec-7] o.s.w.s.m.m.a.HttpEntityMethodProcessor  : Using 'application/json', given [*/*] and supported [application/json, application/*+json]
2026-09-26T22:35:40.432+05:30 DEBUG 23996 --- [nio-8080-exec-7] o.s.w.s.m.m.a.HttpEntityMethodProcessor  : Writing [[com.stocksense.dto.ProductResponseDto@5a405a72, com.stocksense.dto.ProductResponseDto@4dd10694, com (truncated)...]
2026-09-26T22:35:40.434+05:30 DEBUG 23996 --- [nio-8080-exec-7] o.s.web.servlet.DispatcherServlet        : Completed 200 OK
2026-09-26T22:35:40.434+05:30 DEBUG 23996 --- [nio-8080-exec-1] o.s.web.servlet.DispatcherServlet        : GET "/favicon.ico", parameters={}
2026-09-26T22:35:40.436+05:30 DEBUG 23996 --- [nio-8080-exec-1] o.s.w.s.handler.SimpleUrlHandlerMapping  : Mapped to ResourceHttpRequestHandler [URL [file:frontend/], classpath [static/]]
2026-09-26T22:35:40.440+05:30 DEBUG 23996 --- [nio-8080-exec-1] o.s.w.s.r.ResourceHttpRequestHandler     : Resource not found
2026-09-26T22:35:40.441+05:30 DEBUG 23996 --- [nio-8080-exec-1] .m.m.a.ExceptionHandlerExceptionResolver : Using @ExceptionHandler com.stocksense.controller.GlobalExceptionHandler#handleGenericException(Exception)
2026-09-26T22:35:40.443+05:30 DEBUG 23996 --- [nio-8080-exec-1] o.s.w.s.m.m.a.HttpEntityMethodProcessor  : Using 'application/json;q=0.8', given [image/avif, image/webp, image/apng, image/svg+xml, image/*, */*;q=0.8] and supported [application/json, application/*+json]
2026-09-26T22:35:40.444+05:30 DEBUG 23996 --- [nio-8080-exec-1] o.s.w.s.m.m.a.HttpEntityMethodProcessor  : Writing [com.stocksense.dto.ErrorResponseDto@be11557]
2026-09-26T22:35:40.446+05:30 DEBUG 23996 --- [nio-8080-exec-1] .m.m.a.ExceptionHandlerExceptionResolver : Resolved [org.springframework.web.servlet.resource.NoResourceFoundException: No static resource favicon.ico.]
2026-09-26T22:35:40.448+05:30 DEBUG 23996 --- [nio-8080-exec-1] o.s.web.servlet.DispatcherServlet        : Completed 500 INTERNAL_SERVER_ERROR
2026-09-26T22:36:02.316+05:30 DEBUG 23996 --- [io-8080-exec-10] o.s.web.servlet.DispatcherServlet        : POST "/products", parameters={}
2026-09-26T22:36:02.316+05:30 DEBUG 23996 --- [io-8080-exec-10] s.w.s.m.m.a.RequestMappingHandlerMapping : Mapped to com.stocksense.controller.ProductController#createProduct(ProductCreateDto)
2026-09-26T22:36:02.324+05:30 DEBUG 23996 --- [io-8080-exec-10] m.m.a.RequestResponseBodyMethodProcessor : Read "application/json;charset=UTF-8" to [com.stocksense.dto.ProductCreateDto@68e01bfa]
2026-09-26T22:36:02.406+05:30 DEBUG 23996 --- [io-8080-exec-10] org.hibernate.SQL                        : select p1_0.id from products p1_0 where upper(p1_0.sku)=upper(?) fetch first ? rows only
2026-09-26T22:36:02.429+05:30 DEBUG 23996 --- [io-8080-exec-10] org.hibernate.SQL                        : insert into products (category,name,sku,unit_of_measure,id) values (?,?,?,?,default)
2026-09-26T22:36:02.442+05:30 DEBUG 23996 --- [io-8080-exec-10] o.s.w.s.m.m.a.HttpEntityMethodProcessor  : Using 'application/json', given [*/*] and supported [application/json, application/*+json]
2026-09-26T22:36:02.442+05:30 DEBUG 23996 --- [io-8080-exec-10] o.s.w.s.m.m.a.HttpEntityMethodProcessor  : Writing [com.stocksense.dto.ProductResponseDto@4d657c00]
2026-09-26T22:36:02.446+05:30 DEBUG 23996 --- [io-8080-exec-10] o.s.web.servlet.DispatcherServlet        : Completed 201 CREATED
2026-09-26T22:36:02.460+05:30 DEBUG 23996 --- [nio-8080-exec-4] o.s.web.servlet.DispatcherServlet        : GET "/products", parameters={}
2026-09-26T22:36:02.463+05:30 DEBUG 23996 --- [nio-8080-exec-4] s.w.s.m.m.a.RequestMappingHandlerMapping : Mapped to com.stocksense.controller.ProductController#listProducts()
2026-09-26T22:36:02.471+05:30 DEBUG 23996 --- [nio-8080-exec-4] org.hibernate.SQL                        : select p1_0.id,p1_0.category,p1_0.name,p1_0.sku,p1_0.unit_of_measure from products p1_0 order by p1_0.name
2026-09-26T22:36:02.473+05:30 DEBUG 23996 --- [nio-8080-exec-4] org.hibernate.SQL                        : select sm1_0.product_id,cast(coalesce(sum(sm1_0.quantity_change),0) as integer) from stock_moves sm1_0 where sm1_0.status='CONFIRMED' group by sm1_0.product_id
2026-09-26T22:36:02.478+05:30 DEBUG 23996 --- [nio-8080-exec-4] org.hibernate.SQL                        : select sm1_0.product_id,sm1_0.location_id,l1_0.name,cast(coalesce(sum(sm1_0.quantity_change),0) as integer) from stock_moves sm1_0 join locations l1_0 on l1_0.id=sm1_0.location_id where sm1_0.status='CONFIRMED' group by sm1_0.product_id,sm1_0.location_id,l1_0.name
2026-09-26T22:36:02.484+05:30 DEBUG 23996 --- [nio-8080-exec-4] o.s.w.s.m.m.a.HttpEntityMethodProcessor  : Using 'application/json', given [*/*] and supported [application/json, application/*+json]
2026-09-26T22:36:02.484+05:30 DEBUG 23996 --- [nio-8080-exec-4] o.s.w.s.m.m.a.HttpEntityMethodProcessor  : Writing [[com.stocksense.dto.ProductResponseDto@558f517f, com.stocksense.dto.ProductResponseDto@6a434d3e, com (truncated)...]
2026-09-26T22:36:02.489+05:30 DEBUG 23996 --- [nio-8080-exec-4] o.s.web.servlet.DispatcherServlet        : Completed 200 OK
2026-09-26T22:36:23.565+05:30 DEBUG 23996 --- [nio-8080-exec-9] o.s.web.servlet.DispatcherServlet        : GET "/receipt.html", parameters={}
2026-09-26T22:36:23.566+05:30 DEBUG 23996 --- [nio-8080-exec-9] o.s.w.s.handler.SimpleUrlHandlerMapping  : Mapped to ResourceHttpRequestHandler [URL [file:frontend/], classpath [static/]]
2026-09-26T22:36:23.570+05:30 DEBUG 23996 --- [nio-8080-exec-9] o.s.web.servlet.DispatcherServlet        : Completed 200 OK
2026-09-26T22:36:23.596+05:30 DEBUG 23996 --- [nio-8080-exec-3] o.s.web.servlet.DispatcherServlet        : GET "/style.css", parameters={}
2026-09-26T22:36:23.600+05:30 DEBUG 23996 --- [nio-8080-exec-3] o.s.w.s.handler.SimpleUrlHandlerMapping  : Mapped to ResourceHttpRequestHandler [URL [file:frontend/], classpath [static/]]
2026-09-26T22:36:23.602+05:30 DEBUG 23996 --- [nio-8080-exec-3] o.s.web.servlet.DispatcherServlet        : Completed 200 OK
2026-09-26T22:36:23.608+05:30 DEBUG 23996 --- [nio-8080-exec-6] o.s.web.servlet.DispatcherServlet        : GET "/api.js", parameters={}
2026-09-26T22:36:23.608+05:30 DEBUG 23996 --- [nio-8080-exec-8] o.s.web.servlet.DispatcherServlet        : GET "/utils.js", parameters={}
2026-09-26T22:36:23.610+05:30 DEBUG 23996 --- [nio-8080-exec-6] o.s.w.s.handler.SimpleUrlHandlerMapping  : Mapped to ResourceHttpRequestHandler [URL [file:frontend/], classpath [static/]]
2026-09-26T22:36:23.612+05:30 DEBUG 23996 --- [nio-8080-exec-8] o.s.w.s.handler.SimpleUrlHandlerMapping  : Mapped to ResourceHttpRequestHandler [URL [file:frontend/], classpath [static/]]
2026-09-26T22:36:23.614+05:30 DEBUG 23996 --- [nio-8080-exec-6] o.s.web.servlet.DispatcherServlet        : Completed 200 OK
2026-09-26T22:36:23.614+05:30 DEBUG 23996 --- [nio-8080-exec-8] o.s.web.servlet.DispatcherServlet        : Completed 200 OK
2026-09-26T22:36:23.632+05:30 DEBUG 23996 --- [nio-8080-exec-2] o.s.web.servlet.DispatcherServlet        : GET "/products", parameters={}
2026-09-26T22:36:23.632+05:30 DEBUG 23996 --- [nio-8080-exec-5] o.s.web.servlet.DispatcherServlet        : GET "/locations", parameters={}
2026-09-26T22:36:23.634+05:30 DEBUG 23996 --- [nio-8080-exec-2] s.w.s.m.m.a.RequestMappingHandlerMapping : Mapped to com.stocksense.controller.ProductController#listProducts()
2026-09-26T22:36:23.635+05:30 DEBUG 23996 --- [nio-8080-exec-5] s.w.s.m.m.a.RequestMappingHandlerMapping : Mapped to com.stocksense.controller.LocationController#getAllLocations()
2026-09-26T22:36:23.649+05:30 DEBUG 23996 --- [nio-8080-exec-7] o.s.web.servlet.DispatcherServlet        : GET "/moves/recent?limit=5&type=receipt", parameters={masked}
2026-09-26T22:36:23.649+05:30 DEBUG 23996 --- [nio-8080-exec-2] org.hibernate.SQL                        : select p1_0.id,p1_0.category,p1_0.name,p1_0.sku,p1_0.unit_of_measure from products p1_0 order by p1_0.name
2026-09-26T22:36:23.651+05:30 DEBUG 23996 --- [nio-8080-exec-7] s.w.s.m.m.a.RequestMappingHandlerMapping : Mapped to com.stocksense.controller.StockMoveController#getRecentMoves(String, int)
2026-09-26T22:36:23.654+05:30 DEBUG 23996 --- [nio-8080-exec-2] org.hibernate.SQL                        : select sm1_0.product_id,cast(coalesce(sum(sm1_0.quantity_change),0) as integer) from stock_moves sm1_0 where sm1_0.status='CONFIRMED' group by sm1_0.product_id
2026-09-26T22:36:23.654+05:30 DEBUG 23996 --- [nio-8080-exec-5] org.hibernate.SQL                        : select l1_0.id,l1_0.name from locations l1_0 order by l1_0.name
2026-09-26T22:36:23.659+05:30 DEBUG 23996 --- [nio-8080-exec-2] org.hibernate.SQL                        : select sm1_0.product_id,sm1_0.location_id,l1_0.name,cast(coalesce(sum(sm1_0.quantity_change),0) as integer) from stock_moves sm1_0 join locations l1_0 on l1_0.id=sm1_0.location_id where sm1_0.status='CONFIRMED' group by sm1_0.product_id,sm1_0.location_id,l1_0.name
2026-09-26T22:36:23.662+05:30 DEBUG 23996 --- [nio-8080-exec-5] o.s.w.s.m.m.a.HttpEntityMethodProcessor  : Using 'application/json', given [*/*] and supported [application/json, application/*+json]
2026-09-26T22:36:23.662+05:30 DEBUG 23996 --- [nio-8080-exec-5] o.s.w.s.m.m.a.HttpEntityMethodProcessor  : Writing [[com.stocksense.model.Location@20, com.stocksense.model.Location@40]]
2026-09-26T22:36:23.664+05:30 DEBUG 23996 --- [nio-8080-exec-2] o.s.w.s.m.m.a.HttpEntityMethodProcessor  : Using 'application/json', given [*/*] and supported [application/json, application/*+json]
2026-09-26T22:36:23.664+05:30 DEBUG 23996 --- [nio-8080-exec-2] o.s.w.s.m.m.a.HttpEntityMethodProcessor  : Writing [[com.stocksense.dto.ProductResponseDto@2ae04b66, com.stocksense.dto.ProductResponseDto@adca67b, com. (truncated)...]
2026-09-26T22:36:23.664+05:30 DEBUG 23996 --- [nio-8080-exec-5] o.s.web.servlet.DispatcherServlet        : Completed 200 OK
2026-09-26T22:36:23.668+05:30 DEBUG 23996 --- [nio-8080-exec-2] o.s.web.servlet.DispatcherServlet        : Completed 200 OK
2026-09-26T22:36:23.676+05:30 DEBUG 23996 --- [nio-8080-exec-7] org.hibernate.SQL                        : select sm1_0.id,sm1_0.location_id,l1_0.id,l1_0.name,sm1_0.move_type,sm1_0.note,sm1_0.product_id,p1_0.id,p1_0.category,p1_0.name,p1_0.sku,p1_0.unit_of_measure,sm1_0.quantity_change,sm1_0.status,sm1_0.supplier_name,sm1_0.timestamp from stock_moves sm1_0 join products p1_0 on p1_0.id=sm1_0.product_id join locations l1_0 on l1_0.id=sm1_0.location_id where sm1_0.move_type=? order by sm1_0.timestamp desc fetch first ? rows only
2026-09-26T22:36:23.685+05:30 DEBUG 23996 --- [nio-8080-exec-7] o.s.w.s.m.m.a.HttpEntityMethodProcessor  : Using 'application/json', given [*/*] and supported [application/json, application/*+json]
2026-09-26T22:36:23.686+05:30 DEBUG 23996 --- [nio-8080-exec-7] o.s.w.s.m.m.a.HttpEntityMethodProcessor  : Writing [[com.stocksense.dto.StockMoveResponseDto@6783b60c, com.stocksense.dto.StockMoveResponseDto@3f6eeedd, (truncated)...]
2026-09-26T22:36:23.688+05:30 DEBUG 23996 --- [nio-8080-exec-7] o.s.web.servlet.DispatcherServlet        : Completed 200 OK
2026-09-26T22:36:23.762+05:30 DEBUG 23996 --- [nio-8080-exec-1] o.s.web.servlet.DispatcherServlet        : GET "/favicon.ico", parameters={}
2026-09-26T22:36:23.764+05:30 DEBUG 23996 --- [nio-8080-exec-1] o.s.w.s.handler.SimpleUrlHandlerMapping  : Mapped to ResourceHttpRequestHandler [URL [file:frontend/], classpath [static/]]
2026-09-26T22:36:23.767+05:30 DEBUG 23996 --- [nio-8080-exec-1] o.s.w.s.r.ResourceHttpRequestHandler     : Resource not found
2026-09-26T22:36:23.767+05:30 DEBUG 23996 --- [nio-8080-exec-1] .m.m.a.ExceptionHandlerExceptionResolver : Using @ExceptionHandler com.stocksense.controller.GlobalExceptionHandler#handleGenericException(Exception)
2026-09-26T22:36:23.769+05:30 DEBUG 23996 --- [nio-8080-exec-1] o.s.w.s.m.m.a.HttpEntityMethodProcessor  : Using 'application/json;q=0.8', given [image/avif, image/webp, image/apng, image/svg+xml, image/*, */*;q=0.8] and supported [application/json, application/*+json]
2026-09-26T22:36:23.769+05:30 DEBUG 23996 --- [nio-8080-exec-1] o.s.w.s.m.m.a.HttpEntityMethodProcessor  : Writing [com.stocksense.dto.ErrorResponseDto@5ecc844e]
2026-09-26T22:36:23.769+05:30 DEBUG 23996 --- [nio-8080-exec-1] .m.m.a.ExceptionHandlerExceptionResolver : Resolved [org.springframework.web.servlet.resource.NoResourceFoundException: No static resource favicon.ico.]
2026-09-26T22:36:23.769+05:30 DEBUG 23996 --- [nio-8080-exec-1] o.s.web.servlet.DispatcherServlet        : Completed 500 INTERNAL_SERVER_ERROR
2026-09-26T22:36:46.736+05:30 DEBUG 23996 --- [io-8080-exec-10] o.s.web.servlet.DispatcherServlet        : POST "/moves/receipt", parameters={}
2026-09-26T22:36:46.742+05:30 DEBUG 23996 --- [io-8080-exec-10] s.w.s.m.m.a.RequestMappingHandlerMapping : Mapped to com.stocksense.controller.StockMoveController#recordReceipt(ReceiptRequestDto)
2026-09-26T22:36:46.748+05:30 DEBUG 23996 --- [io-8080-exec-10] m.m.a.RequestResponseBodyMethodProcessor : Read "application/json;charset=UTF-8" to [com.stocksense.dto.ReceiptRequestDto@587d6369]
2026-09-26T22:36:46.786+05:30 DEBUG 23996 --- [io-8080-exec-10] org.hibernate.SQL                        : select p1_0.id,p1_0.category,p1_0.name,p1_0.sku,p1_0.unit_of_measure from products p1_0 where p1_0.id=?
2026-09-26T22:36:46.800+05:30 DEBUG 23996 --- [io-8080-exec-10] org.hibernate.SQL                        : select l1_0.id,l1_0.name from locations l1_0 where l1_0.id=?
2026-09-26T22:36:46.806+05:30 DEBUG 23996 --- [io-8080-exec-10] org.hibernate.SQL                        : insert into stock_moves (location_id,move_type,note,product_id,quantity_change,status,supplier_name,timestamp,id) values (?,?,?,?,?,?,?,?,default)
2026-09-26T22:36:46.812+05:30 DEBUG 23996 --- [io-8080-exec-10] o.s.w.s.m.m.a.HttpEntityMethodProcessor  : Using 'application/json', given [*/*] and supported [application/json, application/*+json]
2026-09-26T22:36:46.817+05:30 DEBUG 23996 --- [io-8080-exec-10] o.s.w.s.m.m.a.HttpEntityMethodProcessor  : Writing [com.stocksense.dto.StockMoveResponseDto@2c6c519]
2026-09-26T22:36:46.821+05:30 DEBUG 23996 --- [io-8080-exec-10] o.s.web.servlet.DispatcherServlet        : Completed 201 CREATED
2026-09-26T22:36:46.843+05:30 DEBUG 23996 --- [nio-8080-exec-4] o.s.web.servlet.DispatcherServlet        : GET "/products", parameters={}
2026-09-26T22:36:46.844+05:30 DEBUG 23996 --- [nio-8080-exec-9] o.s.web.servlet.DispatcherServlet        : GET "/moves/recent?limit=5&type=receipt", parameters={masked}
2026-09-26T22:36:46.846+05:30 DEBUG 23996 --- [nio-8080-exec-4] s.w.s.m.m.a.RequestMappingHandlerMapping : Mapped to com.stocksense.controller.ProductController#listProducts()
2026-09-26T22:36:46.848+05:30 DEBUG 23996 --- [nio-8080-exec-9] s.w.s.m.m.a.RequestMappingHandlerMapping : Mapped to com.stocksense.controller.StockMoveController#getRecentMoves(String, int)
2026-09-26T22:36:46.874+05:30 DEBUG 23996 --- [nio-8080-exec-9] org.hibernate.SQL                        : select sm1_0.id,sm1_0.location_id,l1_0.id,l1_0.name,sm1_0.move_type,sm1_0.note,sm1_0.product_id,p1_0.id,p1_0.category,p1_0.name,p1_0.sku,p1_0.unit_of_measure,sm1_0.quantity_change,sm1_0.status,sm1_0.supplier_name,sm1_0.timestamp from stock_moves sm1_0 join products p1_0 on p1_0.id=sm1_0.product_id join locations l1_0 on l1_0.id=sm1_0.location_id where sm1_0.move_type=? order by sm1_0.timestamp desc fetch first ? rows only
2026-09-26T22:36:46.876+05:30 DEBUG 23996 --- [nio-8080-exec-4] org.hibernate.SQL                        : select p1_0.id,p1_0.category,p1_0.name,p1_0.sku,p1_0.unit_of_measure from products p1_0 order by p1_0.name
2026-09-26T22:36:46.882+05:30 DEBUG 23996 --- [nio-8080-exec-9] o.s.w.s.m.m.a.HttpEntityMethodProcessor  : Using 'application/json', given [*/*] and supported [application/json, application/*+json]
2026-09-26T22:36:46.884+05:30 DEBUG 23996 --- [nio-8080-exec-9] o.s.w.s.m.m.a.HttpEntityMethodProcessor  : Writing [[com.stocksense.dto.StockMoveResponseDto@de74fc8, com.stocksense.dto.StockMoveResponseDto@2608f887,  (truncated)...]
2026-09-26T22:36:46.884+05:30 DEBUG 23996 --- [nio-8080-exec-4] org.hibernate.SQL                        : select sm1_0.product_id,cast(coalesce(sum(sm1_0.quantity_change),0) as integer) from stock_moves sm1_0 where sm1_0.status='CONFIRMED' group by sm1_0.product_id
2026-09-26T22:36:46.887+05:30 DEBUG 23996 --- [nio-8080-exec-9] o.s.web.servlet.DispatcherServlet        : Completed 200 OK
2026-09-26T22:36:46.908+05:30 DEBUG 23996 --- [nio-8080-exec-4] org.hibernate.SQL                        : select sm1_0.product_id,sm1_0.location_id,l1_0.name,cast(coalesce(sum(sm1_0.quantity_change),0) as integer) from stock_moves sm1_0 join locations l1_0 on l1_0.id=sm1_0.location_id where sm1_0.status='CONFIRMED' group by sm1_0.product_id,sm1_0.location_id,l1_0.name
2026-09-26T22:36:46.914+05:30 DEBUG 23996 --- [nio-8080-exec-4] o.s.w.s.m.m.a.HttpEntityMethodProcessor  : Using 'application/json', given [*/*] and supported [application/json, application/*+json]
2026-09-26T22:36:46.923+05:30 DEBUG 23996 --- [nio-8080-exec-4] o.s.w.s.m.m.a.HttpEntityMethodProcessor  : Writing [[com.stocksense.dto.ProductResponseDto@26ae99cf, com.stocksense.dto.ProductResponseDto@389f854d, com (truncated)...]
2026-09-26T22:36:46.934+05:30 DEBUG 23996 --- [nio-8080-exec-4] o.s.web.servlet.DispatcherServlet        : Completed 200 OK
2026-09-26T22:37:04.581+05:30 DEBUG 23996 --- [nio-8080-exec-3] o.s.web.servlet.DispatcherServlet        : POST "/moves/receipt/draft", parameters={}
2026-09-26T22:37:04.582+05:30 DEBUG 23996 --- [nio-8080-exec-3] s.w.s.m.m.a.RequestMappingHandlerMapping : Mapped to com.stocksense.controller.StockMoveController#saveReceiptDraft(ReceiptRequestDto)
2026-09-26T22:37:04.585+05:30 DEBUG 23996 --- [nio-8080-exec-3] m.m.a.RequestResponseBodyMethodProcessor : Read "application/json;charset=UTF-8" to [com.stocksense.dto.ReceiptRequestDto@bde860e]
2026-09-26T22:37:04.590+05:30 DEBUG 23996 --- [nio-8080-exec-3] org.hibernate.SQL                        : select p1_0.id,p1_0.category,p1_0.name,p1_0.sku,p1_0.unit_of_measure from products p1_0 where p1_0.id=?
2026-09-26T22:37:04.591+05:30 DEBUG 23996 --- [nio-8080-exec-3] org.hibernate.SQL                        : select l1_0.id,l1_0.name from locations l1_0 where l1_0.id=?
2026-09-26T22:37:04.596+05:30 DEBUG 23996 --- [nio-8080-exec-3] org.hibernate.SQL                        : insert into stock_moves (location_id,move_type,note,product_id,quantity_change,status,supplier_name,timestamp,id) values (?,?,?,?,?,?,?,?,default)
2026-09-26T22:37:04.605+05:30 DEBUG 23996 --- [nio-8080-exec-3] o.s.w.s.m.m.a.HttpEntityMethodProcessor  : Using 'application/json', given [*/*] and supported [application/json, application/*+json]
2026-09-26T22:37:04.606+05:30 DEBUG 23996 --- [nio-8080-exec-3] o.s.w.s.m.m.a.HttpEntityMethodProcessor  : Writing [com.stocksense.dto.StockMoveResponseDto@adbbf57]
2026-09-26T22:37:04.610+05:30 DEBUG 23996 --- [nio-8080-exec-3] o.s.web.servlet.DispatcherServlet        : Completed 201 CREATED
2026-09-26T22:37:04.618+05:30 DEBUG 23996 --- [nio-8080-exec-6] o.s.web.servlet.DispatcherServlet        : GET "/products", parameters={}
2026-09-26T22:37:04.618+05:30 DEBUG 23996 --- [nio-8080-exec-8] o.s.web.servlet.DispatcherServlet        : GET "/moves/recent?limit=5&type=receipt", parameters={masked}
2026-09-26T22:37:04.618+05:30 DEBUG 23996 --- [nio-8080-exec-6] s.w.s.m.m.a.RequestMappingHandlerMapping : Mapped to com.stocksense.controller.ProductController#listProducts()
2026-09-26T22:37:04.618+05:30 DEBUG 23996 --- [nio-8080-exec-8] s.w.s.m.m.a.RequestMappingHandlerMapping : Mapped to com.stocksense.controller.StockMoveController#getRecentMoves(String, int)
2026-09-26T22:37:04.623+05:30 DEBUG 23996 --- [nio-8080-exec-6] org.hibernate.SQL                        : select p1_0.id,p1_0.category,p1_0.name,p1_0.sku,p1_0.unit_of_measure from products p1_0 order by p1_0.name
2026-09-26T22:37:04.623+05:30 DEBUG 23996 --- [nio-8080-exec-8] org.hibernate.SQL                        : select sm1_0.id,sm1_0.location_id,l1_0.id,l1_0.name,sm1_0.move_type,sm1_0.note,sm1_0.product_id,p1_0.id,p1_0.category,p1_0.name,p1_0.sku,p1_0.unit_of_measure,sm1_0.quantity_change,sm1_0.status,sm1_0.supplier_name,sm1_0.timestamp from stock_moves sm1_0 join products p1_0 on p1_0.id=sm1_0.product_id join locations l1_0 on l1_0.id=sm1_0.location_id where sm1_0.move_type=? order by sm1_0.timestamp desc fetch first ? rows only
2026-09-26T22:37:04.625+05:30 DEBUG 23996 --- [nio-8080-exec-6] org.hibernate.SQL                        : select sm1_0.product_id,cast(coalesce(sum(sm1_0.quantity_change),0) as integer) from stock_moves sm1_0 where sm1_0.status='CONFIRMED' group by sm1_0.product_id
2026-09-26T22:37:04.628+05:30 DEBUG 23996 --- [nio-8080-exec-6] org.hibernate.SQL                        : select sm1_0.product_id,sm1_0.location_id,l1_0.name,cast(coalesce(sum(sm1_0.quantity_change),0) as integer) from stock_moves sm1_0 join locations l1_0 on l1_0.id=sm1_0.location_id where sm1_0.status='CONFIRMED' group by sm1_0.product_id,sm1_0.location_id,l1_0.name
2026-09-26T22:37:04.630+05:30 DEBUG 23996 --- [nio-8080-exec-8] o.s.w.s.m.m.a.HttpEntityMethodProcessor  : Using 'application/json', given [*/*] and supported [application/json, application/*+json]
2026-09-26T22:37:04.630+05:30 DEBUG 23996 --- [nio-8080-exec-8] o.s.w.s.m.m.a.HttpEntityMethodProcessor  : Writing [[com.stocksense.dto.StockMoveResponseDto@37179d63, com.stocksense.dto.StockMoveResponseDto@2091ab4c, (truncated)...]
2026-09-26T22:37:04.630+05:30 DEBUG 23996 --- [nio-8080-exec-8] o.s.web.servlet.DispatcherServlet        : Completed 200 OK
2026-09-26T22:37:04.635+05:30 DEBUG 23996 --- [nio-8080-exec-6] o.s.w.s.m.m.a.HttpEntityMethodProcessor  : Using 'application/json', given [*/*] and supported [application/json, application/*+json]
2026-09-26T22:37:04.636+05:30 DEBUG 23996 --- [nio-8080-exec-6] o.s.w.s.m.m.a.HttpEntityMethodProcessor  : Writing [[com.stocksense.dto.ProductResponseDto@91c7d79, com.stocksense.dto.ProductResponseDto@796ed45, com.s (truncated)...]
2026-09-26T22:37:04.638+05:30 DEBUG 23996 --- [nio-8080-exec-6] o.s.web.servlet.DispatcherServlet        : Completed 200 OK
2026-09-26T22:37:06.700+05:30 DEBUG 23996 --- [nio-8080-exec-5] o.s.web.servlet.DispatcherServlet        : GET "/pending.html", parameters={}
2026-09-26T22:37:06.701+05:30 DEBUG 23996 --- [nio-8080-exec-5] o.s.w.s.handler.SimpleUrlHandlerMapping  : Mapped to ResourceHttpRequestHandler [URL [file:frontend/], classpath [static/]]
2026-09-26T22:37:06.705+05:30 DEBUG 23996 --- [nio-8080-exec-5] o.s.web.servlet.DispatcherServlet        : Completed 200 OK
2026-09-26T22:37:06.733+05:30 DEBUG 23996 --- [nio-8080-exec-2] o.s.web.servlet.DispatcherServlet        : GET "/style.css", parameters={}
2026-09-26T22:37:06.743+05:30 DEBUG 23996 --- [nio-8080-exec-2] o.s.w.s.handler.SimpleUrlHandlerMapping  : Mapped to ResourceHttpRequestHandler [URL [file:frontend/], classpath [static/]]
2026-09-26T22:37:06.748+05:30 DEBUG 23996 --- [nio-8080-exec-2] o.s.web.servlet.DispatcherServlet        : Completed 200 OK
2026-09-26T22:37:06.752+05:30 DEBUG 23996 --- [nio-8080-exec-7] o.s.web.servlet.DispatcherServlet        : GET "/api.js", parameters={}
2026-09-26T22:37:06.752+05:30 DEBUG 23996 --- [nio-8080-exec-1] o.s.web.servlet.DispatcherServlet        : GET "/utils.js", parameters={}
2026-09-26T22:37:06.754+05:30 DEBUG 23996 --- [nio-8080-exec-7] o.s.w.s.handler.SimpleUrlHandlerMapping  : Mapped to ResourceHttpRequestHandler [URL [file:frontend/], classpath [static/]]
2026-09-26T22:37:06.754+05:30 DEBUG 23996 --- [nio-8080-exec-1] o.s.w.s.handler.SimpleUrlHandlerMapping  : Mapped to ResourceHttpRequestHandler [URL [file:frontend/], classpath [static/]]
2026-09-26T22:37:06.758+05:30 DEBUG 23996 --- [nio-8080-exec-7] o.s.web.servlet.DispatcherServlet        : Completed 200 OK
2026-09-26T22:37:06.763+05:30 DEBUG 23996 --- [nio-8080-exec-1] o.s.web.servlet.DispatcherServlet        : Completed 200 OK
2026-09-26T22:37:06.813+05:30 DEBUG 23996 --- [io-8080-exec-10] o.s.web.servlet.DispatcherServlet        : GET "/moves/pending", parameters={}
2026-09-26T22:37:06.813+05:30 DEBUG 23996 --- [io-8080-exec-10] s.w.s.m.m.a.RequestMappingHandlerMapping : Mapped to com.stocksense.controller.StockMoveController#getPendingMoves()
2026-09-26T22:37:06.818+05:30 DEBUG 23996 --- [io-8080-exec-10] org.hibernate.SQL                        : select sm1_0.id,sm1_0.location_id,l1_0.id,l1_0.name,sm1_0.move_type,sm1_0.note,sm1_0.product_id,p1_0.id,p1_0.category,p1_0.name,p1_0.sku,p1_0.unit_of_measure,sm1_0.quantity_change,sm1_0.status,sm1_0.supplier_name,sm1_0.timestamp from stock_moves sm1_0 join products p1_0 on p1_0.id=sm1_0.product_id join locations l1_0 on l1_0.id=sm1_0.location_id where sm1_0.status=? order by sm1_0.timestamp desc
2026-09-26T22:37:06.824+05:30 DEBUG 23996 --- [io-8080-exec-10] o.s.w.s.m.m.a.HttpEntityMethodProcessor  : Using 'application/json', given [*/*] and supported [application/json, application/*+json]
2026-09-26T22:37:06.826+05:30 DEBUG 23996 --- [io-8080-exec-10] o.s.w.s.m.m.a.HttpEntityMethodProcessor  : Writing [[com.stocksense.dto.StockMoveResponseDto@3d1fdf77]]
2026-09-26T22:37:06.828+05:30 DEBUG 23996 --- [io-8080-exec-10] o.s.web.servlet.DispatcherServlet        : Completed 200 OK
2026-09-26T22:37:06.860+05:30 DEBUG 23996 --- [nio-8080-exec-9] o.s.web.servlet.DispatcherServlet        : GET "/favicon.ico", parameters={}
2026-09-26T22:37:06.870+05:30 DEBUG 23996 --- [nio-8080-exec-9] o.s.w.s.handler.SimpleUrlHandlerMapping  : Mapped to ResourceHttpRequestHandler [URL [file:frontend/], classpath [static/]]
2026-09-26T22:37:06.872+05:30 DEBUG 23996 --- [nio-8080-exec-9] o.s.w.s.r.ResourceHttpRequestHandler     : Resource not found
2026-09-26T22:37:06.880+05:30 DEBUG 23996 --- [nio-8080-exec-9] .m.m.a.ExceptionHandlerExceptionResolver : Using @ExceptionHandler com.stocksense.controller.GlobalExceptionHandler#handleGenericException(Exception)
2026-09-26T22:37:06.880+05:30 DEBUG 23996 --- [nio-8080-exec-9] o.s.w.s.m.m.a.HttpEntityMethodProcessor  : Using 'application/json;q=0.8', given [image/avif, image/webp, image/apng, image/svg+xml, image/*, */*;q=0.8] and supported [application/json, application/*+json]
2026-09-26T22:37:06.883+05:30 DEBUG 23996 --- [nio-8080-exec-9] o.s.w.s.m.m.a.HttpEntityMethodProcessor  : Writing [com.stocksense.dto.ErrorResponseDto@606f78a8]
2026-09-26T22:37:06.888+05:30 DEBUG 23996 --- [nio-8080-exec-9] .m.m.a.ExceptionHandlerExceptionResolver : Resolved [org.springframework.web.servlet.resource.NoResourceFoundException: No static resource favicon.ico.]
2026-09-26T22:37:06.891+05:30 DEBUG 23996 --- [nio-8080-exec-9] o.s.web.servlet.DispatcherServlet        : Completed 500 INTERNAL_SERVER_ERROR
2026-09-26T22:37:12.618+05:30 DEBUG 23996 --- [nio-8080-exec-4] o.s.web.servlet.DispatcherServlet        : POST "/moves/200/confirm", parameters={}
2026-09-26T22:37:12.618+05:30 DEBUG 23996 --- [nio-8080-exec-4] s.w.s.m.m.a.RequestMappingHandlerMapping : Mapped to com.stocksense.controller.StockMoveController#confirmDraft(Long)
2026-09-26T22:37:12.626+05:30 DEBUG 23996 --- [nio-8080-exec-4] org.hibernate.SQL                        : select sm1_0.id,sm1_0.location_id,sm1_0.move_type,sm1_0.note,sm1_0.product_id,sm1_0.quantity_change,sm1_0.status,sm1_0.supplier_name,sm1_0.timestamp from stock_moves sm1_0 where sm1_0.id=?
2026-09-26T22:37:12.639+05:30 DEBUG 23996 --- [nio-8080-exec-4] org.hibernate.SQL                        : select p1_0.id,p1_0.category,p1_0.name,p1_0.sku,p1_0.unit_of_measure from products p1_0 where p1_0.id=?
2026-09-26T22:37:12.641+05:30 DEBUG 23996 --- [nio-8080-exec-4] org.hibernate.SQL                        : select l1_0.id,l1_0.name from locations l1_0 where l1_0.id=?
2026-09-26T22:37:12.648+05:30 DEBUG 23996 --- [nio-8080-exec-4] org.hibernate.SQL                        : update stock_moves set location_id=?,move_type=?,note=?,product_id=?,quantity_change=?,status=?,supplier_name=?,timestamp=? where id=?
2026-09-26T22:37:12.657+05:30 DEBUG 23996 --- [nio-8080-exec-4] o.s.w.s.m.m.a.HttpEntityMethodProcessor  : Using 'application/json', given [*/*] and supported [application/json, application/*+json]
2026-09-26T22:37:12.659+05:30 DEBUG 23996 --- [nio-8080-exec-4] o.s.w.s.m.m.a.HttpEntityMethodProcessor  : Writing [com.stocksense.dto.StockMoveResponseDto@399df028]
2026-09-26T22:37:12.660+05:30 DEBUG 23996 --- [nio-8080-exec-4] o.s.web.servlet.DispatcherServlet        : Completed 200 OK
2026-09-26T22:37:12.665+05:30 DEBUG 23996 --- [nio-8080-exec-3] o.s.web.servlet.DispatcherServlet        : GET "/moves/pending", parameters={}
2026-09-26T22:37:12.666+05:30 DEBUG 23996 --- [nio-8080-exec-3] s.w.s.m.m.a.RequestMappingHandlerMapping : Mapped to com.stocksense.controller.StockMoveController#getPendingMoves()
2026-09-26T22:37:12.669+05:30 DEBUG 23996 --- [nio-8080-exec-3] org.hibernate.SQL                        : select sm1_0.id,sm1_0.location_id,l1_0.id,l1_0.name,sm1_0.move_type,sm1_0.note,sm1_0.product_id,p1_0.id,p1_0.category,p1_0.name,p1_0.sku,p1_0.unit_of_measure,sm1_0.quantity_change,sm1_0.status,sm1_0.supplier_name,sm1_0.timestamp from stock_moves sm1_0 join products p1_0 on p1_0.id=sm1_0.product_id join locations l1_0 on l1_0.id=sm1_0.location_id where sm1_0.status=? order by sm1_0.timestamp desc
2026-09-26T22:37:12.671+05:30 DEBUG 23996 --- [nio-8080-exec-3] o.s.w.s.m.m.a.HttpEntityMethodProcessor  : Using 'application/json', given [*/*] and supported [application/json, application/*+json]
2026-09-26T22:37:12.673+05:30 DEBUG 23996 --- [nio-8080-exec-3] o.s.w.s.m.m.a.HttpEntityMethodProcessor  : Writing [[]]
2026-09-26T22:37:12.675+05:30 DEBUG 23996 --- [nio-8080-exec-3] o.s.web.servlet.DispatcherServlet        : Completed 200 OK
2026-09-26T22:37:14.576+05:30 DEBUG 23996 --- [nio-8080-exec-8] o.s.web.servlet.DispatcherServlet        : GET "/receipt.html", parameters={}
2026-09-26T22:37:14.578+05:30 DEBUG 23996 --- [nio-8080-exec-8] o.s.w.s.handler.SimpleUrlHandlerMapping  : Mapped to ResourceHttpRequestHandler [URL [file:frontend/], classpath [static/]]
2026-09-26T22:37:14.582+05:30 DEBUG 23996 --- [nio-8080-exec-8] o.s.web.servlet.DispatcherServlet        : Completed 200 OK
2026-09-26T22:37:14.598+05:30 DEBUG 23996 --- [nio-8080-exec-6] o.s.web.servlet.DispatcherServlet        : GET "/style.css", parameters={}
2026-09-26T22:37:14.609+05:30 DEBUG 23996 --- [nio-8080-exec-6] o.s.w.s.handler.SimpleUrlHandlerMapping  : Mapped to ResourceHttpRequestHandler [URL [file:frontend/], classpath [static/]]
2026-09-26T22:37:14.616+05:30 DEBUG 23996 --- [nio-8080-exec-2] o.s.web.servlet.DispatcherServlet        : GET "/utils.js", parameters={}
2026-09-26T22:37:14.618+05:30 DEBUG 23996 --- [nio-8080-exec-2] o.s.w.s.handler.SimpleUrlHandlerMapping  : Mapped to ResourceHttpRequestHandler [URL [file:frontend/], classpath [static/]]
2026-09-26T22:37:14.621+05:30 DEBUG 23996 --- [nio-8080-exec-5] o.s.web.servlet.DispatcherServlet        : GET "/api.js", parameters={}
2026-09-26T22:37:14.623+05:30 DEBUG 23996 --- [nio-8080-exec-5] o.s.w.s.handler.SimpleUrlHandlerMapping  : Mapped to ResourceHttpRequestHandler [URL [file:frontend/], classpath [static/]]
2026-09-26T22:37:14.624+05:30 DEBUG 23996 --- [nio-8080-exec-6] o.s.web.servlet.DispatcherServlet        : Completed 200 OK
2026-09-26T22:37:14.627+05:30 DEBUG 23996 --- [nio-8080-exec-5] o.s.web.servlet.DispatcherServlet        : Completed 200 OK
2026-09-26T22:37:14.630+05:30 DEBUG 23996 --- [nio-8080-exec-2] o.s.web.servlet.DispatcherServlet        : Completed 200 OK
2026-09-26T22:37:14.670+05:30 DEBUG 23996 --- [nio-8080-exec-7] o.s.web.servlet.DispatcherServlet        : GET "/products", parameters={}
2026-09-26T22:37:14.672+05:30 DEBUG 23996 --- [nio-8080-exec-7] s.w.s.m.m.a.RequestMappingHandlerMapping : Mapped to com.stocksense.controller.ProductController#listProducts()
2026-09-26T22:37:14.674+05:30 DEBUG 23996 --- [io-8080-exec-10] o.s.web.servlet.DispatcherServlet        : GET "/moves/recent?limit=5&type=receipt", parameters={masked}
2026-09-26T22:37:14.674+05:30 DEBUG 23996 --- [nio-8080-exec-1] o.s.web.servlet.DispatcherServlet        : GET "/locations", parameters={}
2026-09-26T22:37:14.676+05:30 DEBUG 23996 --- [io-8080-exec-10] s.w.s.m.m.a.RequestMappingHandlerMapping : Mapped to com.stocksense.controller.StockMoveController#getRecentMoves(String, int)
2026-09-26T22:37:14.676+05:30 DEBUG 23996 --- [nio-8080-exec-1] s.w.s.m.m.a.RequestMappingHandlerMapping : Mapped to com.stocksense.controller.LocationController#getAllLocations()
2026-09-26T22:37:14.681+05:30 DEBUG 23996 --- [nio-8080-exec-7] org.hibernate.SQL                        : select p1_0.id,p1_0.category,p1_0.name,p1_0.sku,p1_0.unit_of_measure from products p1_0 order by p1_0.name
2026-09-26T22:37:14.683+05:30 DEBUG 23996 --- [io-8080-exec-10] org.hibernate.SQL                        : select sm1_0.id,sm1_0.location_id,l1_0.id,l1_0.name,sm1_0.move_type,sm1_0.note,sm1_0.product_id,p1_0.id,p1_0.category,p1_0.name,p1_0.sku,p1_0.unit_of_measure,sm1_0.quantity_change,sm1_0.status,sm1_0.supplier_name,sm1_0.timestamp from stock_moves sm1_0 join products p1_0 on p1_0.id=sm1_0.product_id join locations l1_0 on l1_0.id=sm1_0.location_id where sm1_0.move_type=? order by sm1_0.timestamp desc fetch first ? rows only
2026-09-26T22:37:14.691+05:30 DEBUG 23996 --- [nio-8080-exec-7] org.hibernate.SQL                        : select sm1_0.product_id,cast(coalesce(sum(sm1_0.quantity_change),0) as integer) from stock_moves sm1_0 where sm1_0.status='CONFIRMED' group by sm1_0.product_id
2026-09-26T22:37:14.693+05:30 DEBUG 23996 --- [io-8080-exec-10] o.s.w.s.m.m.a.HttpEntityMethodProcessor  : Using 'application/json', given [*/*] and supported [application/json, application/*+json]
2026-09-26T22:37:14.694+05:30 DEBUG 23996 --- [io-8080-exec-10] o.s.w.s.m.m.a.HttpEntityMethodProcessor  : Writing [[com.stocksense.dto.StockMoveResponseDto@157b80b4, com.stocksense.dto.StockMoveResponseDto@563a2ba7, (truncated)...]
2026-09-26T22:37:14.698+05:30 DEBUG 23996 --- [io-8080-exec-10] o.s.web.servlet.DispatcherServlet        : Completed 200 OK
2026-09-26T22:37:14.701+05:30 DEBUG 23996 --- [nio-8080-exec-7] org.hibernate.SQL                        : select sm1_0.product_id,sm1_0.location_id,l1_0.name,cast(coalesce(sum(sm1_0.quantity_change),0) as integer) from stock_moves sm1_0 join locations l1_0 on l1_0.id=sm1_0.location_id where sm1_0.status='CONFIRMED' group by sm1_0.product_id,sm1_0.location_id,l1_0.name
2026-09-26T22:37:14.710+05:30 DEBUG 23996 --- [nio-8080-exec-7] o.s.w.s.m.m.a.HttpEntityMethodProcessor  : Using 'application/json', given [*/*] and supported [application/json, application/*+json]
2026-09-26T22:37:14.714+05:30 DEBUG 23996 --- [nio-8080-exec-7] o.s.w.s.m.m.a.HttpEntityMethodProcessor  : Writing [[com.stocksense.dto.ProductResponseDto@7d7be664, com.stocksense.dto.ProductResponseDto@56c16b36, com (truncated)...]
2026-09-26T22:37:14.716+05:30 DEBUG 23996 --- [nio-8080-exec-7] o.s.web.servlet.DispatcherServlet        : Completed 200 OK
2026-09-26T22:37:14.725+05:30 DEBUG 23996 --- [nio-8080-exec-9] o.s.web.servlet.DispatcherServlet        : GET "/favicon.ico", parameters={}
2026-09-26T22:37:14.725+05:30 DEBUG 23996 --- [nio-8080-exec-1] org.hibernate.SQL                        : select l1_0.id,l1_0.name from locations l1_0 order by l1_0.name
2026-09-26T22:37:14.728+05:30 DEBUG 23996 --- [nio-8080-exec-9] o.s.w.s.handler.SimpleUrlHandlerMapping  : Mapped to ResourceHttpRequestHandler [URL [file:frontend/], classpath [static/]]
2026-09-26T22:37:14.733+05:30 DEBUG 23996 --- [nio-8080-exec-9] o.s.w.s.r.ResourceHttpRequestHandler     : Resource not found
2026-09-26T22:37:14.735+05:30 DEBUG 23996 --- [nio-8080-exec-9] .m.m.a.ExceptionHandlerExceptionResolver : Using @ExceptionHandler com.stocksense.controller.GlobalExceptionHandler#handleGenericException(Exception)
2026-09-26T22:37:14.741+05:30 DEBUG 23996 --- [nio-8080-exec-9] o.s.w.s.m.m.a.HttpEntityMethodProcessor  : Using 'application/json;q=0.8', given [image/avif, image/webp, image/apng, image/svg+xml, image/*, */*;q=0.8] and supported [application/json, application/*+json]
2026-09-26T22:37:14.743+05:30 DEBUG 23996 --- [nio-8080-exec-9] o.s.w.s.m.m.a.HttpEntityMethodProcessor  : Writing [com.stocksense.dto.ErrorResponseDto@5a04037c]
2026-09-26T22:37:14.745+05:30 DEBUG 23996 --- [nio-8080-exec-9] .m.m.a.ExceptionHandlerExceptionResolver : Resolved [org.springframework.web.servlet.resource.NoResourceFoundException: No static resource favicon.ico.]
2026-09-26T22:37:14.762+05:30 DEBUG 23996 --- [nio-8080-exec-9] o.s.web.servlet.DispatcherServlet        : Completed 500 INTERNAL_SERVER_ERROR
2026-09-26T22:37:14.772+05:30 DEBUG 23996 --- [nio-8080-exec-1] o.s.w.s.m.m.a.HttpEntityMethodProcessor  : Using 'application/json', given [*/*] and supported [application/json, application/*+json]
2026-09-26T22:37:14.774+05:30 DEBUG 23996 --- [nio-8080-exec-1] o.s.w.s.m.m.a.HttpEntityMethodProcessor  : Writing [[com.stocksense.model.Location@20, com.stocksense.model.Location@40]]
2026-09-26T22:37:14.776+05:30 DEBUG 23996 --- [nio-8080-exec-1] o.s.web.servlet.DispatcherServlet        : Completed 200 OK
2026-09-26T22:37:15.623+05:30 DEBUG 23996 --- [nio-8080-exec-4] o.s.web.servlet.DispatcherServlet        : GET "/delivery.html", parameters={}
2026-09-26T22:37:15.623+05:30 DEBUG 23996 --- [nio-8080-exec-4] o.s.w.s.handler.SimpleUrlHandlerMapping  : Mapped to ResourceHttpRequestHandler [URL [file:frontend/], classpath [static/]]
2026-09-26T22:37:15.626+05:30 DEBUG 23996 --- [nio-8080-exec-4] o.s.web.servlet.DispatcherServlet        : Completed 200 OK
2026-09-26T22:37:15.644+05:30 DEBUG 23996 --- [nio-8080-exec-3] o.s.web.servlet.DispatcherServlet        : GET "/style.css", parameters={}
2026-09-26T22:37:15.647+05:30 DEBUG 23996 --- [nio-8080-exec-3] o.s.w.s.handler.SimpleUrlHandlerMapping  : Mapped to ResourceHttpRequestHandler [URL [file:frontend/], classpath [static/]]
2026-09-26T22:37:15.654+05:30 DEBUG 23996 --- [nio-8080-exec-3] o.s.web.servlet.DispatcherServlet        : Completed 200 OK
2026-09-26T22:37:15.680+05:30 DEBUG 23996 --- [nio-8080-exec-8] o.s.web.servlet.DispatcherServlet        : GET "/api.js", parameters={}
2026-09-26T22:37:15.680+05:30 DEBUG 23996 --- [nio-8080-exec-6] o.s.web.servlet.DispatcherServlet        : GET "/utils.js", parameters={}
2026-09-26T22:37:15.682+05:30 DEBUG 23996 --- [nio-8080-exec-8] o.s.w.s.handler.SimpleUrlHandlerMapping  : Mapped to ResourceHttpRequestHandler [URL [file:frontend/], classpath [static/]]
2026-09-26T22:37:15.682+05:30 DEBUG 23996 --- [nio-8080-exec-6] o.s.w.s.handler.SimpleUrlHandlerMapping  : Mapped to ResourceHttpRequestHandler [URL [file:frontend/], classpath [static/]]
2026-09-26T22:37:15.685+05:30 DEBUG 23996 --- [nio-8080-exec-6] o.s.web.servlet.DispatcherServlet        : Completed 200 OK
2026-09-26T22:37:15.685+05:30 DEBUG 23996 --- [nio-8080-exec-8] o.s.web.servlet.DispatcherServlet        : Completed 200 OK
2026-09-26T22:37:15.744+05:30 DEBUG 23996 --- [nio-8080-exec-5] o.s.web.servlet.DispatcherServlet        : GET "/products", parameters={}
2026-09-26T22:37:15.744+05:30 DEBUG 23996 --- [nio-8080-exec-2] o.s.web.servlet.DispatcherServlet        : GET "/locations", parameters={}
2026-09-26T22:37:15.745+05:30 DEBUG 23996 --- [io-8080-exec-10] o.s.web.servlet.DispatcherServlet        : GET "/moves/recent?limit=5&type=delivery", parameters={masked}
2026-09-26T22:37:15.746+05:30 DEBUG 23996 --- [io-8080-exec-10] s.w.s.m.m.a.RequestMappingHandlerMapping : Mapped to com.stocksense.controller.StockMoveController#getRecentMoves(String, int)
2026-09-26T22:37:15.745+05:30 DEBUG 23996 --- [nio-8080-exec-5] s.w.s.m.m.a.RequestMappingHandlerMapping : Mapped to com.stocksense.controller.ProductController#listProducts()
2026-09-26T22:37:15.746+05:30 DEBUG 23996 --- [nio-8080-exec-2] s.w.s.m.m.a.RequestMappingHandlerMapping : Mapped to com.stocksense.controller.LocationController#getAllLocations()
2026-09-26T22:37:15.752+05:30 DEBUG 23996 --- [io-8080-exec-10] org.hibernate.SQL                        : select sm1_0.id,sm1_0.location_id,l1_0.id,l1_0.name,sm1_0.move_type,sm1_0.note,sm1_0.product_id,p1_0.id,p1_0.category,p1_0.name,p1_0.sku,p1_0.unit_of_measure,sm1_0.quantity_change,sm1_0.status,sm1_0.supplier_name,sm1_0.timestamp from stock_moves sm1_0 join products p1_0 on p1_0.id=sm1_0.product_id join locations l1_0 on l1_0.id=sm1_0.location_id where sm1_0.move_type=? order by sm1_0.timestamp desc fetch first ? rows only
2026-09-26T22:37:15.752+05:30 DEBUG 23996 --- [nio-8080-exec-2] org.hibernate.SQL                        : select l1_0.id,l1_0.name from locations l1_0 order by l1_0.name
2026-09-26T22:37:15.752+05:30 DEBUG 23996 --- [nio-8080-exec-5] org.hibernate.SQL                        : select p1_0.id,p1_0.category,p1_0.name,p1_0.sku,p1_0.unit_of_measure from products p1_0 order by p1_0.name
2026-09-26T22:37:15.759+05:30 DEBUG 23996 --- [io-8080-exec-10] o.s.w.s.m.m.a.HttpEntityMethodProcessor  : Using 'application/json', given [*/*] and supported [application/json, application/*+json]
2026-09-26T22:37:15.758+05:30 DEBUG 23996 --- [nio-8080-exec-2] o.s.w.s.m.m.a.HttpEntityMethodProcessor  : Using 'application/json', given [*/*] and supported [application/json, application/*+json]
2026-09-26T22:37:15.760+05:30 DEBUG 23996 --- [io-8080-exec-10] o.s.w.s.m.m.a.HttpEntityMethodProcessor  : Writing [[com.stocksense.dto.StockMoveResponseDto@73a7bcca, com.stocksense.dto.StockMoveResponseDto@3a86328b, (truncated)...]
2026-09-26T22:37:15.760+05:30 DEBUG 23996 --- [nio-8080-exec-2] o.s.w.s.m.m.a.HttpEntityMethodProcessor  : Writing [[com.stocksense.model.Location@20, com.stocksense.model.Location@40]]
2026-09-26T22:37:15.763+05:30 DEBUG 23996 --- [io-8080-exec-10] o.s.web.servlet.DispatcherServlet        : Completed 200 OK
2026-09-26T22:37:15.760+05:30 DEBUG 23996 --- [nio-8080-exec-5] org.hibernate.SQL                        : select sm1_0.product_id,cast(coalesce(sum(sm1_0.quantity_change),0) as integer) from stock_moves sm1_0 where sm1_0.status='CONFIRMED' group by sm1_0.product_id
2026-09-26T22:37:15.763+05:30 DEBUG 23996 --- [nio-8080-exec-2] o.s.web.servlet.DispatcherServlet        : Completed 200 OK
2026-09-26T22:37:15.785+05:30 DEBUG 23996 --- [nio-8080-exec-5] org.hibernate.SQL                        : select sm1_0.product_id,sm1_0.location_id,l1_0.name,cast(coalesce(sum(sm1_0.quantity_change),0) as integer) from stock_moves sm1_0 join locations l1_0 on l1_0.id=sm1_0.location_id where sm1_0.status='CONFIRMED' group by sm1_0.product_id,sm1_0.location_id,l1_0.name
2026-09-26T22:37:15.798+05:30 DEBUG 23996 --- [nio-8080-exec-5] o.s.w.s.m.m.a.HttpEntityMethodProcessor  : Using 'application/json', given [*/*] and supported [application/json, application/*+json]
2026-09-26T22:37:15.801+05:30 DEBUG 23996 --- [nio-8080-exec-7] o.s.web.servlet.DispatcherServlet        : GET "/favicon.ico", parameters={}
2026-09-26T22:37:15.801+05:30 DEBUG 23996 --- [nio-8080-exec-5] o.s.w.s.m.m.a.HttpEntityMethodProcessor  : Writing [[com.stocksense.dto.ProductResponseDto@77c04222, com.stocksense.dto.ProductResponseDto@394a2be1, com (truncated)...]
2026-09-26T22:37:15.803+05:30 DEBUG 23996 --- [nio-8080-exec-7] o.s.w.s.handler.SimpleUrlHandlerMapping  : Mapped to ResourceHttpRequestHandler [URL [file:frontend/], classpath [static/]]
2026-09-26T22:37:15.803+05:30 DEBUG 23996 --- [nio-8080-exec-5] o.s.web.servlet.DispatcherServlet        : Completed 200 OK
2026-09-26T22:37:15.806+05:30 DEBUG 23996 --- [nio-8080-exec-7] o.s.w.s.r.ResourceHttpRequestHandler     : Resource not found
2026-09-26T22:37:15.808+05:30 DEBUG 23996 --- [nio-8080-exec-7] .m.m.a.ExceptionHandlerExceptionResolver : Using @ExceptionHandler com.stocksense.controller.GlobalExceptionHandler#handleGenericException(Exception)
2026-09-26T22:37:15.811+05:30 DEBUG 23996 --- [nio-8080-exec-7] o.s.w.s.m.m.a.HttpEntityMethodProcessor  : Using 'application/json;q=0.8', given [image/avif, image/webp, image/apng, image/svg+xml, image/*, */*;q=0.8] and supported [application/json, application/*+json]
2026-09-26T22:37:15.811+05:30 DEBUG 23996 --- [nio-8080-exec-7] o.s.w.s.m.m.a.HttpEntityMethodProcessor  : Writing [com.stocksense.dto.ErrorResponseDto@730cf6d4]
2026-09-26T22:37:15.815+05:30 DEBUG 23996 --- [nio-8080-exec-7] .m.m.a.ExceptionHandlerExceptionResolver : Resolved [org.springframework.web.servlet.resource.NoResourceFoundException: No static resource favicon.ico.]
2026-09-26T22:37:15.815+05:30 DEBUG 23996 --- [nio-8080-exec-7] o.s.web.servlet.DispatcherServlet        : Completed 500 INTERNAL_SERVER_ERROR
2026-09-26T22:37:24.421+05:30 DEBUG 23996 --- [nio-8080-exec-9] o.s.web.servlet.DispatcherServlet        : GET "/transfer.html", parameters={}
2026-09-26T22:37:24.422+05:30 DEBUG 23996 --- [nio-8080-exec-9] o.s.w.s.handler.SimpleUrlHandlerMapping  : Mapped to ResourceHttpRequestHandler [URL [file:frontend/], classpath [static/]]
2026-09-26T22:37:24.426+05:30 DEBUG 23996 --- [nio-8080-exec-9] o.s.web.servlet.DispatcherServlet        : Completed 200 OK
2026-09-26T22:37:24.446+05:30 DEBUG 23996 --- [nio-8080-exec-1] o.s.web.servlet.DispatcherServlet        : GET "/style.css", parameters={}
2026-09-26T22:37:24.450+05:30 DEBUG 23996 --- [nio-8080-exec-1] o.s.w.s.handler.SimpleUrlHandlerMapping  : Mapped to ResourceHttpRequestHandler [URL [file:frontend/], classpath [static/]]
2026-09-26T22:37:24.459+05:30 DEBUG 23996 --- [nio-8080-exec-1] o.s.web.servlet.DispatcherServlet        : Completed 200 OK
2026-09-26T22:37:24.473+05:30 DEBUG 23996 --- [nio-8080-exec-4] o.s.web.servlet.DispatcherServlet        : GET "/api.js", parameters={}
2026-09-26T22:37:24.473+05:30 DEBUG 23996 --- [nio-8080-exec-3] o.s.web.servlet.DispatcherServlet        : GET "/utils.js", parameters={}
2026-09-26T22:37:24.473+05:30 DEBUG 23996 --- [nio-8080-exec-4] o.s.w.s.handler.SimpleUrlHandlerMapping  : Mapped to ResourceHttpRequestHandler [URL [file:frontend/], classpath [static/]]
2026-09-26T22:37:24.473+05:30 DEBUG 23996 --- [nio-8080-exec-3] o.s.w.s.handler.SimpleUrlHandlerMapping  : Mapped to ResourceHttpRequestHandler [URL [file:frontend/], classpath [static/]]
2026-09-26T22:37:24.478+05:30 DEBUG 23996 --- [nio-8080-exec-4] o.s.web.servlet.DispatcherServlet        : Completed 200 OK
2026-09-26T22:37:24.478+05:30 DEBUG 23996 --- [nio-8080-exec-3] o.s.web.servlet.DispatcherServlet        : Completed 200 OK
2026-09-26T22:37:24.511+05:30 DEBUG 23996 --- [nio-8080-exec-8] o.s.web.servlet.DispatcherServlet        : GET "/locations", parameters={}
2026-09-26T22:37:24.511+05:30 DEBUG 23996 --- [nio-8080-exec-6] o.s.web.servlet.DispatcherServlet        : GET "/products", parameters={}
2026-09-26T22:37:24.514+05:30 DEBUG 23996 --- [nio-8080-exec-8] s.w.s.m.m.a.RequestMappingHandlerMapping : Mapped to com.stocksense.controller.LocationController#getAllLocations()
2026-09-26T22:37:24.514+05:30 DEBUG 23996 --- [nio-8080-exec-6] s.w.s.m.m.a.RequestMappingHandlerMapping : Mapped to com.stocksense.controller.ProductController#listProducts()
2026-09-26T22:37:24.518+05:30 DEBUG 23996 --- [nio-8080-exec-6] org.hibernate.SQL                        : select p1_0.id,p1_0.category,p1_0.name,p1_0.sku,p1_0.unit_of_measure from products p1_0 order by p1_0.name
2026-09-26T22:37:24.518+05:30 DEBUG 23996 --- [nio-8080-exec-8] org.hibernate.SQL                        : select l1_0.id,l1_0.name from locations l1_0 order by l1_0.name
2026-09-26T22:37:24.522+05:30 DEBUG 23996 --- [nio-8080-exec-8] o.s.w.s.m.m.a.HttpEntityMethodProcessor  : Using 'application/json', given [*/*] and supported [application/json, application/*+json]
2026-09-26T22:37:24.524+05:30 DEBUG 23996 --- [nio-8080-exec-8] o.s.w.s.m.m.a.HttpEntityMethodProcessor  : Writing [[com.stocksense.model.Location@20, com.stocksense.model.Location@40]]
2026-09-26T22:37:24.524+05:30 DEBUG 23996 --- [nio-8080-exec-6] org.hibernate.SQL                        : select sm1_0.product_id,cast(coalesce(sum(sm1_0.quantity_change),0) as integer) from stock_moves sm1_0 where sm1_0.status='CONFIRMED' group by sm1_0.product_id
2026-09-26T22:37:24.526+05:30 DEBUG 23996 --- [nio-8080-exec-8] o.s.web.servlet.DispatcherServlet        : Completed 200 OK
2026-09-26T22:37:24.528+05:30 DEBUG 23996 --- [nio-8080-exec-6] org.hibernate.SQL                        : select sm1_0.product_id,sm1_0.location_id,l1_0.name,cast(coalesce(sum(sm1_0.quantity_change),0) as integer) from stock_moves sm1_0 join locations l1_0 on l1_0.id=sm1_0.location_id where sm1_0.status='CONFIRMED' group by sm1_0.product_id,sm1_0.location_id,l1_0.name
2026-09-26T22:37:24.531+05:30 DEBUG 23996 --- [nio-8080-exec-6] o.s.w.s.m.m.a.HttpEntityMethodProcessor  : Using 'application/json', given [*/*] and supported [application/json, application/*+json]
2026-09-26T22:37:24.533+05:30 DEBUG 23996 --- [nio-8080-exec-6] o.s.w.s.m.m.a.HttpEntityMethodProcessor  : Writing [[com.stocksense.dto.ProductResponseDto@7b13602e, com.stocksense.dto.ProductResponseDto@362fab9c, com (truncated)...]
2026-09-26T22:37:24.533+05:30 DEBUG 23996 --- [nio-8080-exec-6] o.s.web.servlet.DispatcherServlet        : Completed 200 OK
2026-09-26T22:37:24.538+05:30 DEBUG 23996 --- [io-8080-exec-10] o.s.web.servlet.DispatcherServlet        : GET "/favicon.ico", parameters={}
2026-09-26T22:37:24.538+05:30 DEBUG 23996 --- [io-8080-exec-10] o.s.w.s.handler.SimpleUrlHandlerMapping  : Mapped to ResourceHttpRequestHandler [URL [file:frontend/], classpath [static/]]
2026-09-26T22:37:24.538+05:30 DEBUG 23996 --- [io-8080-exec-10] o.s.w.s.r.ResourceHttpRequestHandler     : Resource not found
2026-09-26T22:37:24.543+05:30 DEBUG 23996 --- [io-8080-exec-10] .m.m.a.ExceptionHandlerExceptionResolver : Using @ExceptionHandler com.stocksense.controller.GlobalExceptionHandler#handleGenericException(Exception)
2026-09-26T22:37:24.546+05:30 DEBUG 23996 --- [io-8080-exec-10] o.s.w.s.m.m.a.HttpEntityMethodProcessor  : Using 'application/json;q=0.8', given [image/avif, image/webp, image/apng, image/svg+xml, image/*, */*;q=0.8] and supported [application/json, application/*+json]
2026-09-26T22:37:24.546+05:30 DEBUG 23996 --- [io-8080-exec-10] o.s.w.s.m.m.a.HttpEntityMethodProcessor  : Writing [com.stocksense.dto.ErrorResponseDto@ff7b7a8]
2026-09-26T22:37:24.548+05:30 DEBUG 23996 --- [io-8080-exec-10] .m.m.a.ExceptionHandlerExceptionResolver : Resolved [org.springframework.web.servlet.resource.NoResourceFoundException: No static resource favicon.ico.]
2026-09-26T22:37:24.550+05:30 DEBUG 23996 --- [io-8080-exec-10] o.s.web.servlet.DispatcherServlet        : Completed 500 INTERNAL_SERVER_ERROR
2026-09-26T22:37:38.967+05:30 DEBUG 23996 --- [nio-8080-exec-2] o.s.web.servlet.DispatcherServlet        : GET "/adjustment.html", parameters={}
2026-09-26T22:37:38.970+05:30 DEBUG 23996 --- [nio-8080-exec-2] o.s.w.s.handler.SimpleUrlHandlerMapping  : Mapped to ResourceHttpRequestHandler [URL [file:frontend/], classpath [static/]]
2026-09-26T22:37:38.970+05:30 DEBUG 23996 --- [nio-8080-exec-2] o.s.web.servlet.DispatcherServlet        : Completed 200 OK
2026-09-26T22:37:38.996+05:30 DEBUG 23996 --- [nio-8080-exec-5] o.s.web.servlet.DispatcherServlet        : GET "/style.css", parameters={}
2026-09-26T22:37:38.996+05:30 DEBUG 23996 --- [nio-8080-exec-5] o.s.w.s.handler.SimpleUrlHandlerMapping  : Mapped to ResourceHttpRequestHandler [URL [file:frontend/], classpath [static/]]
2026-09-26T22:37:39.002+05:30 DEBUG 23996 --- [nio-8080-exec-5] o.s.web.servlet.DispatcherServlet        : Completed 200 OK
2026-09-26T22:37:39.010+05:30 DEBUG 23996 --- [nio-8080-exec-7] o.s.web.servlet.DispatcherServlet        : GET "/api.js", parameters={}
2026-09-26T22:37:39.010+05:30 DEBUG 23996 --- [nio-8080-exec-9] o.s.web.servlet.DispatcherServlet        : GET "/utils.js", parameters={}
2026-09-26T22:37:39.012+05:30 DEBUG 23996 --- [nio-8080-exec-7] o.s.w.s.handler.SimpleUrlHandlerMapping  : Mapped to ResourceHttpRequestHandler [URL [file:frontend/], classpath [static/]]
2026-09-26T22:37:39.012+05:30 DEBUG 23996 --- [nio-8080-exec-9] o.s.w.s.handler.SimpleUrlHandlerMapping  : Mapped to ResourceHttpRequestHandler [URL [file:frontend/], classpath [static/]]
2026-09-26T22:37:39.012+05:30 DEBUG 23996 --- [nio-8080-exec-7] o.s.web.servlet.DispatcherServlet        : Completed 200 OK
2026-09-26T22:37:39.016+05:30 DEBUG 23996 --- [nio-8080-exec-9] o.s.web.servlet.DispatcherServlet        : Completed 200 OK
2026-09-26T22:37:39.050+05:30 DEBUG 23996 --- [nio-8080-exec-1] o.s.web.servlet.DispatcherServlet        : GET "/products", parameters={}
2026-09-26T22:37:39.050+05:30 DEBUG 23996 --- [nio-8080-exec-3] o.s.web.servlet.DispatcherServlet        : GET "/locations", parameters={}
2026-09-26T22:37:39.050+05:30 DEBUG 23996 --- [nio-8080-exec-1] s.w.s.m.m.a.RequestMappingHandlerMapping : Mapped to com.stocksense.controller.ProductController#listProducts()
2026-09-26T22:37:39.050+05:30 DEBUG 23996 --- [nio-8080-exec-3] s.w.s.m.m.a.RequestMappingHandlerMapping : Mapped to com.stocksense.controller.LocationController#getAllLocations()
2026-09-26T22:37:39.055+05:30 DEBUG 23996 --- [nio-8080-exec-3] org.hibernate.SQL                        : select l1_0.id,l1_0.name from locations l1_0 order by l1_0.name
2026-09-26T22:37:39.055+05:30 DEBUG 23996 --- [nio-8080-exec-1] org.hibernate.SQL                        : select p1_0.id,p1_0.category,p1_0.name,p1_0.sku,p1_0.unit_of_measure from products p1_0 order by p1_0.name
2026-09-26T22:37:39.062+05:30 DEBUG 23996 --- [nio-8080-exec-3] o.s.w.s.m.m.a.HttpEntityMethodProcessor  : Using 'application/json', given [*/*] and supported [application/json, application/*+json]
2026-09-26T22:37:39.064+05:30 DEBUG 23996 --- [nio-8080-exec-1] org.hibernate.SQL                        : select sm1_0.product_id,cast(coalesce(sum(sm1_0.quantity_change),0) as integer) from stock_moves sm1_0 where sm1_0.status='CONFIRMED' group by sm1_0.product_id
2026-09-26T22:37:39.064+05:30 DEBUG 23996 --- [nio-8080-exec-3] o.s.w.s.m.m.a.HttpEntityMethodProcessor  : Writing [[com.stocksense.model.Location@20, com.stocksense.model.Location@40]]
2026-09-26T22:37:39.068+05:30 DEBUG 23996 --- [nio-8080-exec-3] o.s.web.servlet.DispatcherServlet        : Completed 200 OK
2026-09-26T22:37:39.072+05:30 DEBUG 23996 --- [nio-8080-exec-4] o.s.web.servlet.DispatcherServlet        : GET "/favicon.ico", parameters={}
2026-09-26T22:37:39.073+05:30 DEBUG 23996 --- [nio-8080-exec-1] org.hibernate.SQL                        : select sm1_0.product_id,sm1_0.location_id,l1_0.name,cast(coalesce(sum(sm1_0.quantity_change),0) as integer) from stock_moves sm1_0 join locations l1_0 on l1_0.id=sm1_0.location_id where sm1_0.status='CONFIRMED' group by sm1_0.product_id,sm1_0.location_id,l1_0.name
2026-09-26T22:37:39.073+05:30 DEBUG 23996 --- [nio-8080-exec-4] o.s.w.s.handler.SimpleUrlHandlerMapping  : Mapped to ResourceHttpRequestHandler [URL [file:frontend/], classpath [static/]]
2026-09-26T22:37:39.076+05:30 DEBUG 23996 --- [nio-8080-exec-4] o.s.w.s.r.ResourceHttpRequestHandler     : Resource not found
2026-09-26T22:37:39.076+05:30 DEBUG 23996 --- [nio-8080-exec-4] .m.m.a.ExceptionHandlerExceptionResolver : Using @ExceptionHandler com.stocksense.controller.GlobalExceptionHandler#handleGenericException(Exception)
2026-09-26T22:37:39.078+05:30 DEBUG 23996 --- [nio-8080-exec-4] o.s.w.s.m.m.a.HttpEntityMethodProcessor  : Using 'application/json;q=0.8', given [image/avif, image/webp, image/apng, image/svg+xml, image/*, */*;q=0.8] and supported [application/json, application/*+json]
2026-09-26T22:37:39.080+05:30 DEBUG 23996 --- [nio-8080-exec-4] o.s.w.s.m.m.a.HttpEntityMethodProcessor  : Writing [com.stocksense.dto.ErrorResponseDto@73e694dd]
2026-09-26T22:37:39.082+05:30 DEBUG 23996 --- [nio-8080-exec-1] o.s.w.s.m.m.a.HttpEntityMethodProcessor  : Using 'application/json', given [*/*] and supported [application/json, application/*+json]
2026-09-26T22:37:39.083+05:30 DEBUG 23996 --- [nio-8080-exec-4] .m.m.a.ExceptionHandlerExceptionResolver : Resolved [org.springframework.web.servlet.resource.NoResourceFoundException: No static resource favicon.ico.]
2026-09-26T22:37:39.086+05:30 DEBUG 23996 --- [nio-8080-exec-1] o.s.w.s.m.m.a.HttpEntityMethodProcessor  : Writing [[com.stocksense.dto.ProductResponseDto@7341b1eb, com.stocksense.dto.ProductResponseDto@7406b12b, com (truncated)...]
2026-09-26T22:37:39.086+05:30 DEBUG 23996 --- [nio-8080-exec-4] o.s.web.servlet.DispatcherServlet        : Completed 500 INTERNAL_SERVER_ERROR
2026-09-26T22:37:39.088+05:30 DEBUG 23996 --- [nio-8080-exec-1] o.s.web.servlet.DispatcherServlet        : Completed 200 OK
2026-09-26T22:38:00.022+05:30 DEBUG 23996 --- [nio-8080-exec-8] o.s.web.servlet.DispatcherServlet        : POST "/moves/adjustment", parameters={}
2026-09-26T22:38:00.026+05:30 DEBUG 23996 --- [nio-8080-exec-8] s.w.s.m.m.a.RequestMappingHandlerMapping : Mapped to com.stocksense.controller.StockMoveController#recordAdjustment(AdjustmentRequestDto)
2026-09-26T22:38:00.032+05:30 DEBUG 23996 --- [nio-8080-exec-8] m.m.a.RequestResponseBodyMethodProcessor : Read "application/json;charset=UTF-8" to [com.stocksense.dto.AdjustmentRequestDto@35e375b4]
2026-09-26T22:38:00.077+05:30 DEBUG 23996 --- [nio-8080-exec-8] org.hibernate.SQL                        : select p1_0.id,p1_0.category,p1_0.name,p1_0.sku,p1_0.unit_of_measure from products p1_0 where p1_0.id=?
2026-09-26T22:38:00.095+05:30 DEBUG 23996 --- [nio-8080-exec-8] org.hibernate.SQL                        : select l1_0.id,l1_0.name from locations l1_0 where l1_0.id=?
2026-09-26T22:38:00.107+05:30 DEBUG 23996 --- [nio-8080-exec-8] org.hibernate.SQL                        : select coalesce(sum(sm1_0.quantity_change),0) from stock_moves sm1_0 where sm1_0.product_id=? and sm1_0.location_id=? and sm1_0.status='CONFIRMED'
2026-09-26T22:38:00.115+05:30 DEBUG 23996 --- [nio-8080-exec-8] org.hibernate.SQL                        : insert into stock_moves (location_id,move_type,note,product_id,quantity_change,status,supplier_name,timestamp,id) values (?,?,?,?,?,?,?,?,default)
2026-09-26T22:38:00.126+05:30 DEBUG 23996 --- [nio-8080-exec-8] o.s.w.s.m.m.a.HttpEntityMethodProcessor  : Using 'application/json', given [*/*] and supported [application/json, application/*+json]
2026-09-26T22:38:00.126+05:30 DEBUG 23996 --- [nio-8080-exec-8] o.s.w.s.m.m.a.HttpEntityMethodProcessor  : Writing [com.stocksense.dto.StockMoveResponseDto@1c281bfd]
2026-09-26T22:38:00.131+05:30 DEBUG 23996 --- [nio-8080-exec-8] o.s.web.servlet.DispatcherServlet        : Completed 201 CREATED
2026-09-26T22:38:02.043+05:30 DEBUG 23996 --- [nio-8080-exec-6] o.s.web.servlet.DispatcherServlet        : GET "/history.html", parameters={}
2026-09-26T22:38:02.043+05:30 DEBUG 23996 --- [nio-8080-exec-6] o.s.w.s.handler.SimpleUrlHandlerMapping  : Mapped to ResourceHttpRequestHandler [URL [file:frontend/], classpath [static/]]
2026-09-26T22:38:02.048+05:30 DEBUG 23996 --- [nio-8080-exec-6] o.s.web.servlet.DispatcherServlet        : Completed 200 OK
2026-09-26T22:38:02.092+05:30 DEBUG 23996 --- [io-8080-exec-10] o.s.web.servlet.DispatcherServlet        : GET "/style.css", parameters={}
2026-09-26T22:38:02.094+05:30 DEBUG 23996 --- [io-8080-exec-10] o.s.w.s.handler.SimpleUrlHandlerMapping  : Mapped to ResourceHttpRequestHandler [URL [file:frontend/], classpath [static/]]
2026-09-26T22:38:02.096+05:30 DEBUG 23996 --- [nio-8080-exec-5] o.s.web.servlet.DispatcherServlet        : GET "/utils.js", parameters={}
2026-09-26T22:38:02.096+05:30 DEBUG 23996 --- [nio-8080-exec-2] o.s.web.servlet.DispatcherServlet        : GET "/api.js", parameters={}
2026-09-26T22:38:02.098+05:30 DEBUG 23996 --- [nio-8080-exec-5] o.s.w.s.handler.SimpleUrlHandlerMapping  : Mapped to ResourceHttpRequestHandler [URL [file:frontend/], classpath [static/]]
2026-09-26T22:38:02.100+05:30 DEBUG 23996 --- [nio-8080-exec-2] o.s.w.s.handler.SimpleUrlHandlerMapping  : Mapped to ResourceHttpRequestHandler [URL [file:frontend/], classpath [static/]]
2026-09-26T22:38:02.104+05:30 DEBUG 23996 --- [nio-8080-exec-2] o.s.web.servlet.DispatcherServlet        : Completed 200 OK
2026-09-26T22:38:02.112+05:30 DEBUG 23996 --- [io-8080-exec-10] o.s.web.servlet.DispatcherServlet        : Completed 200 OK
2026-09-26T22:38:02.143+05:30 DEBUG 23996 --- [nio-8080-exec-5] o.s.web.servlet.DispatcherServlet        : Completed 200 OK
2026-09-26T22:38:02.230+05:30 DEBUG 23996 --- [nio-8080-exec-9] o.s.web.servlet.DispatcherServlet        : GET "/favicon.ico", parameters={}
2026-09-26T22:38:02.230+05:30 DEBUG 23996 --- [nio-8080-exec-7] o.s.web.servlet.DispatcherServlet        : GET "/moves/all", parameters={}
2026-09-26T22:38:02.231+05:30 DEBUG 23996 --- [nio-8080-exec-7] s.w.s.m.m.a.RequestMappingHandlerMapping : Mapped to com.stocksense.controller.StockMoveController#getAllMoves()
2026-09-26T22:38:02.231+05:30 DEBUG 23996 --- [nio-8080-exec-9] o.s.w.s.handler.SimpleUrlHandlerMapping  : Mapped to ResourceHttpRequestHandler [URL [file:frontend/], classpath [static/]]
2026-09-26T22:38:02.238+05:30 DEBUG 23996 --- [nio-8080-exec-7] org.hibernate.SQL                        : select sm1_0.id,sm1_0.location_id,l1_0.id,l1_0.name,sm1_0.move_type,sm1_0.note,sm1_0.product_id,p1_0.id,p1_0.category,p1_0.name,p1_0.sku,p1_0.unit_of_measure,sm1_0.quantity_change,sm1_0.status,sm1_0.supplier_name,sm1_0.timestamp from stock_moves sm1_0 join products p1_0 on p1_0.id=sm1_0.product_id join locations l1_0 on l1_0.id=sm1_0.location_id order by sm1_0.timestamp desc
2026-09-26T22:38:02.238+05:30 DEBUG 23996 --- [nio-8080-exec-9] o.s.w.s.r.ResourceHttpRequestHandler     : Resource not found
2026-09-26T22:38:02.266+05:30 DEBUG 23996 --- [nio-8080-exec-7] o.s.w.s.m.m.a.HttpEntityMethodProcessor  : Using 'application/json', given [*/*] and supported [application/json, application/*+json]
2026-09-26T22:38:02.268+05:30 DEBUG 23996 --- [nio-8080-exec-7] o.s.w.s.m.m.a.HttpEntityMethodProcessor  : Writing [[com.stocksense.dto.StockMoveResponseDto@1bf34b5f, com.stocksense.dto.StockMoveResponseDto@3d740940, (truncated)...]
2026-09-26T22:38:02.268+05:30 DEBUG 23996 --- [nio-8080-exec-9] .m.m.a.ExceptionHandlerExceptionResolver : Using @ExceptionHandler com.stocksense.controller.GlobalExceptionHandler#handleGenericException(Exception)
2026-09-26T22:38:02.271+05:30 DEBUG 23996 --- [nio-8080-exec-7] o.s.web.servlet.DispatcherServlet        : Completed 200 OK
2026-09-26T22:38:02.273+05:30 DEBUG 23996 --- [nio-8080-exec-9] o.s.w.s.m.m.a.HttpEntityMethodProcessor  : Using 'application/json;q=0.8', given [image/avif, image/webp, image/apng, image/svg+xml, image/*, */*;q=0.8] and supported [application/json, application/*+json]
2026-09-26T22:38:02.273+05:30 DEBUG 23996 --- [nio-8080-exec-9] o.s.w.s.m.m.a.HttpEntityMethodProcessor  : Writing [com.stocksense.dto.ErrorResponseDto@b9f4e6d]
2026-09-26T22:38:02.276+05:30 DEBUG 23996 --- [nio-8080-exec-9] .m.m.a.ExceptionHandlerExceptionResolver : Resolved [org.springframework.web.servlet.resource.NoResourceFoundException: No static resource favicon.ico.]
2026-09-26T22:38:02.278+05:30 DEBUG 23996 --- [nio-8080-exec-9] o.s.web.servlet.DispatcherServlet        : Completed 500 INTERNAL_SERVER_ERROR
2026-09-26T22:38:08.506+05:30 DEBUG 23996 --- [nio-8080-exec-3] o.s.web.servlet.DispatcherServlet        : GET "/pending.html", parameters={}
2026-09-26T22:38:08.508+05:30 DEBUG 23996 --- [nio-8080-exec-3] o.s.w.s.handler.SimpleUrlHandlerMapping  : Mapped to ResourceHttpRequestHandler [URL [file:frontend/], classpath [static/]]
2026-09-26T22:38:08.510+05:30 DEBUG 23996 --- [nio-8080-exec-3] o.s.web.servlet.DispatcherServlet        : Completed 200 OK
2026-09-26T22:38:08.528+05:30 DEBUG 23996 --- [nio-8080-exec-4] o.s.web.servlet.DispatcherServlet        : GET "/style.css", parameters={}
2026-09-26T22:38:08.528+05:30 DEBUG 23996 --- [nio-8080-exec-4] o.s.w.s.handler.SimpleUrlHandlerMapping  : Mapped to ResourceHttpRequestHandler [URL [file:frontend/], classpath [static/]]
2026-09-26T22:38:08.536+05:30 DEBUG 23996 --- [nio-8080-exec-4] o.s.web.servlet.DispatcherServlet        : Completed 200 OK
2026-09-26T22:38:08.543+05:30 DEBUG 23996 --- [nio-8080-exec-1] o.s.web.servlet.DispatcherServlet        : GET "/api.js", parameters={}
2026-09-26T22:38:08.543+05:30 DEBUG 23996 --- [nio-8080-exec-8] o.s.web.servlet.DispatcherServlet        : GET "/utils.js", parameters={}
2026-09-26T22:38:08.546+05:30 DEBUG 23996 --- [nio-8080-exec-1] o.s.w.s.handler.SimpleUrlHandlerMapping  : Mapped to ResourceHttpRequestHandler [URL [file:frontend/], classpath [static/]]
2026-09-26T22:38:08.547+05:30 DEBUG 23996 --- [nio-8080-exec-8] o.s.w.s.handler.SimpleUrlHandlerMapping  : Mapped to ResourceHttpRequestHandler [URL [file:frontend/], classpath [static/]]
2026-09-26T22:38:08.550+05:30 DEBUG 23996 --- [nio-8080-exec-1] o.s.web.servlet.DispatcherServlet        : Completed 200 OK
2026-09-26T22:38:08.550+05:30 DEBUG 23996 --- [nio-8080-exec-8] o.s.web.servlet.DispatcherServlet        : Completed 200 OK
2026-09-26T22:38:08.564+05:30 DEBUG 23996 --- [nio-8080-exec-6] o.s.web.servlet.DispatcherServlet        : GET "/moves/pending", parameters={}
2026-09-26T22:38:08.566+05:30 DEBUG 23996 --- [nio-8080-exec-6] s.w.s.m.m.a.RequestMappingHandlerMapping : Mapped to com.stocksense.controller.StockMoveController#getPendingMoves()
2026-09-26T22:38:08.573+05:30 DEBUG 23996 --- [nio-8080-exec-6] org.hibernate.SQL                        : select sm1_0.id,sm1_0.location_id,l1_0.id,l1_0.name,sm1_0.move_type,sm1_0.note,sm1_0.product_id,p1_0.id,p1_0.category,p1_0.name,p1_0.sku,p1_0.unit_of_measure,sm1_0.quantity_change,sm1_0.status,sm1_0.supplier_name,sm1_0.timestamp from stock_moves sm1_0 join products p1_0 on p1_0.id=sm1_0.product_id join locations l1_0 on l1_0.id=sm1_0.location_id where sm1_0.status=? order by sm1_0.timestamp desc
2026-09-26T22:38:08.580+05:30 DEBUG 23996 --- [nio-8080-exec-6] o.s.w.s.m.m.a.HttpEntityMethodProcessor  : Using 'application/json', given [*/*] and supported [application/json, application/*+json]
2026-09-26T22:38:08.583+05:30 DEBUG 23996 --- [nio-8080-exec-6] o.s.w.s.m.m.a.HttpEntityMethodProcessor  : Writing [[]]
2026-09-26T22:38:08.587+05:30 DEBUG 23996 --- [nio-8080-exec-6] o.s.web.servlet.DispatcherServlet        : Completed 200 OK
2026-09-26T22:38:08.608+05:30 DEBUG 23996 --- [nio-8080-exec-2] o.s.web.servlet.DispatcherServlet        : GET "/favicon.ico", parameters={}
2026-09-26T22:38:08.608+05:30 DEBUG 23996 --- [nio-8080-exec-2] o.s.w.s.handler.SimpleUrlHandlerMapping  : Mapped to ResourceHttpRequestHandler [URL [file:frontend/], classpath [static/]]
2026-09-26T22:38:08.615+05:30 DEBUG 23996 --- [nio-8080-exec-2] o.s.w.s.r.ResourceHttpRequestHandler     : Resource not found
2026-09-26T22:38:08.619+05:30 DEBUG 23996 --- [nio-8080-exec-2] .m.m.a.ExceptionHandlerExceptionResolver : Using @ExceptionHandler com.stocksense.controller.GlobalExceptionHandler#handleGenericException(Exception)
2026-09-26T22:38:08.619+05:30 DEBUG 23996 --- [nio-8080-exec-2] o.s.w.s.m.m.a.HttpEntityMethodProcessor  : Using 'application/json;q=0.8', given [image/avif, image/webp, image/apng, image/svg+xml, image/*, */*;q=0.8] and supported [application/json, application/*+json]
2026-09-26T22:38:08.621+05:30 DEBUG 23996 --- [nio-8080-exec-2] o.s.w.s.m.m.a.HttpEntityMethodProcessor  : Writing [com.stocksense.dto.ErrorResponseDto@57eb47ca]
2026-09-26T22:38:08.623+05:30 DEBUG 23996 --- [nio-8080-exec-2] .m.m.a.ExceptionHandlerExceptionResolver : Resolved [org.springframework.web.servlet.resource.NoResourceFoundException: No static resource favicon.ico.]
2026-09-26T22:38:08.626+05:30 DEBUG 23996 --- [nio-8080-exec-2] o.s.web.servlet.DispatcherServlet        : Completed 500 INTERNAL_SERVER_ERROR
2026-09-26T22:38:09.624+05:30 DEBUG 23996 --- [io-8080-exec-10] o.s.web.servlet.DispatcherServlet        : GET "/settings.html", parameters={}
2026-09-26T22:38:09.624+05:30 DEBUG 23996 --- [io-8080-exec-10] o.s.w.s.handler.SimpleUrlHandlerMapping  : Mapped to ResourceHttpRequestHandler [URL [file:frontend/], classpath [static/]]
2026-09-26T22:38:09.628+05:30 DEBUG 23996 --- [io-8080-exec-10] o.s.web.servlet.DispatcherServlet        : Completed 200 OK
2026-09-26T22:38:09.651+05:30 DEBUG 23996 --- [nio-8080-exec-5] o.s.web.servlet.DispatcherServlet        : GET "/style.css", parameters={}
2026-09-26T22:38:09.651+05:30 DEBUG 23996 --- [nio-8080-exec-5] o.s.w.s.handler.SimpleUrlHandlerMapping  : Mapped to ResourceHttpRequestHandler [URL [file:frontend/], classpath [static/]]
2026-09-26T22:38:09.656+05:30 DEBUG 23996 --- [nio-8080-exec-5] o.s.web.servlet.DispatcherServlet        : Completed 200 OK
2026-09-26T22:38:09.669+05:30 DEBUG 23996 --- [nio-8080-exec-7] o.s.web.servlet.DispatcherServlet        : GET "/api.js", parameters={}
2026-09-26T22:38:09.670+05:30 DEBUG 23996 --- [nio-8080-exec-9] o.s.web.servlet.DispatcherServlet        : GET "/utils.js", parameters={}
2026-09-26T22:38:09.670+05:30 DEBUG 23996 --- [nio-8080-exec-7] o.s.w.s.handler.SimpleUrlHandlerMapping  : Mapped to ResourceHttpRequestHandler [URL [file:frontend/], classpath [static/]]
2026-09-26T22:38:09.671+05:30 DEBUG 23996 --- [nio-8080-exec-9] o.s.w.s.handler.SimpleUrlHandlerMapping  : Mapped to ResourceHttpRequestHandler [URL [file:frontend/], classpath [static/]]
2026-09-26T22:38:09.676+05:30 DEBUG 23996 --- [nio-8080-exec-7] o.s.web.servlet.DispatcherServlet        : Completed 200 OK
2026-09-26T22:38:09.693+05:30 DEBUG 23996 --- [nio-8080-exec-9] o.s.web.servlet.DispatcherServlet        : Completed 200 OK
2026-09-26T22:38:09.725+05:30 DEBUG 23996 --- [nio-8080-exec-3] o.s.web.servlet.DispatcherServlet        : GET "/locations", parameters={}
2026-09-26T22:38:09.726+05:30 DEBUG 23996 --- [nio-8080-exec-3] s.w.s.m.m.a.RequestMappingHandlerMapping : Mapped to com.stocksense.controller.LocationController#getAllLocations()
2026-09-26T22:38:09.732+05:30 DEBUG 23996 --- [nio-8080-exec-3] org.hibernate.SQL                        : select l1_0.id,l1_0.name from locations l1_0 order by l1_0.name
2026-09-26T22:38:09.741+05:30 DEBUG 23996 --- [nio-8080-exec-3] o.s.w.s.m.m.a.HttpEntityMethodProcessor  : Using 'application/json', given [*/*] and supported [application/json, application/*+json]
2026-09-26T22:38:09.743+05:30 DEBUG 23996 --- [nio-8080-exec-3] o.s.w.s.m.m.a.HttpEntityMethodProcessor  : Writing [[com.stocksense.model.Location@20, com.stocksense.model.Location@40]]
2026-09-26T22:38:09.745+05:30 DEBUG 23996 --- [nio-8080-exec-3] o.s.web.servlet.DispatcherServlet        : Completed 200 OK
2026-09-26T22:38:09.753+05:30 DEBUG 23996 --- [nio-8080-exec-4] o.s.web.servlet.DispatcherServlet        : GET "/favicon.ico", parameters={}
2026-09-26T22:38:09.753+05:30 DEBUG 23996 --- [nio-8080-exec-4] o.s.w.s.handler.SimpleUrlHandlerMapping  : Mapped to ResourceHttpRequestHandler [URL [file:frontend/], classpath [static/]]
2026-09-26T22:38:09.753+05:30 DEBUG 23996 --- [nio-8080-exec-4] o.s.w.s.r.ResourceHttpRequestHandler     : Resource not found
2026-09-26T22:38:09.762+05:30 DEBUG 23996 --- [nio-8080-exec-4] .m.m.a.ExceptionHandlerExceptionResolver : Using @ExceptionHandler com.stocksense.controller.GlobalExceptionHandler#handleGenericException(Exception)
2026-09-26T22:38:09.764+05:30 DEBUG 23996 --- [nio-8080-exec-4] o.s.w.s.m.m.a.HttpEntityMethodProcessor  : Using 'application/json;q=0.8', given [image/avif, image/webp, image/apng, image/svg+xml, image/*, */*;q=0.8] and supported [application/json, application/*+json]
2026-09-26T22:38:09.764+05:30 DEBUG 23996 --- [nio-8080-exec-4] o.s.w.s.m.m.a.HttpEntityMethodProcessor  : Writing [com.stocksense.dto.ErrorResponseDto@3226278d]
2026-09-26T22:38:09.766+05:30 DEBUG 23996 --- [nio-8080-exec-4] .m.m.a.ExceptionHandlerExceptionResolver : Resolved [org.springframework.web.servlet.resource.NoResourceFoundException: No static resource favicon.ico.]
2026-09-26T22:38:09.770+05:30 DEBUG 23996 --- [nio-8080-exec-4] o.s.web.servlet.DispatcherServlet        : Completed 500 INTERNAL_SERVER_ERROR
2026-09-26T22:38:17.660+05:30 DEBUG 23996 --- [nio-8080-exec-1] o.s.web.servlet.DispatcherServlet        : GET "/profile.html", parameters={}
2026-09-26T22:38:17.662+05:30 DEBUG 23996 --- [nio-8080-exec-1] o.s.w.s.handler.SimpleUrlHandlerMapping  : Mapped to ResourceHttpRequestHandler [URL [file:frontend/], classpath [static/]]
2026-09-26T22:38:17.666+05:30 DEBUG 23996 --- [nio-8080-exec-1] o.s.web.servlet.DispatcherServlet        : Completed 200 OK
2026-09-26T22:38:17.684+05:30 DEBUG 23996 --- [nio-8080-exec-8] o.s.web.servlet.DispatcherServlet        : GET "/style.css", parameters={}
2026-09-26T22:38:17.686+05:30 DEBUG 23996 --- [nio-8080-exec-8] o.s.w.s.handler.SimpleUrlHandlerMapping  : Mapped to ResourceHttpRequestHandler [URL [file:frontend/], classpath [static/]]
2026-09-26T22:38:17.698+05:30 DEBUG 23996 --- [nio-8080-exec-6] o.s.web.servlet.DispatcherServlet        : GET "/api.js", parameters={}
2026-09-26T22:38:17.698+05:30 DEBUG 23996 --- [nio-8080-exec-8] o.s.web.servlet.DispatcherServlet        : Completed 200 OK
2026-09-26T22:38:17.700+05:30 DEBUG 23996 --- [nio-8080-exec-6] o.s.w.s.handler.SimpleUrlHandlerMapping  : Mapped to ResourceHttpRequestHandler [URL [file:frontend/], classpath [static/]]
2026-09-26T22:38:17.700+05:30 DEBUG 23996 --- [nio-8080-exec-8] o.s.web.servlet.DispatcherServlet        : GET "/utils.js", parameters={}
2026-09-26T22:38:17.703+05:30 DEBUG 23996 --- [nio-8080-exec-8] o.s.w.s.handler.SimpleUrlHandlerMapping  : Mapped to ResourceHttpRequestHandler [URL [file:frontend/], classpath [static/]]
2026-09-26T22:38:17.703+05:30 DEBUG 23996 --- [nio-8080-exec-6] o.s.web.servlet.DispatcherServlet        : Completed 200 OK
2026-09-26T22:38:17.708+05:30 DEBUG 23996 --- [nio-8080-exec-8] o.s.web.servlet.DispatcherServlet        : Completed 200 OK
2026-09-26T22:38:17.720+05:30 DEBUG 23996 --- [nio-8080-exec-2] o.s.web.servlet.DispatcherServlet        : GET "/auth/me", parameters={}
2026-09-26T22:38:17.720+05:30 DEBUG 23996 --- [nio-8080-exec-2] s.w.s.m.m.a.RequestMappingHandlerMapping : Mapped to com.stocksense.controller.AuthController#getCurrentUser(String)
2026-09-26T22:38:17.754+05:30 DEBUG 23996 --- [nio-8080-exec-2] org.hibernate.SQL                        : select u1_0.id,u1_0.created_at,u1_0.email,u1_0.password_hash from users u1_0 where upper(u1_0.email)=upper(?)
2026-09-26T22:38:17.758+05:30 DEBUG 23996 --- [nio-8080-exec-2] o.s.w.s.m.m.a.HttpEntityMethodProcessor  : Using 'application/json', given [*/*] and supported [application/json, application/*+json]
2026-09-26T22:38:17.760+05:30 DEBUG 23996 --- [nio-8080-exec-2] o.s.w.s.m.m.a.HttpEntityMethodProcessor  : Writing [{created_at=2026-09-26T16:22:16.784362, email=vjkingv7@gmail.com, id=34}]
2026-09-26T22:38:17.765+05:30 DEBUG 23996 --- [nio-8080-exec-2] o.s.web.servlet.DispatcherServlet        : Completed 200 OK
2026-09-26T22:38:17.776+05:30 DEBUG 23996 --- [io-8080-exec-10] o.s.web.servlet.DispatcherServlet        : GET "/favicon.ico", parameters={}
2026-09-26T22:38:17.776+05:30 DEBUG 23996 --- [io-8080-exec-10] o.s.w.s.handler.SimpleUrlHandlerMapping  : Mapped to ResourceHttpRequestHandler [URL [file:frontend/], classpath [static/]]
2026-09-26T22:38:17.779+05:30 DEBUG 23996 --- [io-8080-exec-10] o.s.w.s.r.ResourceHttpRequestHandler     : Resource not found
2026-09-26T22:38:17.781+05:30 DEBUG 23996 --- [io-8080-exec-10] .m.m.a.ExceptionHandlerExceptionResolver : Using @ExceptionHandler com.stocksense.controller.GlobalExceptionHandler#handleGenericException(Exception)
2026-09-26T22:38:17.782+05:30 DEBUG 23996 --- [io-8080-exec-10] o.s.w.s.m.m.a.HttpEntityMethodProcessor  : Using 'application/json;q=0.8', given [image/avif, image/webp, image/apng, image/svg+xml, image/*, */*;q=0.8] and supported [application/json, application/*+json]
2026-09-26T22:38:17.783+05:30 DEBUG 23996 --- [io-8080-exec-10] o.s.w.s.m.m.a.HttpEntityMethodProcessor  : Writing [com.stocksense.dto.ErrorResponseDto@5e27190f]
2026-09-26T22:38:17.783+05:30 DEBUG 23996 --- [io-8080-exec-10] .m.m.a.ExceptionHandlerExceptionResolver : Resolved [org.springframework.web.servlet.resource.NoResourceFoundException: No static resource favicon.ico.]
2026-09-26T22:38:17.786+05:30 DEBUG 23996 --- [io-8080-exec-10] o.s.web.servlet.DispatcherServlet        : Completed 500 INTERNAL_SERVER_ERROR
2026-09-26T22:38:31.114+05:30 DEBUG 23996 --- [nio-8080-exec-5] o.s.web.servlet.DispatcherServlet        : GET "/index.html", parameters={}
2026-09-26T22:38:31.116+05:30 DEBUG 23996 --- [nio-8080-exec-5] o.s.w.s.handler.SimpleUrlHandlerMapping  : Mapped to ResourceHttpRequestHandler [URL [file:frontend/], classpath [static/]]
2026-09-26T22:38:31.120+05:30 DEBUG 23996 --- [nio-8080-exec-5] o.s.web.servlet.DispatcherServlet        : Completed 200 OK
2026-09-26T22:38:31.140+05:30 DEBUG 23996 --- [nio-8080-exec-7] o.s.web.servlet.DispatcherServlet        : GET "/style.css", parameters={}
2026-09-26T22:38:31.142+05:30 DEBUG 23996 --- [nio-8080-exec-7] o.s.w.s.handler.SimpleUrlHandlerMapping  : Mapped to ResourceHttpRequestHandler [URL [file:frontend/], classpath [static/]]
2026-09-26T22:38:31.149+05:30 DEBUG 23996 --- [nio-8080-exec-7] o.s.web.servlet.DispatcherServlet        : Completed 200 OK
2026-09-26T22:38:31.168+05:30 DEBUG 23996 --- [nio-8080-exec-9] o.s.web.servlet.DispatcherServlet        : GET "/api.js", parameters={}
2026-09-26T22:38:31.168+05:30 DEBUG 23996 --- [nio-8080-exec-3] o.s.web.servlet.DispatcherServlet        : GET "/utils.js", parameters={}
2026-09-26T22:38:31.169+05:30 DEBUG 23996 --- [nio-8080-exec-9] o.s.w.s.handler.SimpleUrlHandlerMapping  : Mapped to ResourceHttpRequestHandler [URL [file:frontend/], classpath [static/]]
2026-09-26T22:38:31.170+05:30 DEBUG 23996 --- [nio-8080-exec-3] o.s.w.s.handler.SimpleUrlHandlerMapping  : Mapped to ResourceHttpRequestHandler [URL [file:frontend/], classpath [static/]]
2026-09-26T22:38:31.173+05:30 DEBUG 23996 --- [nio-8080-exec-9] o.s.web.servlet.DispatcherServlet        : Completed 200 OK
2026-09-26T22:38:31.173+05:30 DEBUG 23996 --- [nio-8080-exec-3] o.s.web.servlet.DispatcherServlet        : Completed 200 OK
2026-09-26T22:38:31.234+05:30 DEBUG 23996 --- [nio-8080-exec-4] o.s.web.servlet.DispatcherServlet        : GET "/dashboard", parameters={}
2026-09-26T22:38:31.234+05:30 DEBUG 23996 --- [nio-8080-exec-1] o.s.web.servlet.DispatcherServlet        : GET "/products", parameters={}
2026-09-26T22:38:31.235+05:30 DEBUG 23996 --- [nio-8080-exec-4] s.w.s.m.m.a.RequestMappingHandlerMapping : Mapped to com.stocksense.controller.DashboardController#getDashboard()
2026-09-26T22:38:31.235+05:30 DEBUG 23996 --- [nio-8080-exec-1] s.w.s.m.m.a.RequestMappingHandlerMapping : Mapped to com.stocksense.controller.ProductController#listProducts()
2026-09-26T22:38:31.239+05:30 DEBUG 23996 --- [nio-8080-exec-4] org.hibernate.SQL                        : select p1_0.id,p1_0.category,p1_0.name,p1_0.sku,p1_0.unit_of_measure from products p1_0 order by p1_0.name
2026-09-26T22:38:31.239+05:30 DEBUG 23996 --- [nio-8080-exec-1] org.hibernate.SQL                        : select p1_0.id,p1_0.category,p1_0.name,p1_0.sku,p1_0.unit_of_measure from products p1_0 order by p1_0.name
2026-09-26T22:38:31.242+05:30 DEBUG 23996 --- [nio-8080-exec-4] org.hibernate.SQL                        : select sm1_0.product_id,cast(coalesce(sum(sm1_0.quantity_change),0) as integer) from stock_moves sm1_0 where sm1_0.status='CONFIRMED' group by sm1_0.product_id
2026-09-26T22:38:31.242+05:30 DEBUG 23996 --- [nio-8080-exec-1] org.hibernate.SQL                        : select sm1_0.product_id,cast(coalesce(sum(sm1_0.quantity_change),0) as integer) from stock_moves sm1_0 where sm1_0.status='CONFIRMED' group by sm1_0.product_id
2026-09-26T22:38:31.249+05:30 DEBUG 23996 --- [nio-8080-exec-4] org.hibernate.SQL                        : select sm1_0.product_id,sm1_0.location_id,l1_0.name,cast(coalesce(sum(sm1_0.quantity_change),0) as integer) from stock_moves sm1_0 join locations l1_0 on l1_0.id=sm1_0.location_id where sm1_0.status='CONFIRMED' group by sm1_0.product_id,sm1_0.location_id,l1_0.name
2026-09-26T22:38:31.254+05:30 DEBUG 23996 --- [nio-8080-exec-1] org.hibernate.SQL                        : select sm1_0.product_id,sm1_0.location_id,l1_0.name,cast(coalesce(sum(sm1_0.quantity_change),0) as integer) from stock_moves sm1_0 join locations l1_0 on l1_0.id=sm1_0.location_id where sm1_0.status='CONFIRMED' group by sm1_0.product_id,sm1_0.location_id,l1_0.name
2026-09-26T22:38:31.258+05:30 DEBUG 23996 --- [nio-8080-exec-4] org.hibernate.SQL                        : select count(sm1_0.id) from stock_moves sm1_0 where sm1_0.status=? and sm1_0.move_type=?
2026-09-26T22:38:31.260+05:30 DEBUG 23996 --- [nio-8080-exec-6] o.s.web.servlet.DispatcherServlet        : GET "/favicon.ico", parameters={}
2026-09-26T22:38:31.261+05:30 DEBUG 23996 --- [nio-8080-exec-6] o.s.w.s.handler.SimpleUrlHandlerMapping  : Mapped to ResourceHttpRequestHandler [URL [file:frontend/], classpath [static/]]
2026-09-26T22:38:31.261+05:30 DEBUG 23996 --- [nio-8080-exec-1] o.s.w.s.m.m.a.HttpEntityMethodProcessor  : Using 'application/json', given [*/*] and supported [application/json, application/*+json]
2026-09-26T22:38:31.263+05:30 DEBUG 23996 --- [nio-8080-exec-6] o.s.w.s.r.ResourceHttpRequestHandler     : Resource not found
2026-09-26T22:38:31.263+05:30 DEBUG 23996 --- [nio-8080-exec-1] o.s.w.s.m.m.a.HttpEntityMethodProcessor  : Writing [[com.stocksense.dto.ProductResponseDto@7e304323, com.stocksense.dto.ProductResponseDto@1cc5380f, com (truncated)...]
2026-09-26T22:38:31.263+05:30 DEBUG 23996 --- [nio-8080-exec-4] org.hibernate.SQL                        : select count(sm1_0.id) from stock_moves sm1_0 where sm1_0.status=? and sm1_0.move_type=?
2026-09-26T22:38:31.265+05:30 DEBUG 23996 --- [nio-8080-exec-6] .m.m.a.ExceptionHandlerExceptionResolver : Using @ExceptionHandler com.stocksense.controller.GlobalExceptionHandler#handleGenericException(Exception)
2026-09-26T22:38:31.266+05:30 DEBUG 23996 --- [nio-8080-exec-4] o.s.w.s.m.m.a.HttpEntityMethodProcessor  : Using 'application/json', given [*/*] and supported [application/json, application/*+json]
2026-09-26T22:38:31.266+05:30 DEBUG 23996 --- [nio-8080-exec-6] o.s.w.s.m.m.a.HttpEntityMethodProcessor  : Using 'application/json;q=0.8', given [image/avif, image/webp, image/apng, image/svg+xml, image/*, */*;q=0.8] and supported [application/json, application/*+json]
2026-09-26T22:38:31.266+05:30 DEBUG 23996 --- [nio-8080-exec-1] o.s.web.servlet.DispatcherServlet        : Completed 200 OK
2026-09-26T22:38:31.267+05:30 DEBUG 23996 --- [nio-8080-exec-4] o.s.w.s.m.m.a.HttpEntityMethodProcessor  : Writing [com.stocksense.dto.DashboardResponseDto@4b3bf482]
2026-09-26T22:38:31.267+05:30 DEBUG 23996 --- [nio-8080-exec-6] o.s.w.s.m.m.a.HttpEntityMethodProcessor  : Writing [com.stocksense.dto.ErrorResponseDto@6cc2a9a8]
2026-09-26T22:38:31.270+05:30 DEBUG 23996 --- [nio-8080-exec-4] o.s.web.servlet.DispatcherServlet        : Completed 200 OK
2026-09-26T22:38:31.272+05:30 DEBUG 23996 --- [nio-8080-exec-6] .m.m.a.ExceptionHandlerExceptionResolver : Resolved [org.springframework.web.servlet.resource.NoResourceFoundException: No static resource favicon.ico.]
2026-09-26T22:38:31.273+05:30 DEBUG 23996 --- [nio-8080-exec-6] o.s.web.servlet.DispatcherServlet        : Completed 500 INTERNAL_SERVER_ERROR
2026-09-26T22:38:58.101+05:30 DEBUG 23996 --- [nio-8080-exec-8] o.s.web.servlet.DispatcherServlet        : GET "/login.html", parameters={}
2026-09-26T22:38:58.103+05:30 DEBUG 23996 --- [nio-8080-exec-8] o.s.w.s.handler.SimpleUrlHandlerMapping  : Mapped to ResourceHttpRequestHandler [URL [file:frontend/], classpath [static/]]
2026-09-26T22:38:58.110+05:30 DEBUG 23996 --- [nio-8080-exec-8] o.s.web.servlet.DispatcherServlet        : Completed 200 OK
2026-09-26T22:38:58.142+05:30 DEBUG 23996 --- [nio-8080-exec-2] o.s.web.servlet.DispatcherServlet        : GET "/style.css", parameters={}
2026-09-26T22:38:58.146+05:30 DEBUG 23996 --- [nio-8080-exec-2] o.s.w.s.handler.SimpleUrlHandlerMapping  : Mapped to ResourceHttpRequestHandler [URL [file:frontend/], classpath [static/]]
2026-09-26T22:38:58.153+05:30 DEBUG 23996 --- [nio-8080-exec-2] o.s.web.servlet.DispatcherServlet        : Completed 200 OK
2026-09-26T22:38:58.163+05:30 DEBUG 23996 --- [io-8080-exec-10] o.s.web.servlet.DispatcherServlet        : GET "/api.js", parameters={}
2026-09-26T22:38:58.165+05:30 DEBUG 23996 --- [io-8080-exec-10] o.s.w.s.handler.SimpleUrlHandlerMapping  : Mapped to ResourceHttpRequestHandler [URL [file:frontend/], classpath [static/]]
2026-09-26T22:38:58.166+05:30 DEBUG 23996 --- [nio-8080-exec-5] o.s.web.servlet.DispatcherServlet        : GET "/utils.js", parameters={}
2026-09-26T22:38:58.168+05:30 DEBUG 23996 --- [nio-8080-exec-5] o.s.w.s.handler.SimpleUrlHandlerMapping  : Mapped to ResourceHttpRequestHandler [URL [file:frontend/], classpath [static/]]
2026-09-26T22:38:58.170+05:30 DEBUG 23996 --- [io-8080-exec-10] o.s.web.servlet.DispatcherServlet        : Completed 200 OK
2026-09-26T22:38:58.171+05:30 DEBUG 23996 --- [nio-8080-exec-5] o.s.web.servlet.DispatcherServlet        : Completed 200 OK
2026-09-26T22:38:58.228+05:30 DEBUG 23996 --- [nio-8080-exec-7] o.s.web.servlet.DispatcherServlet        : GET "/favicon.ico", parameters={}
2026-09-26T22:38:58.231+05:30 DEBUG 23996 --- [nio-8080-exec-7] o.s.w.s.handler.SimpleUrlHandlerMapping  : Mapped to ResourceHttpRequestHandler [URL [file:frontend/], classpath [static/]]
2026-09-26T22:38:58.232+05:30 DEBUG 23996 --- [nio-8080-exec-7] o.s.w.s.r.ResourceHttpRequestHandler     : Resource not found
2026-09-26T22:38:58.234+05:30 DEBUG 23996 --- [nio-8080-exec-7] .m.m.a.ExceptionHandlerExceptionResolver : Using @ExceptionHandler com.stocksense.controller.GlobalExceptionHandler#handleGenericException(Exception)
2026-09-26T22:38:58.234+05:30 DEBUG 23996 --- [nio-8080-exec-7] o.s.w.s.m.m.a.HttpEntityMethodProcessor  : Using 'application/json;q=0.8', given [image/avif, image/webp, image/apng, image/svg+xml, image/*, */*;q=0.8] and supported [application/json, application/*+json]
2026-09-26T22:38:58.236+05:30 DEBUG 23996 --- [nio-8080-exec-7] o.s.w.s.m.m.a.HttpEntityMethodProcessor  : Writing [com.stocksense.dto.ErrorResponseDto@5930fc82]
2026-09-26T22:38:58.239+05:30 DEBUG 23996 --- [nio-8080-exec-7] .m.m.a.ExceptionHandlerExceptionResolver : Resolved [org.springframework.web.servlet.resource.NoResourceFoundException: No static resource favicon.ico.]
2026-09-26T22:38:58.239+05:30 DEBUG 23996 --- [nio-8080-exec-7] o.s.web.servlet.DispatcherServlet        : Completed 500 INTERNAL_SERVER_ERROR
2026-09-26T22:42:53.025+05:30 DEBUG 23996 --- [nio-8080-exec-9] o.s.web.servlet.DispatcherServlet        : POST "/auth/login", parameters={}
2026-09-26T22:42:53.025+05:30 DEBUG 23996 --- [nio-8080-exec-9] s.w.s.m.m.a.RequestMappingHandlerMapping : Mapped to com.stocksense.controller.AuthController#login(AuthRequestDto)
2026-09-26T22:42:53.056+05:30 DEBUG 23996 --- [nio-8080-exec-9] m.m.a.RequestResponseBodyMethodProcessor : Read "application/json;charset=UTF-8" to [com.stocksense.dto.AuthRequestDto@19696785]
2026-09-26T22:42:53.149+05:30 DEBUG 23996 --- [nio-8080-exec-9] org.hibernate.SQL                        : select u1_0.id,u1_0.created_at,u1_0.email,u1_0.password_hash from users u1_0 where upper(u1_0.email)=upper(?)
2026-09-26T22:42:53.482+05:30 DEBUG 23996 --- [nio-8080-exec-9] o.s.w.s.m.m.a.HttpEntityMethodProcessor  : Using 'application/json', given [*/*] and supported [application/json, application/*+json]
2026-09-26T22:42:53.489+05:30 DEBUG 23996 --- [nio-8080-exec-9] o.s.w.s.m.m.a.HttpEntityMethodProcessor  : Writing [com.stocksense.dto.AuthResponseDto@20e3f6a9]
2026-09-26T22:42:53.492+05:30 DEBUG 23996 --- [nio-8080-exec-9] o.s.web.servlet.DispatcherServlet        : Completed 200 OK
2026-09-26T22:42:54.045+05:30 DEBUG 23996 --- [nio-8080-exec-1] o.s.web.servlet.DispatcherServlet        : GET "/index.html", parameters={}
2026-09-26T22:42:54.047+05:30 DEBUG 23996 --- [nio-8080-exec-1] o.s.w.s.handler.SimpleUrlHandlerMapping  : Mapped to ResourceHttpRequestHandler [URL [file:frontend/], classpath [static/]]
2026-09-26T22:42:54.055+05:30 DEBUG 23996 --- [nio-8080-exec-1] o.s.web.servlet.DispatcherServlet        : Completed 200 OK
2026-09-26T22:42:54.080+05:30 DEBUG 23996 --- [nio-8080-exec-4] o.s.web.servlet.DispatcherServlet        : GET "/style.css", parameters={}
2026-09-26T22:42:54.086+05:30 DEBUG 23996 --- [nio-8080-exec-4] o.s.w.s.handler.SimpleUrlHandlerMapping  : Mapped to ResourceHttpRequestHandler [URL [file:frontend/], classpath [static/]]
2026-09-26T22:42:54.094+05:30 DEBUG 23996 --- [nio-8080-exec-4] o.s.web.servlet.DispatcherServlet        : Completed 200 OK
2026-09-26T22:42:54.131+05:30 DEBUG 23996 --- [nio-8080-exec-6] o.s.web.servlet.DispatcherServlet        : GET "/api.js", parameters={}
2026-09-26T22:42:54.131+05:30 DEBUG 23996 --- [nio-8080-exec-6] o.s.w.s.handler.SimpleUrlHandlerMapping  : Mapped to ResourceHttpRequestHandler [URL [file:frontend/], classpath [static/]]
2026-09-26T22:42:54.131+05:30 DEBUG 23996 --- [nio-8080-exec-8] o.s.web.servlet.DispatcherServlet        : GET "/utils.js", parameters={}
2026-09-26T22:42:54.131+05:30 DEBUG 23996 --- [nio-8080-exec-8] o.s.w.s.handler.SimpleUrlHandlerMapping  : Mapped to ResourceHttpRequestHandler [URL [file:frontend/], classpath [static/]]
2026-09-26T22:42:54.139+05:30 DEBUG 23996 --- [nio-8080-exec-6] o.s.web.servlet.DispatcherServlet        : Completed 200 OK
2026-09-26T22:42:54.144+05:30 DEBUG 23996 --- [nio-8080-exec-8] o.s.web.servlet.DispatcherServlet        : Completed 200 OK
2026-09-26T22:42:54.193+05:30 DEBUG 23996 --- [io-8080-exec-10] o.s.web.servlet.DispatcherServlet        : GET "/products", parameters={}
2026-09-26T22:42:54.193+05:30 DEBUG 23996 --- [nio-8080-exec-2] o.s.web.servlet.DispatcherServlet        : GET "/dashboard", parameters={}
2026-09-26T22:42:54.197+05:30 DEBUG 23996 --- [io-8080-exec-10] s.w.s.m.m.a.RequestMappingHandlerMapping : Mapped to com.stocksense.controller.ProductController#listProducts()
2026-09-26T22:42:54.197+05:30 DEBUG 23996 --- [nio-8080-exec-2] s.w.s.m.m.a.RequestMappingHandlerMapping : Mapped to com.stocksense.controller.DashboardController#getDashboard()
2026-09-26T22:42:54.205+05:30 DEBUG 23996 --- [io-8080-exec-10] org.hibernate.SQL                        : select p1_0.id,p1_0.category,p1_0.name,p1_0.sku,p1_0.unit_of_measure from products p1_0 order by p1_0.name
2026-09-26T22:42:54.205+05:30 DEBUG 23996 --- [nio-8080-exec-2] org.hibernate.SQL                        : select p1_0.id,p1_0.category,p1_0.name,p1_0.sku,p1_0.unit_of_measure from products p1_0 order by p1_0.name
2026-09-26T22:42:54.241+05:30 DEBUG 23996 --- [io-8080-exec-10] org.hibernate.SQL                        : select sm1_0.product_id,cast(coalesce(sum(sm1_0.quantity_change),0) as integer) from stock_moves sm1_0 where sm1_0.status='CONFIRMED' group by sm1_0.product_id
2026-09-26T22:42:54.242+05:30 DEBUG 23996 --- [nio-8080-exec-2] org.hibernate.SQL                        : select sm1_0.product_id,cast(coalesce(sum(sm1_0.quantity_change),0) as integer) from stock_moves sm1_0 where sm1_0.status='CONFIRMED' group by sm1_0.product_id
2026-09-26T22:42:54.250+05:30 DEBUG 23996 --- [io-8080-exec-10] org.hibernate.SQL                        : select sm1_0.product_id,sm1_0.location_id,l1_0.name,cast(coalesce(sum(sm1_0.quantity_change),0) as integer) from stock_moves sm1_0 join locations l1_0 on l1_0.id=sm1_0.location_id where sm1_0.status='CONFIRMED' group by sm1_0.product_id,sm1_0.location_id,l1_0.name
2026-09-26T22:42:54.260+05:30 DEBUG 23996 --- [io-8080-exec-10] o.s.w.s.m.m.a.HttpEntityMethodProcessor  : Using 'application/json', given [*/*] and supported [application/json, application/*+json]
2026-09-26T22:42:54.261+05:30 DEBUG 23996 --- [io-8080-exec-10] o.s.w.s.m.m.a.HttpEntityMethodProcessor  : Writing [[com.stocksense.dto.ProductResponseDto@c3d7d9d, com.stocksense.dto.ProductResponseDto@41fc0806, com. (truncated)...]
2026-09-26T22:42:54.265+05:30 DEBUG 23996 --- [nio-8080-exec-5] o.s.web.servlet.DispatcherServlet        : GET "/favicon.ico", parameters={}
2026-09-26T22:42:54.267+05:30 DEBUG 23996 --- [io-8080-exec-10] o.s.web.servlet.DispatcherServlet        : Completed 200 OK
2026-09-26T22:42:54.268+05:30 DEBUG 23996 --- [nio-8080-exec-5] o.s.w.s.handler.SimpleUrlHandlerMapping  : Mapped to ResourceHttpRequestHandler [URL [file:frontend/], classpath [static/]]
2026-09-26T22:42:54.270+05:30 DEBUG 23996 --- [nio-8080-exec-2] org.hibernate.SQL                        : select sm1_0.product_id,sm1_0.location_id,l1_0.name,cast(coalesce(sum(sm1_0.quantity_change),0) as integer) from stock_moves sm1_0 join locations l1_0 on l1_0.id=sm1_0.location_id where sm1_0.status='CONFIRMED' group by sm1_0.product_id,sm1_0.location_id,l1_0.name
2026-09-26T22:42:54.274+05:30 DEBUG 23996 --- [nio-8080-exec-5] o.s.w.s.r.ResourceHttpRequestHandler     : Resource not found
2026-09-26T22:42:54.275+05:30 DEBUG 23996 --- [nio-8080-exec-5] .m.m.a.ExceptionHandlerExceptionResolver : Using @ExceptionHandler com.stocksense.controller.GlobalExceptionHandler#handleGenericException(Exception)
2026-09-26T22:42:54.277+05:30 DEBUG 23996 --- [nio-8080-exec-5] o.s.w.s.m.m.a.HttpEntityMethodProcessor  : Using 'application/json;q=0.8', given [image/avif, image/webp, image/apng, image/svg+xml, image/*, */*;q=0.8] and supported [application/json, application/*+json]
2026-09-26T22:42:54.277+05:30 DEBUG 23996 --- [nio-8080-exec-5] o.s.w.s.m.m.a.HttpEntityMethodProcessor  : Writing [com.stocksense.dto.ErrorResponseDto@3f53a165]
2026-09-26T22:42:54.280+05:30 DEBUG 23996 --- [nio-8080-exec-5] .m.m.a.ExceptionHandlerExceptionResolver : Resolved [org.springframework.web.servlet.resource.NoResourceFoundException: No static resource favicon.ico.]
2026-09-26T22:42:54.280+05:30 DEBUG 23996 --- [nio-8080-exec-5] o.s.web.servlet.DispatcherServlet        : Completed 500 INTERNAL_SERVER_ERROR
2026-09-26T22:42:54.282+05:30 DEBUG 23996 --- [nio-8080-exec-2] org.hibernate.SQL                        : select count(sm1_0.id) from stock_moves sm1_0 where sm1_0.status=? and sm1_0.move_type=?
2026-09-26T22:42:54.289+05:30 DEBUG 23996 --- [nio-8080-exec-2] org.hibernate.SQL                        : select count(sm1_0.id) from stock_moves sm1_0 where sm1_0.status=? and sm1_0.move_type=?
2026-09-26T22:42:54.293+05:30 DEBUG 23996 --- [nio-8080-exec-2] o.s.w.s.m.m.a.HttpEntityMethodProcessor  : Using 'application/json', given [*/*] and supported [application/json, application/*+json]
2026-09-26T22:42:54.293+05:30 DEBUG 23996 --- [nio-8080-exec-2] o.s.w.s.m.m.a.HttpEntityMethodProcessor  : Writing [com.stocksense.dto.DashboardResponseDto@d12cf33]
2026-09-26T22:42:54.294+05:30 DEBUG 23996 --- [nio-8080-exec-2] o.s.web.servlet.DispatcherServlet        : Completed 200 OK
2026-09-26T22:43:24.199+05:30 DEBUG 23996 --- [nio-8080-exec-3] o.s.web.servlet.DispatcherServlet        : GET "/products", parameters={}
2026-09-26T22:43:24.199+05:30 DEBUG 23996 --- [nio-8080-exec-7] o.s.web.servlet.DispatcherServlet        : GET "/dashboard", parameters={}
2026-09-26T22:43:24.201+05:30 DEBUG 23996 --- [nio-8080-exec-3] s.w.s.m.m.a.RequestMappingHandlerMapping : Mapped to com.stocksense.controller.ProductController#listProducts()
2026-09-26T22:43:24.202+05:30 DEBUG 23996 --- [nio-8080-exec-7] s.w.s.m.m.a.RequestMappingHandlerMapping : Mapped to com.stocksense.controller.DashboardController#getDashboard()
2026-09-26T22:43:24.208+05:30 DEBUG 23996 --- [nio-8080-exec-3] org.hibernate.SQL                        : select p1_0.id,p1_0.category,p1_0.name,p1_0.sku,p1_0.unit_of_measure from products p1_0 order by p1_0.name
2026-09-26T22:43:24.208+05:30 DEBUG 23996 --- [nio-8080-exec-7] org.hibernate.SQL                        : select p1_0.id,p1_0.category,p1_0.name,p1_0.sku,p1_0.unit_of_measure from products p1_0 order by p1_0.name
2026-09-26T22:43:24.216+05:30 DEBUG 23996 --- [nio-8080-exec-3] org.hibernate.SQL                        : select sm1_0.product_id,cast(coalesce(sum(sm1_0.quantity_change),0) as integer) from stock_moves sm1_0 where sm1_0.status='CONFIRMED' group by sm1_0.product_id
2026-09-26T22:43:24.216+05:30 DEBUG 23996 --- [nio-8080-exec-7] org.hibernate.SQL                        : select sm1_0.product_id,cast(coalesce(sum(sm1_0.quantity_change),0) as integer) from stock_moves sm1_0 where sm1_0.status='CONFIRMED' group by sm1_0.product_id
2026-09-26T22:43:24.221+05:30 DEBUG 23996 --- [nio-8080-exec-3] org.hibernate.SQL                        : select sm1_0.product_id,sm1_0.location_id,l1_0.name,cast(coalesce(sum(sm1_0.quantity_change),0) as integer) from stock_moves sm1_0 join locations l1_0 on l1_0.id=sm1_0.location_id where sm1_0.status='CONFIRMED' group by sm1_0.product_id,sm1_0.location_id,l1_0.name
2026-09-26T22:43:24.223+05:30 DEBUG 23996 --- [nio-8080-exec-7] org.hibernate.SQL                        : select sm1_0.product_id,sm1_0.location_id,l1_0.name,cast(coalesce(sum(sm1_0.quantity_change),0) as integer) from stock_moves sm1_0 join locations l1_0 on l1_0.id=sm1_0.location_id where sm1_0.status='CONFIRMED' group by sm1_0.product_id,sm1_0.location_id,l1_0.name
2026-09-26T22:43:24.224+05:30 DEBUG 23996 --- [nio-8080-exec-3] o.s.w.s.m.m.a.HttpEntityMethodProcessor  : Using 'application/json', given [*/*] and supported [application/json, application/*+json]
2026-09-26T22:43:24.224+05:30 DEBUG 23996 --- [nio-8080-exec-3] o.s.w.s.m.m.a.HttpEntityMethodProcessor  : Writing [[com.stocksense.dto.ProductResponseDto@4a5ebc2b, com.stocksense.dto.ProductResponseDto@8e54ff9, com. (truncated)...]
2026-09-26T22:43:24.224+05:30 DEBUG 23996 --- [nio-8080-exec-7] org.hibernate.SQL                        : select count(sm1_0.id) from stock_moves sm1_0 where sm1_0.status=? and sm1_0.move_type=?
2026-09-26T22:43:24.232+05:30 DEBUG 23996 --- [nio-8080-exec-3] o.s.web.servlet.DispatcherServlet        : Completed 200 OK
2026-09-26T22:43:24.232+05:30 DEBUG 23996 --- [nio-8080-exec-7] org.hibernate.SQL                        : select count(sm1_0.id) from stock_moves sm1_0 where sm1_0.status=? and sm1_0.move_type=?
2026-09-26T22:43:24.240+05:30 DEBUG 23996 --- [nio-8080-exec-7] o.s.w.s.m.m.a.HttpEntityMethodProcessor  : Using 'application/json', given [*/*] and supported [application/json, application/*+json]
2026-09-26T22:43:24.242+05:30 DEBUG 23996 --- [nio-8080-exec-7] o.s.w.s.m.m.a.HttpEntityMethodProcessor  : Writing [com.stocksense.dto.DashboardResponseDto@7be24465]
2026-09-26T22:43:24.244+05:30 DEBUG 23996 --- [nio-8080-exec-7] o.s.web.servlet.DispatcherServlet        : Completed 200 OK
2026-09-26T22:43:52.220+05:30 DEBUG 23996 --- [nio-8080-exec-9] o.s.web.servlet.DispatcherServlet        : GET "/products.html", parameters={}
2026-09-26T22:43:52.224+05:30 DEBUG 23996 --- [nio-8080-exec-9] o.s.w.s.handler.SimpleUrlHandlerMapping  : Mapped to ResourceHttpRequestHandler [URL [file:frontend/], classpath [static/]]
2026-09-26T22:43:52.232+05:30 DEBUG 23996 --- [nio-8080-exec-9] o.s.web.servlet.DispatcherServlet        : Completed 200 OK
2026-09-26T22:43:52.277+05:30 DEBUG 23996 --- [nio-8080-exec-1] o.s.web.servlet.DispatcherServlet        : GET "/style.css", parameters={}
2026-09-26T22:43:52.277+05:30 DEBUG 23996 --- [nio-8080-exec-1] o.s.w.s.handler.SimpleUrlHandlerMapping  : Mapped to ResourceHttpRequestHandler [URL [file:frontend/], classpath [static/]]
2026-09-26T22:43:52.292+05:30 DEBUG 23996 --- [nio-8080-exec-1] o.s.web.servlet.DispatcherServlet        : Completed 200 OK
2026-09-26T22:43:52.311+05:30 DEBUG 23996 --- [nio-8080-exec-4] o.s.web.servlet.DispatcherServlet        : GET "/api.js", parameters={}
2026-09-26T22:43:52.311+05:30 DEBUG 23996 --- [nio-8080-exec-6] o.s.web.servlet.DispatcherServlet        : GET "/utils.js", parameters={}
2026-09-26T22:43:52.313+05:30 DEBUG 23996 --- [nio-8080-exec-4] o.s.w.s.handler.SimpleUrlHandlerMapping  : Mapped to ResourceHttpRequestHandler [URL [file:frontend/], classpath [static/]]
2026-09-26T22:43:52.315+05:30 DEBUG 23996 --- [nio-8080-exec-6] o.s.w.s.handler.SimpleUrlHandlerMapping  : Mapped to ResourceHttpRequestHandler [URL [file:frontend/], classpath [static/]]
2026-09-26T22:43:52.318+05:30 DEBUG 23996 --- [nio-8080-exec-4] o.s.web.servlet.DispatcherServlet        : Completed 200 OK
2026-09-26T22:43:52.322+05:30 DEBUG 23996 --- [nio-8080-exec-6] o.s.web.servlet.DispatcherServlet        : Completed 200 OK
2026-09-26T22:43:52.373+05:30 DEBUG 23996 --- [nio-8080-exec-8] o.s.web.servlet.DispatcherServlet        : GET "/products", parameters={}
2026-09-26T22:43:52.375+05:30 DEBUG 23996 --- [nio-8080-exec-8] s.w.s.m.m.a.RequestMappingHandlerMapping : Mapped to com.stocksense.controller.ProductController#listProducts()
2026-09-26T22:43:52.382+05:30 DEBUG 23996 --- [nio-8080-exec-8] org.hibernate.SQL                        : select p1_0.id,p1_0.category,p1_0.name,p1_0.sku,p1_0.unit_of_measure from products p1_0 order by p1_0.name
2026-09-26T22:43:52.395+05:30 DEBUG 23996 --- [io-8080-exec-10] o.s.web.servlet.DispatcherServlet        : GET "/favicon.ico", parameters={}
2026-09-26T22:43:52.397+05:30 DEBUG 23996 --- [io-8080-exec-10] o.s.w.s.handler.SimpleUrlHandlerMapping  : Mapped to ResourceHttpRequestHandler [URL [file:frontend/], classpath [static/]]
2026-09-26T22:43:52.398+05:30 DEBUG 23996 --- [nio-8080-exec-8] org.hibernate.SQL                        : select sm1_0.product_id,cast(coalesce(sum(sm1_0.quantity_change),0) as integer) from stock_moves sm1_0 where sm1_0.status='CONFIRMED' group by sm1_0.product_id
2026-09-26T22:43:52.398+05:30 DEBUG 23996 --- [io-8080-exec-10] o.s.w.s.r.ResourceHttpRequestHandler     : Resource not found
2026-09-26T22:43:52.400+05:30 DEBUG 23996 --- [io-8080-exec-10] .m.m.a.ExceptionHandlerExceptionResolver : Using @ExceptionHandler com.stocksense.controller.GlobalExceptionHandler#handleGenericException(Exception)
2026-09-26T22:43:52.400+05:30 DEBUG 23996 --- [nio-8080-exec-8] org.hibernate.SQL                        : select sm1_0.product_id,sm1_0.location_id,l1_0.name,cast(coalesce(sum(sm1_0.quantity_change),0) as integer) from stock_moves sm1_0 join locations l1_0 on l1_0.id=sm1_0.location_id where sm1_0.status='CONFIRMED' group by sm1_0.product_id,sm1_0.location_id,l1_0.name
2026-09-26T22:43:52.400+05:30 DEBUG 23996 --- [io-8080-exec-10] o.s.w.s.m.m.a.HttpEntityMethodProcessor  : Using 'application/json;q=0.8', given [image/avif, image/webp, image/apng, image/svg+xml, image/*, */*;q=0.8] and supported [application/json, application/*+json]
2026-09-26T22:43:52.402+05:30 DEBUG 23996 --- [io-8080-exec-10] o.s.w.s.m.m.a.HttpEntityMethodProcessor  : Writing [com.stocksense.dto.ErrorResponseDto@3010fd4a]
2026-09-26T22:43:52.403+05:30 DEBUG 23996 --- [io-8080-exec-10] .m.m.a.ExceptionHandlerExceptionResolver : Resolved [org.springframework.web.servlet.resource.NoResourceFoundException: No static resource favicon.ico.]
2026-09-26T22:43:52.403+05:30 DEBUG 23996 --- [io-8080-exec-10] o.s.web.servlet.DispatcherServlet        : Completed 500 INTERNAL_SERVER_ERROR
2026-09-26T22:43:52.406+05:30 DEBUG 23996 --- [nio-8080-exec-8] o.s.w.s.m.m.a.HttpEntityMethodProcessor  : Using 'application/json', given [*/*] and supported [application/json, application/*+json]
2026-09-26T22:43:52.413+05:30 DEBUG 23996 --- [nio-8080-exec-8] o.s.w.s.m.m.a.HttpEntityMethodProcessor  : Writing [[com.stocksense.dto.ProductResponseDto@1201edd5, com.stocksense.dto.ProductResponseDto@7b608af4, com (truncated)...]
2026-09-26T22:43:52.414+05:30 DEBUG 23996 --- [nio-8080-exec-8] o.s.web.servlet.DispatcherServlet        : Completed 200 OK
2026-09-26T22:44:09.709+05:30 DEBUG 23996 --- [nio-8080-exec-5] o.s.web.servlet.DispatcherServlet        : GET "/receipt.html", parameters={}
2026-09-26T22:44:09.713+05:30 DEBUG 23996 --- [nio-8080-exec-5] o.s.w.s.handler.SimpleUrlHandlerMapping  : Mapped to ResourceHttpRequestHandler [URL [file:frontend/], classpath [static/]]
2026-09-26T22:44:09.718+05:30 DEBUG 23996 --- [nio-8080-exec-5] o.s.web.servlet.DispatcherServlet        : Completed 200 OK
2026-09-26T22:44:09.741+05:30 DEBUG 23996 --- [nio-8080-exec-2] o.s.web.servlet.DispatcherServlet        : GET "/style.css", parameters={}
2026-09-26T22:44:09.743+05:30 DEBUG 23996 --- [nio-8080-exec-2] o.s.w.s.handler.SimpleUrlHandlerMapping  : Mapped to ResourceHttpRequestHandler [URL [file:frontend/], classpath [static/]]
2026-09-26T22:44:09.752+05:30 DEBUG 23996 --- [nio-8080-exec-2] o.s.web.servlet.DispatcherServlet        : Completed 200 OK
2026-09-26T22:44:09.756+05:30 DEBUG 23996 --- [nio-8080-exec-3] o.s.web.servlet.DispatcherServlet        : GET "/api.js", parameters={}
2026-09-26T22:44:09.756+05:30 DEBUG 23996 --- [nio-8080-exec-7] o.s.web.servlet.DispatcherServlet        : GET "/utils.js", parameters={}
2026-09-26T22:44:09.761+05:30 DEBUG 23996 --- [nio-8080-exec-3] o.s.w.s.handler.SimpleUrlHandlerMapping  : Mapped to ResourceHttpRequestHandler [URL [file:frontend/], classpath [static/]]
2026-09-26T22:44:09.762+05:30 DEBUG 23996 --- [nio-8080-exec-7] o.s.w.s.handler.SimpleUrlHandlerMapping  : Mapped to ResourceHttpRequestHandler [URL [file:frontend/], classpath [static/]]
2026-09-26T22:44:09.766+05:30 DEBUG 23996 --- [nio-8080-exec-3] o.s.web.servlet.DispatcherServlet        : Completed 200 OK
2026-09-26T22:44:09.766+05:30 DEBUG 23996 --- [nio-8080-exec-7] o.s.web.servlet.DispatcherServlet        : Completed 200 OK
2026-09-26T22:44:09.787+05:30 DEBUG 23996 --- [nio-8080-exec-9] o.s.web.servlet.DispatcherServlet        : GET "/products", parameters={}
2026-09-26T22:44:09.787+05:30 DEBUG 23996 --- [nio-8080-exec-1] o.s.web.servlet.DispatcherServlet        : GET "/locations", parameters={}
2026-09-26T22:44:09.789+05:30 DEBUG 23996 --- [nio-8080-exec-9] s.w.s.m.m.a.RequestMappingHandlerMapping : Mapped to com.stocksense.controller.ProductController#listProducts()
2026-09-26T22:44:09.789+05:30 DEBUG 23996 --- [nio-8080-exec-1] s.w.s.m.m.a.RequestMappingHandlerMapping : Mapped to com.stocksense.controller.LocationController#getAllLocations()
2026-09-26T22:44:09.793+05:30 DEBUG 23996 --- [nio-8080-exec-4] o.s.web.servlet.DispatcherServlet        : GET "/moves/recent?limit=5&type=receipt", parameters={masked}
2026-09-26T22:44:09.795+05:30 DEBUG 23996 --- [nio-8080-exec-4] s.w.s.m.m.a.RequestMappingHandlerMapping : Mapped to com.stocksense.controller.StockMoveController#getRecentMoves(String, int)
2026-09-26T22:44:09.795+05:30 DEBUG 23996 --- [nio-8080-exec-9] org.hibernate.SQL                        : select p1_0.id,p1_0.category,p1_0.name,p1_0.sku,p1_0.unit_of_measure from products p1_0 order by p1_0.name
2026-09-26T22:44:09.801+05:30 DEBUG 23996 --- [nio-8080-exec-1] org.hibernate.SQL                        : select l1_0.id,l1_0.name from locations l1_0 order by l1_0.name
2026-09-26T22:44:09.802+05:30 DEBUG 23996 --- [nio-8080-exec-9] org.hibernate.SQL                        : select sm1_0.product_id,cast(coalesce(sum(sm1_0.quantity_change),0) as integer) from stock_moves sm1_0 where sm1_0.status='CONFIRMED' group by sm1_0.product_id
2026-09-26T22:44:09.806+05:30 DEBUG 23996 --- [nio-8080-exec-9] org.hibernate.SQL                        : select sm1_0.product_id,sm1_0.location_id,l1_0.name,cast(coalesce(sum(sm1_0.quantity_change),0) as integer) from stock_moves sm1_0 join locations l1_0 on l1_0.id=sm1_0.location_id where sm1_0.status='CONFIRMED' group by sm1_0.product_id,sm1_0.location_id,l1_0.name
2026-09-26T22:44:09.808+05:30 DEBUG 23996 --- [nio-8080-exec-1] o.s.w.s.m.m.a.HttpEntityMethodProcessor  : Using 'application/json', given [*/*] and supported [application/json, application/*+json]
2026-09-26T22:44:09.810+05:30 DEBUG 23996 --- [nio-8080-exec-1] o.s.w.s.m.m.a.HttpEntityMethodProcessor  : Writing [[com.stocksense.model.Location@20, com.stocksense.model.Location@40]]
2026-09-26T22:44:09.812+05:30 DEBUG 23996 --- [nio-8080-exec-9] o.s.w.s.m.m.a.HttpEntityMethodProcessor  : Using 'application/json', given [*/*] and supported [application/json, application/*+json]
2026-09-26T22:44:09.812+05:30 DEBUG 23996 --- [nio-8080-exec-1] o.s.web.servlet.DispatcherServlet        : Completed 200 OK
2026-09-26T22:44:09.812+05:30 DEBUG 23996 --- [nio-8080-exec-9] o.s.w.s.m.m.a.HttpEntityMethodProcessor  : Writing [[com.stocksense.dto.ProductResponseDto@64bbbcc2, com.stocksense.dto.ProductResponseDto@78dc165f, com (truncated)...]
2026-09-26T22:44:09.812+05:30 DEBUG 23996 --- [nio-8080-exec-4] org.hibernate.SQL                        : select sm1_0.id,sm1_0.location_id,l1_0.id,l1_0.name,sm1_0.move_type,sm1_0.note,sm1_0.product_id,p1_0.id,p1_0.category,p1_0.name,p1_0.sku,p1_0.unit_of_measure,sm1_0.quantity_change,sm1_0.status,sm1_0.supplier_name,sm1_0.timestamp from stock_moves sm1_0 join products p1_0 on p1_0.id=sm1_0.product_id join locations l1_0 on l1_0.id=sm1_0.location_id where sm1_0.move_type=? order by sm1_0.timestamp desc fetch first ? rows only
2026-09-26T22:44:09.817+05:30 DEBUG 23996 --- [nio-8080-exec-9] o.s.web.servlet.DispatcherServlet        : Completed 200 OK
2026-09-26T22:44:09.829+05:30 DEBUG 23996 --- [nio-8080-exec-4] o.s.w.s.m.m.a.HttpEntityMethodProcessor  : Using 'application/json', given [*/*] and supported [application/json, application/*+json]
2026-09-26T22:44:09.831+05:30 DEBUG 23996 --- [nio-8080-exec-4] o.s.w.s.m.m.a.HttpEntityMethodProcessor  : Writing [[com.stocksense.dto.StockMoveResponseDto@745b5368, com.stocksense.dto.StockMoveResponseDto@4851f7fa, (truncated)...]
2026-09-26T22:44:09.836+05:30 DEBUG 23996 --- [nio-8080-exec-4] o.s.web.servlet.DispatcherServlet        : Completed 200 OK
2026-09-26T22:44:09.925+05:30 DEBUG 23996 --- [nio-8080-exec-6] o.s.web.servlet.DispatcherServlet        : GET "/favicon.ico", parameters={}
2026-09-26T22:44:09.927+05:30 DEBUG 23996 --- [nio-8080-exec-6] o.s.w.s.handler.SimpleUrlHandlerMapping  : Mapped to ResourceHttpRequestHandler [URL [file:frontend/], classpath [static/]]
2026-09-26T22:44:09.930+05:30 DEBUG 23996 --- [nio-8080-exec-6] o.s.w.s.r.ResourceHttpRequestHandler     : Resource not found
2026-09-26T22:44:09.932+05:30 DEBUG 23996 --- [nio-8080-exec-6] .m.m.a.ExceptionHandlerExceptionResolver : Using @ExceptionHandler com.stocksense.controller.GlobalExceptionHandler#handleGenericException(Exception)
2026-09-26T22:44:09.935+05:30 DEBUG 23996 --- [nio-8080-exec-6] o.s.w.s.m.m.a.HttpEntityMethodProcessor  : Using 'application/json;q=0.8', given [image/avif, image/webp, image/apng, image/svg+xml, image/*, */*;q=0.8] and supported [application/json, application/*+json]
2026-09-26T22:44:09.938+05:30 DEBUG 23996 --- [nio-8080-exec-6] o.s.w.s.m.m.a.HttpEntityMethodProcessor  : Writing [com.stocksense.dto.ErrorResponseDto@3e455b30]
2026-09-26T22:44:09.938+05:30 DEBUG 23996 --- [nio-8080-exec-6] .m.m.a.ExceptionHandlerExceptionResolver : Resolved [org.springframework.web.servlet.resource.NoResourceFoundException: No static resource favicon.ico.]
2026-09-26T22:44:09.938+05:30 DEBUG 23996 --- [nio-8080-exec-6] o.s.web.servlet.DispatcherServlet        : Completed 500 INTERNAL_SERVER_ERROR
2026-09-26T22:44:22.501+05:30 DEBUG 23996 --- [io-8080-exec-10] o.s.web.servlet.DispatcherServlet        : GET "/delivery.html", parameters={}
2026-09-26T22:44:22.503+05:30 DEBUG 23996 --- [io-8080-exec-10] o.s.w.s.handler.SimpleUrlHandlerMapping  : Mapped to ResourceHttpRequestHandler [URL [file:frontend/], classpath [static/]]
2026-09-26T22:44:22.506+05:30 DEBUG 23996 --- [io-8080-exec-10] o.s.web.servlet.DispatcherServlet        : Completed 200 OK
2026-09-26T22:44:22.528+05:30 DEBUG 23996 --- [nio-8080-exec-8] o.s.web.servlet.DispatcherServlet        : GET "/style.css", parameters={}
2026-09-26T22:44:22.531+05:30 DEBUG 23996 --- [nio-8080-exec-8] o.s.w.s.handler.SimpleUrlHandlerMapping  : Mapped to ResourceHttpRequestHandler [URL [file:frontend/], classpath [static/]]
2026-09-26T22:44:22.538+05:30 DEBUG 23996 --- [nio-8080-exec-8] o.s.web.servlet.DispatcherServlet        : Completed 200 OK
2026-09-26T22:44:22.542+05:30 DEBUG 23996 --- [nio-8080-exec-8] o.s.web.servlet.DispatcherServlet        : GET "/api.js", parameters={}
2026-09-26T22:44:22.542+05:30 DEBUG 23996 --- [nio-8080-exec-5] o.s.web.servlet.DispatcherServlet        : GET "/utils.js", parameters={}
2026-09-26T22:44:22.544+05:30 DEBUG 23996 --- [nio-8080-exec-8] o.s.w.s.handler.SimpleUrlHandlerMapping  : Mapped to ResourceHttpRequestHandler [URL [file:frontend/], classpath [static/]]
2026-09-26T22:44:22.546+05:30 DEBUG 23996 --- [nio-8080-exec-5] o.s.w.s.handler.SimpleUrlHandlerMapping  : Mapped to ResourceHttpRequestHandler [URL [file:frontend/], classpath [static/]]
2026-09-26T22:44:22.555+05:30 DEBUG 23996 --- [nio-8080-exec-8] o.s.web.servlet.DispatcherServlet        : Completed 200 OK
2026-09-26T22:44:22.567+05:30 DEBUG 23996 --- [nio-8080-exec-5] o.s.web.servlet.DispatcherServlet        : Completed 200 OK
2026-09-26T22:44:22.607+05:30 DEBUG 23996 --- [nio-8080-exec-3] o.s.web.servlet.DispatcherServlet        : GET "/products", parameters={}
2026-09-26T22:44:22.607+05:30 DEBUG 23996 --- [nio-8080-exec-7] o.s.web.servlet.DispatcherServlet        : GET "/locations", parameters={}
2026-09-26T22:44:22.607+05:30 DEBUG 23996 --- [nio-8080-exec-1] o.s.web.servlet.DispatcherServlet        : GET "/moves/recent?limit=5&type=delivery", parameters={masked}
2026-09-26T22:44:22.607+05:30 DEBUG 23996 --- [nio-8080-exec-3] s.w.s.m.m.a.RequestMappingHandlerMapping : Mapped to com.stocksense.controller.ProductController#listProducts()
2026-09-26T22:44:22.609+05:30 DEBUG 23996 --- [nio-8080-exec-7] s.w.s.m.m.a.RequestMappingHandlerMapping : Mapped to com.stocksense.controller.LocationController#getAllLocations()
2026-09-26T22:44:22.612+05:30 DEBUG 23996 --- [nio-8080-exec-3] org.hibernate.SQL                        : select p1_0.id,p1_0.category,p1_0.name,p1_0.sku,p1_0.unit_of_measure from products p1_0 order by p1_0.name
2026-09-26T22:44:22.620+05:30 DEBUG 23996 --- [nio-8080-exec-3] org.hibernate.SQL                        : select sm1_0.product_id,cast(coalesce(sum(sm1_0.quantity_change),0) as integer) from stock_moves sm1_0 where sm1_0.status='CONFIRMED' group by sm1_0.product_id
2026-09-26T22:44:22.609+05:30 DEBUG 23996 --- [nio-8080-exec-1] s.w.s.m.m.a.RequestMappingHandlerMapping : Mapped to com.stocksense.controller.StockMoveController#getRecentMoves(String, int)
2026-09-26T22:44:22.615+05:30 DEBUG 23996 --- [nio-8080-exec-7] org.hibernate.SQL                        : select l1_0.id,l1_0.name from locations l1_0 order by l1_0.name
2026-09-26T22:44:22.622+05:30 DEBUG 23996 --- [nio-8080-exec-3] org.hibernate.SQL                        : select sm1_0.product_id,sm1_0.location_id,l1_0.name,cast(coalesce(sum(sm1_0.quantity_change),0) as integer) from stock_moves sm1_0 join locations l1_0 on l1_0.id=sm1_0.location_id where sm1_0.status='CONFIRMED' group by sm1_0.product_id,sm1_0.location_id,l1_0.name
2026-09-26T22:44:22.622+05:30 DEBUG 23996 --- [nio-8080-exec-7] o.s.w.s.m.m.a.HttpEntityMethodProcessor  : Using 'application/json', given [*/*] and supported [application/json, application/*+json]
2026-09-26T22:44:22.624+05:30 DEBUG 23996 --- [nio-8080-exec-7] o.s.w.s.m.m.a.HttpEntityMethodProcessor  : Writing [[com.stocksense.model.Location@20, com.stocksense.model.Location@40]]
2026-09-26T22:44:22.625+05:30 DEBUG 23996 --- [nio-8080-exec-7] o.s.web.servlet.DispatcherServlet        : Completed 200 OK
2026-09-26T22:44:22.632+05:30 DEBUG 23996 --- [nio-8080-exec-3] o.s.w.s.m.m.a.HttpEntityMethodProcessor  : Using 'application/json', given [*/*] and supported [application/json, application/*+json]
2026-09-26T22:44:22.634+05:30 DEBUG 23996 --- [nio-8080-exec-3] o.s.w.s.m.m.a.HttpEntityMethodProcessor  : Writing [[com.stocksense.dto.ProductResponseDto@750c9ecc, com.stocksense.dto.ProductResponseDto@2da0426e, com (truncated)...]
2026-09-26T22:44:22.636+05:30 DEBUG 23996 --- [nio-8080-exec-3] o.s.web.servlet.DispatcherServlet        : Completed 200 OK
2026-09-26T22:44:22.638+05:30 DEBUG 23996 --- [nio-8080-exec-9] o.s.web.servlet.DispatcherServlet        : GET "/favicon.ico", parameters={}
2026-09-26T22:44:22.640+05:30 DEBUG 23996 --- [nio-8080-exec-9] o.s.w.s.handler.SimpleUrlHandlerMapping  : Mapped to ResourceHttpRequestHandler [URL [file:frontend/], classpath [static/]]
2026-09-26T22:44:22.640+05:30 DEBUG 23996 --- [nio-8080-exec-1] org.hibernate.SQL                        : select sm1_0.id,sm1_0.location_id,l1_0.id,l1_0.name,sm1_0.move_type,sm1_0.note,sm1_0.product_id,p1_0.id,p1_0.category,p1_0.name,p1_0.sku,p1_0.unit_of_measure,sm1_0.quantity_change,sm1_0.status,sm1_0.supplier_name,sm1_0.timestamp from stock_moves sm1_0 join products p1_0 on p1_0.id=sm1_0.product_id join locations l1_0 on l1_0.id=sm1_0.location_id where sm1_0.move_type=? order by sm1_0.timestamp desc fetch first ? rows only
2026-09-26T22:44:22.641+05:30 DEBUG 23996 --- [nio-8080-exec-9] o.s.w.s.r.ResourceHttpRequestHandler     : Resource not found
2026-09-26T22:44:22.644+05:30 DEBUG 23996 --- [nio-8080-exec-9] .m.m.a.ExceptionHandlerExceptionResolver : Using @ExceptionHandler com.stocksense.controller.GlobalExceptionHandler#handleGenericException(Exception)
2026-09-26T22:44:22.647+05:30 DEBUG 23996 --- [nio-8080-exec-9] o.s.w.s.m.m.a.HttpEntityMethodProcessor  : Using 'application/json;q=0.8', given [image/avif, image/webp, image/apng, image/svg+xml, image/*, */*;q=0.8] and supported [application/json, application/*+json]
2026-09-26T22:44:22.647+05:30 DEBUG 23996 --- [nio-8080-exec-9] o.s.w.s.m.m.a.HttpEntityMethodProcessor  : Writing [com.stocksense.dto.ErrorResponseDto@6e74d1dc]
2026-09-26T22:44:22.650+05:30 DEBUG 23996 --- [nio-8080-exec-9] .m.m.a.ExceptionHandlerExceptionResolver : Resolved [org.springframework.web.servlet.resource.NoResourceFoundException: No static resource favicon.ico.]
2026-09-26T22:44:22.650+05:30 DEBUG 23996 --- [nio-8080-exec-9] o.s.web.servlet.DispatcherServlet        : Completed 500 INTERNAL_SERVER_ERROR
2026-09-26T22:44:22.654+05:30 DEBUG 23996 --- [nio-8080-exec-1] o.s.w.s.m.m.a.HttpEntityMethodProcessor  : Using 'application/json', given [*/*] and supported [application/json, application/*+json]
2026-09-26T22:44:22.656+05:30 DEBUG 23996 --- [nio-8080-exec-1] o.s.w.s.m.m.a.HttpEntityMethodProcessor  : Writing [[com.stocksense.dto.StockMoveResponseDto@6d08a7db, com.stocksense.dto.StockMoveResponseDto@57004f84, (truncated)...]
2026-09-26T22:44:22.657+05:30 DEBUG 23996 --- [nio-8080-exec-1] o.s.web.servlet.DispatcherServlet        : Completed 200 OK
2026-09-26T22:44:31.396+05:30 DEBUG 23996 --- [nio-8080-exec-4] o.s.web.servlet.DispatcherServlet        : GET "/transfer.html", parameters={}
2026-09-26T22:44:31.398+05:30 DEBUG 23996 --- [nio-8080-exec-4] o.s.w.s.handler.SimpleUrlHandlerMapping  : Mapped to ResourceHttpRequestHandler [URL [file:frontend/], classpath [static/]]
2026-09-26T22:44:31.404+05:30 DEBUG 23996 --- [nio-8080-exec-4] o.s.web.servlet.DispatcherServlet        : Completed 200 OK
2026-09-26T22:44:31.425+05:30 DEBUG 23996 --- [nio-8080-exec-6] o.s.web.servlet.DispatcherServlet        : GET "/style.css", parameters={}
2026-09-26T22:44:31.427+05:30 DEBUG 23996 --- [nio-8080-exec-6] o.s.w.s.handler.SimpleUrlHandlerMapping  : Mapped to ResourceHttpRequestHandler [URL [file:frontend/], classpath [static/]]
2026-09-26T22:44:31.434+05:30 DEBUG 23996 --- [nio-8080-exec-6] o.s.web.servlet.DispatcherServlet        : Completed 200 OK
2026-09-26T22:44:31.439+05:30 DEBUG 23996 --- [io-8080-exec-10] o.s.web.servlet.DispatcherServlet        : GET "/api.js", parameters={}
2026-09-26T22:44:31.439+05:30 DEBUG 23996 --- [nio-8080-exec-2] o.s.web.servlet.DispatcherServlet        : GET "/utils.js", parameters={}
2026-09-26T22:44:31.441+05:30 DEBUG 23996 --- [io-8080-exec-10] o.s.w.s.handler.SimpleUrlHandlerMapping  : Mapped to ResourceHttpRequestHandler [URL [file:frontend/], classpath [static/]]
2026-09-26T22:44:31.441+05:30 DEBUG 23996 --- [nio-8080-exec-2] o.s.w.s.handler.SimpleUrlHandlerMapping  : Mapped to ResourceHttpRequestHandler [URL [file:frontend/], classpath [static/]]
2026-09-26T22:44:31.448+05:30 DEBUG 23996 --- [nio-8080-exec-2] o.s.web.servlet.DispatcherServlet        : Completed 200 OK
2026-09-26T22:44:31.446+05:30 DEBUG 23996 --- [io-8080-exec-10] o.s.web.servlet.DispatcherServlet        : Completed 200 OK
2026-09-26T22:44:31.463+05:30 DEBUG 23996 --- [nio-8080-exec-8] o.s.web.servlet.DispatcherServlet        : GET "/products", parameters={}
2026-09-26T22:44:31.463+05:30 DEBUG 23996 --- [nio-8080-exec-5] o.s.web.servlet.DispatcherServlet        : GET "/locations", parameters={}
2026-09-26T22:44:31.463+05:30 DEBUG 23996 --- [nio-8080-exec-8] s.w.s.m.m.a.RequestMappingHandlerMapping : Mapped to com.stocksense.controller.ProductController#listProducts()
2026-09-26T22:44:31.465+05:30 DEBUG 23996 --- [nio-8080-exec-5] s.w.s.m.m.a.RequestMappingHandlerMapping : Mapped to com.stocksense.controller.LocationController#getAllLocations()
2026-09-26T22:44:31.467+05:30 DEBUG 23996 --- [nio-8080-exec-5] org.hibernate.SQL                        : select l1_0.id,l1_0.name from locations l1_0 order by l1_0.name
2026-09-26T22:44:31.469+05:30 DEBUG 23996 --- [nio-8080-exec-8] org.hibernate.SQL                        : select p1_0.id,p1_0.category,p1_0.name,p1_0.sku,p1_0.unit_of_measure from products p1_0 order by p1_0.name
2026-09-26T22:44:31.471+05:30 DEBUG 23996 --- [nio-8080-exec-5] o.s.w.s.m.m.a.HttpEntityMethodProcessor  : Using 'application/json', given [*/*] and supported [application/json, application/*+json]
2026-09-26T22:44:31.471+05:30 DEBUG 23996 --- [nio-8080-exec-8] org.hibernate.SQL                        : select sm1_0.product_id,cast(coalesce(sum(sm1_0.quantity_change),0) as integer) from stock_moves sm1_0 where sm1_0.status='CONFIRMED' group by sm1_0.product_id
2026-09-26T22:44:31.471+05:30 DEBUG 23996 --- [nio-8080-exec-5] o.s.w.s.m.m.a.HttpEntityMethodProcessor  : Writing [[com.stocksense.model.Location@20, com.stocksense.model.Location@40]]
2026-09-26T22:44:31.473+05:30 DEBUG 23996 --- [nio-8080-exec-5] o.s.web.servlet.DispatcherServlet        : Completed 200 OK
2026-09-26T22:44:31.473+05:30 DEBUG 23996 --- [nio-8080-exec-8] org.hibernate.SQL                        : select sm1_0.product_id,sm1_0.location_id,l1_0.name,cast(coalesce(sum(sm1_0.quantity_change),0) as integer) from stock_moves sm1_0 join locations l1_0 on l1_0.id=sm1_0.location_id where sm1_0.status='CONFIRMED' group by sm1_0.product_id,sm1_0.location_id,l1_0.name
2026-09-26T22:44:31.478+05:30 DEBUG 23996 --- [nio-8080-exec-8] o.s.w.s.m.m.a.HttpEntityMethodProcessor  : Using 'application/json', given [*/*] and supported [application/json, application/*+json]
2026-09-26T22:44:31.478+05:30 DEBUG 23996 --- [nio-8080-exec-8] o.s.w.s.m.m.a.HttpEntityMethodProcessor  : Writing [[com.stocksense.dto.ProductResponseDto@3a5a0e25, com.stocksense.dto.ProductResponseDto@404406bf, com (truncated)...]
2026-09-26T22:44:31.480+05:30 DEBUG 23996 --- [nio-8080-exec-8] o.s.web.servlet.DispatcherServlet        : Completed 200 OK
2026-09-26T22:44:31.496+05:30 DEBUG 23996 --- [nio-8080-exec-7] o.s.web.servlet.DispatcherServlet        : GET "/favicon.ico", parameters={}
2026-09-26T22:44:31.499+05:30 DEBUG 23996 --- [nio-8080-exec-7] o.s.w.s.handler.SimpleUrlHandlerMapping  : Mapped to ResourceHttpRequestHandler [URL [file:frontend/], classpath [static/]]
2026-09-26T22:44:31.501+05:30 DEBUG 23996 --- [nio-8080-exec-7] o.s.w.s.r.ResourceHttpRequestHandler     : Resource not found
2026-09-26T22:44:31.501+05:30 DEBUG 23996 --- [nio-8080-exec-7] .m.m.a.ExceptionHandlerExceptionResolver : Using @ExceptionHandler com.stocksense.controller.GlobalExceptionHandler#handleGenericException(Exception)
2026-09-26T22:44:31.503+05:30 DEBUG 23996 --- [nio-8080-exec-7] o.s.w.s.m.m.a.HttpEntityMethodProcessor  : Using 'application/json;q=0.8', given [image/avif, image/webp, image/apng, image/svg+xml, image/*, */*;q=0.8] and supported [application/json, application/*+json]
2026-09-26T22:44:31.504+05:30 DEBUG 23996 --- [nio-8080-exec-7] o.s.w.s.m.m.a.HttpEntityMethodProcessor  : Writing [com.stocksense.dto.ErrorResponseDto@11f0f854]
2026-09-26T22:44:31.506+05:30 DEBUG 23996 --- [nio-8080-exec-7] .m.m.a.ExceptionHandlerExceptionResolver : Resolved [org.springframework.web.servlet.resource.NoResourceFoundException: No static resource favicon.ico.]
2026-09-26T22:44:31.507+05:30 DEBUG 23996 --- [nio-8080-exec-7] o.s.web.servlet.DispatcherServlet        : Completed 500 INTERNAL_SERVER_ERROR
2026-09-26T22:44:40.482+05:30 DEBUG 23996 --- [nio-8080-exec-3] o.s.web.servlet.DispatcherServlet        : GET "/adjustment.html", parameters={}
2026-09-26T22:44:40.485+05:30 DEBUG 23996 --- [nio-8080-exec-3] o.s.w.s.handler.SimpleUrlHandlerMapping  : Mapped to ResourceHttpRequestHandler [URL [file:frontend/], classpath [static/]]
2026-09-26T22:44:40.490+05:30 DEBUG 23996 --- [nio-8080-exec-3] o.s.web.servlet.DispatcherServlet        : Completed 200 OK
2026-09-26T22:44:40.513+05:30 DEBUG 23996 --- [nio-8080-exec-9] o.s.web.servlet.DispatcherServlet        : GET "/style.css", parameters={}
2026-09-26T22:44:40.515+05:30 DEBUG 23996 --- [nio-8080-exec-9] o.s.w.s.handler.SimpleUrlHandlerMapping  : Mapped to ResourceHttpRequestHandler [URL [file:frontend/], classpath [static/]]
2026-09-26T22:44:40.523+05:30 DEBUG 23996 --- [nio-8080-exec-9] o.s.web.servlet.DispatcherServlet        : Completed 200 OK
2026-09-26T22:44:40.529+05:30 DEBUG 23996 --- [nio-8080-exec-1] o.s.web.servlet.DispatcherServlet        : GET "/api.js", parameters={}
2026-09-26T22:44:40.529+05:30 DEBUG 23996 --- [nio-8080-exec-4] o.s.web.servlet.DispatcherServlet        : GET "/utils.js", parameters={}
2026-09-26T22:44:40.531+05:30 DEBUG 23996 --- [nio-8080-exec-1] o.s.w.s.handler.SimpleUrlHandlerMapping  : Mapped to ResourceHttpRequestHandler [URL [file:frontend/], classpath [static/]]
2026-09-26T22:44:40.531+05:30 DEBUG 23996 --- [nio-8080-exec-4] o.s.w.s.handler.SimpleUrlHandlerMapping  : Mapped to ResourceHttpRequestHandler [URL [file:frontend/], classpath [static/]]
2026-09-26T22:44:40.536+05:30 DEBUG 23996 --- [nio-8080-exec-1] o.s.web.servlet.DispatcherServlet        : Completed 200 OK
2026-09-26T22:44:40.539+05:30 DEBUG 23996 --- [nio-8080-exec-4] o.s.web.servlet.DispatcherServlet        : Completed 200 OK
2026-09-26T22:44:40.555+05:30 DEBUG 23996 --- [nio-8080-exec-2] o.s.web.servlet.DispatcherServlet        : GET "/locations", parameters={}
2026-09-26T22:44:40.555+05:30 DEBUG 23996 --- [nio-8080-exec-6] o.s.web.servlet.DispatcherServlet        : GET "/products", parameters={}
2026-09-26T22:44:40.555+05:30 DEBUG 23996 --- [nio-8080-exec-2] s.w.s.m.m.a.RequestMappingHandlerMapping : Mapped to com.stocksense.controller.LocationController#getAllLocations()
2026-09-26T22:44:40.557+05:30 DEBUG 23996 --- [nio-8080-exec-6] s.w.s.m.m.a.RequestMappingHandlerMapping : Mapped to com.stocksense.controller.ProductController#listProducts()
2026-09-26T22:44:40.561+05:30 DEBUG 23996 --- [nio-8080-exec-2] org.hibernate.SQL                        : select l1_0.id,l1_0.name from locations l1_0 order by l1_0.name
2026-09-26T22:44:40.561+05:30 DEBUG 23996 --- [nio-8080-exec-6] org.hibernate.SQL                        : select p1_0.id,p1_0.category,p1_0.name,p1_0.sku,p1_0.unit_of_measure from products p1_0 order by p1_0.name
2026-09-26T22:44:40.565+05:30 DEBUG 23996 --- [nio-8080-exec-2] o.s.w.s.m.m.a.HttpEntityMethodProcessor  : Using 'application/json', given [*/*] and supported [application/json, application/*+json]
2026-09-26T22:44:40.565+05:30 DEBUG 23996 --- [nio-8080-exec-6] org.hibernate.SQL                        : select sm1_0.product_id,cast(coalesce(sum(sm1_0.quantity_change),0) as integer) from stock_moves sm1_0 where sm1_0.status='CONFIRMED' group by sm1_0.product_id
2026-09-26T22:44:40.565+05:30 DEBUG 23996 --- [nio-8080-exec-2] o.s.w.s.m.m.a.HttpEntityMethodProcessor  : Writing [[com.stocksense.model.Location@20, com.stocksense.model.Location@40]]
2026-09-26T22:44:40.570+05:30 DEBUG 23996 --- [nio-8080-exec-2] o.s.web.servlet.DispatcherServlet        : Completed 200 OK
2026-09-26T22:44:40.573+05:30 DEBUG 23996 --- [nio-8080-exec-6] org.hibernate.SQL                        : select sm1_0.product_id,sm1_0.location_id,l1_0.name,cast(coalesce(sum(sm1_0.quantity_change),0) as integer) from stock_moves sm1_0 join locations l1_0 on l1_0.id=sm1_0.location_id where sm1_0.status='CONFIRMED' group by sm1_0.product_id,sm1_0.location_id,l1_0.name
2026-09-26T22:44:40.580+05:30 DEBUG 23996 --- [nio-8080-exec-6] o.s.w.s.m.m.a.HttpEntityMethodProcessor  : Using 'application/json', given [*/*] and supported [application/json, application/*+json]
2026-09-26T22:44:40.582+05:30 DEBUG 23996 --- [nio-8080-exec-6] o.s.w.s.m.m.a.HttpEntityMethodProcessor  : Writing [[com.stocksense.dto.ProductResponseDto@530aa992, com.stocksense.dto.ProductResponseDto@2072bff7, com (truncated)...]
2026-09-26T22:44:40.584+05:30 DEBUG 23996 --- [nio-8080-exec-6] o.s.web.servlet.DispatcherServlet        : Completed 200 OK
2026-09-26T22:44:40.590+05:30 DEBUG 23996 --- [io-8080-exec-10] o.s.web.servlet.DispatcherServlet        : GET "/favicon.ico", parameters={}
2026-09-26T22:44:40.592+05:30 DEBUG 23996 --- [io-8080-exec-10] o.s.w.s.handler.SimpleUrlHandlerMapping  : Mapped to ResourceHttpRequestHandler [URL [file:frontend/], classpath [static/]]
2026-09-26T22:44:40.594+05:30 DEBUG 23996 --- [io-8080-exec-10] o.s.w.s.r.ResourceHttpRequestHandler     : Resource not found
2026-09-26T22:44:40.596+05:30 DEBUG 23996 --- [io-8080-exec-10] .m.m.a.ExceptionHandlerExceptionResolver : Using @ExceptionHandler com.stocksense.controller.GlobalExceptionHandler#handleGenericException(Exception)
2026-09-26T22:44:40.598+05:30 DEBUG 23996 --- [io-8080-exec-10] o.s.w.s.m.m.a.HttpEntityMethodProcessor  : Using 'application/json;q=0.8', given [image/avif, image/webp, image/apng, image/svg+xml, image/*, */*;q=0.8] and supported [application/json, application/*+json]
2026-09-26T22:44:40.598+05:30 DEBUG 23996 --- [io-8080-exec-10] o.s.w.s.m.m.a.HttpEntityMethodProcessor  : Writing [com.stocksense.dto.ErrorResponseDto@2deccb36]
2026-09-26T22:44:40.603+05:30 DEBUG 23996 --- [io-8080-exec-10] .m.m.a.ExceptionHandlerExceptionResolver : Resolved [org.springframework.web.servlet.resource.NoResourceFoundException: No static resource favicon.ico.]
2026-09-26T22:44:40.603+05:30 DEBUG 23996 --- [io-8080-exec-10] o.s.web.servlet.DispatcherServlet        : Completed 500 INTERNAL_SERVER_ERROR
2026-09-26T22:44:50.047+05:30 DEBUG 23996 --- [nio-8080-exec-5] o.s.web.servlet.DispatcherServlet        : GET "/history.html", parameters={}
2026-09-26T22:44:50.051+05:30 DEBUG 23996 --- [nio-8080-exec-5] o.s.w.s.handler.SimpleUrlHandlerMapping  : Mapped to ResourceHttpRequestHandler [URL [file:frontend/], classpath [static/]]
2026-09-26T22:44:50.060+05:30 DEBUG 23996 --- [nio-8080-exec-5] o.s.web.servlet.DispatcherServlet        : Completed 200 OK
2026-09-26T22:44:50.094+05:30 DEBUG 23996 --- [nio-8080-exec-8] o.s.web.servlet.DispatcherServlet        : GET "/style.css", parameters={}
2026-09-26T22:44:50.100+05:30 DEBUG 23996 --- [nio-8080-exec-8] o.s.w.s.handler.SimpleUrlHandlerMapping  : Mapped to ResourceHttpRequestHandler [URL [file:frontend/], classpath [static/]]
2026-09-26T22:44:50.121+05:30 DEBUG 23996 --- [nio-8080-exec-8] o.s.web.servlet.DispatcherServlet        : Completed 200 OK
2026-09-26T22:44:50.186+05:30 DEBUG 23996 --- [nio-8080-exec-7] o.s.web.servlet.DispatcherServlet        : GET "/api.js", parameters={}
2026-09-26T22:44:50.186+05:30 DEBUG 23996 --- [nio-8080-exec-3] o.s.web.servlet.DispatcherServlet        : GET "/utils.js", parameters={}
2026-09-26T22:44:50.187+05:30 DEBUG 23996 --- [nio-8080-exec-7] o.s.w.s.handler.SimpleUrlHandlerMapping  : Mapped to ResourceHttpRequestHandler [URL [file:frontend/], classpath [static/]]
2026-09-26T22:44:50.187+05:30 DEBUG 23996 --- [nio-8080-exec-3] o.s.w.s.handler.SimpleUrlHandlerMapping  : Mapped to ResourceHttpRequestHandler [URL [file:frontend/], classpath [static/]]
2026-09-26T22:44:50.189+05:30 DEBUG 23996 --- [nio-8080-exec-7] o.s.web.servlet.DispatcherServlet        : Completed 200 OK
2026-09-26T22:44:50.189+05:30 DEBUG 23996 --- [nio-8080-exec-3] o.s.web.servlet.DispatcherServlet        : Completed 200 OK
2026-09-26T22:44:50.216+05:30 DEBUG 23996 --- [nio-8080-exec-9] o.s.web.servlet.DispatcherServlet        : GET "/moves/all", parameters={}
2026-09-26T22:44:50.216+05:30 DEBUG 23996 --- [nio-8080-exec-9] s.w.s.m.m.a.RequestMappingHandlerMapping : Mapped to com.stocksense.controller.StockMoveController#getAllMoves()
2026-09-26T22:44:50.224+05:30 DEBUG 23996 --- [nio-8080-exec-9] org.hibernate.SQL                        : select sm1_0.id,sm1_0.location_id,l1_0.id,l1_0.name,sm1_0.move_type,sm1_0.note,sm1_0.product_id,p1_0.id,p1_0.category,p1_0.name,p1_0.sku,p1_0.unit_of_measure,sm1_0.quantity_change,sm1_0.status,sm1_0.supplier_name,sm1_0.timestamp from stock_moves sm1_0 join products p1_0 on p1_0.id=sm1_0.product_id join locations l1_0 on l1_0.id=sm1_0.location_id order by sm1_0.timestamp desc
2026-09-26T22:44:50.243+05:30 DEBUG 23996 --- [nio-8080-exec-1] o.s.web.servlet.DispatcherServlet        : GET "/favicon.ico", parameters={}
2026-09-26T22:44:50.243+05:30 DEBUG 23996 --- [nio-8080-exec-9] o.s.w.s.m.m.a.HttpEntityMethodProcessor  : Using 'application/json', given [*/*] and supported [application/json, application/*+json]
2026-09-26T22:44:50.243+05:30 DEBUG 23996 --- [nio-8080-exec-1] o.s.w.s.handler.SimpleUrlHandlerMapping  : Mapped to ResourceHttpRequestHandler [URL [file:frontend/], classpath [static/]]
2026-09-26T22:44:50.243+05:30 DEBUG 23996 --- [nio-8080-exec-9] o.s.w.s.m.m.a.HttpEntityMethodProcessor  : Writing [[com.stocksense.dto.StockMoveResponseDto@5d77230a, com.stocksense.dto.StockMoveResponseDto@4a600a12, (truncated)...]
2026-09-26T22:44:50.246+05:30 DEBUG 23996 --- [nio-8080-exec-1] o.s.w.s.r.ResourceHttpRequestHandler     : Resource not found
2026-09-26T22:44:50.250+05:30 DEBUG 23996 --- [nio-8080-exec-1] .m.m.a.ExceptionHandlerExceptionResolver : Using @ExceptionHandler com.stocksense.controller.GlobalExceptionHandler#handleGenericException(Exception)
2026-09-26T22:44:50.250+05:30 DEBUG 23996 --- [nio-8080-exec-9] o.s.web.servlet.DispatcherServlet        : Completed 200 OK
2026-09-26T22:44:50.250+05:30 DEBUG 23996 --- [nio-8080-exec-1] o.s.w.s.m.m.a.HttpEntityMethodProcessor  : Using 'application/json;q=0.8', given [image/avif, image/webp, image/apng, image/svg+xml, image/*, */*;q=0.8] and supported [application/json, application/*+json]
2026-09-26T22:44:50.254+05:30 DEBUG 23996 --- [nio-8080-exec-1] o.s.w.s.m.m.a.HttpEntityMethodProcessor  : Writing [com.stocksense.dto.ErrorResponseDto@7a2a490]
2026-09-26T22:44:50.256+05:30 DEBUG 23996 --- [nio-8080-exec-1] .m.m.a.ExceptionHandlerExceptionResolver : Resolved [org.springframework.web.servlet.resource.NoResourceFoundException: No static resource favicon.ico.]
2026-09-26T22:44:50.256+05:30 DEBUG 23996 --- [nio-8080-exec-1] o.s.web.servlet.DispatcherServlet        : Completed 500 INTERNAL_SERVER_ERROR
2026-09-26T22:45:21.316+05:30 DEBUG 23996 --- [nio-8080-exec-4] o.s.web.servlet.DispatcherServlet        : GET "/pending.html", parameters={}
2026-09-26T22:45:21.317+05:30 DEBUG 23996 --- [nio-8080-exec-4] o.s.w.s.handler.SimpleUrlHandlerMapping  : Mapped to ResourceHttpRequestHandler [URL [file:frontend/], classpath [static/]]
2026-09-26T22:45:21.320+05:30 DEBUG 23996 --- [nio-8080-exec-4] o.s.web.servlet.DispatcherServlet        : Completed 200 OK
2026-09-26T22:45:21.336+05:30 DEBUG 23996 --- [nio-8080-exec-2] o.s.web.servlet.DispatcherServlet        : GET "/style.css", parameters={}
2026-09-26T22:45:21.338+05:30 DEBUG 23996 --- [nio-8080-exec-2] o.s.w.s.handler.SimpleUrlHandlerMapping  : Mapped to ResourceHttpRequestHandler [URL [file:frontend/], classpath [static/]]
2026-09-26T22:45:21.340+05:30 DEBUG 23996 --- [nio-8080-exec-2] o.s.web.servlet.DispatcherServlet        : Completed 200 OK
2026-09-26T22:45:21.347+05:30 DEBUG 23996 --- [nio-8080-exec-6] o.s.web.servlet.DispatcherServlet        : GET "/api.js", parameters={}
2026-09-26T22:45:21.347+05:30 DEBUG 23996 --- [io-8080-exec-10] o.s.web.servlet.DispatcherServlet        : GET "/utils.js", parameters={}
2026-09-26T22:45:21.348+05:30 DEBUG 23996 --- [nio-8080-exec-6] o.s.w.s.handler.SimpleUrlHandlerMapping  : Mapped to ResourceHttpRequestHandler [URL [file:frontend/], classpath [static/]]
2026-09-26T22:45:21.348+05:30 DEBUG 23996 --- [io-8080-exec-10] o.s.w.s.handler.SimpleUrlHandlerMapping  : Mapped to ResourceHttpRequestHandler [URL [file:frontend/], classpath [static/]]
2026-09-26T22:45:21.351+05:30 DEBUG 23996 --- [nio-8080-exec-6] o.s.web.servlet.DispatcherServlet        : Completed 200 OK
2026-09-26T22:45:21.353+05:30 DEBUG 23996 --- [io-8080-exec-10] o.s.web.servlet.DispatcherServlet        : Completed 200 OK
2026-09-26T22:45:21.366+05:30 DEBUG 23996 --- [nio-8080-exec-5] o.s.web.servlet.DispatcherServlet        : GET "/moves/pending", parameters={}
2026-09-26T22:45:21.368+05:30 DEBUG 23996 --- [nio-8080-exec-5] s.w.s.m.m.a.RequestMappingHandlerMapping : Mapped to com.stocksense.controller.StockMoveController#getPendingMoves()
2026-09-26T22:45:21.370+05:30 DEBUG 23996 --- [nio-8080-exec-5] org.hibernate.SQL                        : select sm1_0.id,sm1_0.location_id,l1_0.id,l1_0.name,sm1_0.move_type,sm1_0.note,sm1_0.product_id,p1_0.id,p1_0.category,p1_0.name,p1_0.sku,p1_0.unit_of_measure,sm1_0.quantity_change,sm1_0.status,sm1_0.supplier_name,sm1_0.timestamp from stock_moves sm1_0 join products p1_0 on p1_0.id=sm1_0.product_id join locations l1_0 on l1_0.id=sm1_0.location_id where sm1_0.status=? order by sm1_0.timestamp desc
2026-09-26T22:45:21.376+05:30 DEBUG 23996 --- [nio-8080-exec-5] o.s.w.s.m.m.a.HttpEntityMethodProcessor  : Using 'application/json', given [*/*] and supported [application/json, application/*+json]
2026-09-26T22:45:21.378+05:30 DEBUG 23996 --- [nio-8080-exec-5] o.s.w.s.m.m.a.HttpEntityMethodProcessor  : Writing [[]]
2026-09-26T22:45:21.381+05:30 DEBUG 23996 --- [nio-8080-exec-5] o.s.web.servlet.DispatcherServlet        : Completed 200 OK
2026-09-26T22:45:21.394+05:30 DEBUG 23996 --- [nio-8080-exec-8] o.s.web.servlet.DispatcherServlet        : GET "/favicon.ico", parameters={}
2026-09-26T22:45:21.394+05:30 DEBUG 23996 --- [nio-8080-exec-8] o.s.w.s.handler.SimpleUrlHandlerMapping  : Mapped to ResourceHttpRequestHandler [URL [file:frontend/], classpath [static/]]
2026-09-26T22:45:21.394+05:30 DEBUG 23996 --- [nio-8080-exec-8] o.s.w.s.r.ResourceHttpRequestHandler     : Resource not found
2026-09-26T22:45:21.394+05:30 DEBUG 23996 --- [nio-8080-exec-8] .m.m.a.ExceptionHandlerExceptionResolver : Using @ExceptionHandler com.stocksense.controller.GlobalExceptionHandler#handleGenericException(Exception)
2026-09-26T22:45:21.402+05:30 DEBUG 23996 --- [nio-8080-exec-8] o.s.w.s.m.m.a.HttpEntityMethodProcessor  : Using 'application/json;q=0.8', given [image/avif, image/webp, image/apng, image/svg+xml, image/*, */*;q=0.8] and supported [application/json, application/*+json]
2026-09-26T22:45:21.402+05:30 DEBUG 23996 --- [nio-8080-exec-8] o.s.w.s.m.m.a.HttpEntityMethodProcessor  : Writing [com.stocksense.dto.ErrorResponseDto@5301bda4]
2026-09-26T22:45:21.405+05:30 DEBUG 23996 --- [nio-8080-exec-8] .m.m.a.ExceptionHandlerExceptionResolver : Resolved [org.springframework.web.servlet.resource.NoResourceFoundException: No static resource favicon.ico.]
2026-09-26T22:45:21.405+05:30 DEBUG 23996 --- [nio-8080-exec-8] o.s.web.servlet.DispatcherServlet        : Completed 500 INTERNAL_SERVER_ERROR
2026-09-26T22:45:24.622+05:30 DEBUG 23996 --- [nio-8080-exec-3] o.s.web.servlet.DispatcherServlet        : GET "/receipt.html", parameters={}
2026-09-26T22:45:24.625+05:30 DEBUG 23996 --- [nio-8080-exec-3] o.s.w.s.handler.SimpleUrlHandlerMapping  : Mapped to ResourceHttpRequestHandler [URL [file:frontend/], classpath [static/]]
2026-09-26T22:45:24.625+05:30 DEBUG 23996 --- [nio-8080-exec-3] o.s.web.servlet.DispatcherServlet        : Completed 200 OK
2026-09-26T22:45:24.653+05:30 DEBUG 23996 --- [nio-8080-exec-7] o.s.web.servlet.DispatcherServlet        : GET "/style.css", parameters={}
2026-09-26T22:45:24.653+05:30 DEBUG 23996 --- [nio-8080-exec-7] o.s.w.s.handler.SimpleUrlHandlerMapping  : Mapped to ResourceHttpRequestHandler [URL [file:frontend/], classpath [static/]]
2026-09-26T22:45:24.661+05:30 DEBUG 23996 --- [nio-8080-exec-7] o.s.web.servlet.DispatcherServlet        : Completed 200 OK
2026-09-26T22:45:24.715+05:30 DEBUG 23996 --- [nio-8080-exec-9] o.s.web.servlet.DispatcherServlet        : GET "/api.js", parameters={}
2026-09-26T22:45:24.715+05:30 DEBUG 23996 --- [nio-8080-exec-1] o.s.web.servlet.DispatcherServlet        : GET "/utils.js", parameters={}
2026-09-26T22:45:24.719+05:30 DEBUG 23996 --- [nio-8080-exec-9] o.s.w.s.handler.SimpleUrlHandlerMapping  : Mapped to ResourceHttpRequestHandler [URL [file:frontend/], classpath [static/]]
2026-09-26T22:45:24.719+05:30 DEBUG 23996 --- [nio-8080-exec-1] o.s.w.s.handler.SimpleUrlHandlerMapping  : Mapped to ResourceHttpRequestHandler [URL [file:frontend/], classpath [static/]]
2026-09-26T22:45:24.719+05:30 DEBUG 23996 --- [nio-8080-exec-9] o.s.web.servlet.DispatcherServlet        : Completed 200 OK
2026-09-26T22:45:24.724+05:30 DEBUG 23996 --- [nio-8080-exec-1] o.s.web.servlet.DispatcherServlet        : Completed 200 OK
2026-09-26T22:45:24.774+05:30 DEBUG 23996 --- [nio-8080-exec-4] o.s.web.servlet.DispatcherServlet        : GET "/products", parameters={}
2026-09-26T22:45:24.774+05:30 DEBUG 23996 --- [nio-8080-exec-2] o.s.web.servlet.DispatcherServlet        : GET "/locations", parameters={}
2026-09-26T22:45:24.774+05:30 DEBUG 23996 --- [nio-8080-exec-4] s.w.s.m.m.a.RequestMappingHandlerMapping : Mapped to com.stocksense.controller.ProductController#listProducts()
2026-09-26T22:45:24.774+05:30 DEBUG 23996 --- [nio-8080-exec-2] s.w.s.m.m.a.RequestMappingHandlerMapping : Mapped to com.stocksense.controller.LocationController#getAllLocations()
2026-09-26T22:45:24.779+05:30 DEBUG 23996 --- [nio-8080-exec-6] o.s.web.servlet.DispatcherServlet        : GET "/moves/recent?limit=5&type=receipt", parameters={masked}
2026-09-26T22:45:24.780+05:30 DEBUG 23996 --- [nio-8080-exec-6] s.w.s.m.m.a.RequestMappingHandlerMapping : Mapped to com.stocksense.controller.StockMoveController#getRecentMoves(String, int)
2026-09-26T22:45:24.782+05:30 DEBUG 23996 --- [nio-8080-exec-4] org.hibernate.SQL                        : select p1_0.id,p1_0.category,p1_0.name,p1_0.sku,p1_0.unit_of_measure from products p1_0 order by p1_0.name
2026-09-26T22:45:24.782+05:30 DEBUG 23996 --- [nio-8080-exec-2] org.hibernate.SQL                        : select l1_0.id,l1_0.name from locations l1_0 order by l1_0.name
2026-09-26T22:45:24.789+05:30 DEBUG 23996 --- [nio-8080-exec-4] org.hibernate.SQL                        : select sm1_0.product_id,cast(coalesce(sum(sm1_0.quantity_change),0) as integer) from stock_moves sm1_0 where sm1_0.status='CONFIRMED' group by sm1_0.product_id
2026-09-26T22:45:24.789+05:30 DEBUG 23996 --- [nio-8080-exec-6] org.hibernate.SQL                        : select sm1_0.id,sm1_0.location_id,l1_0.id,l1_0.name,sm1_0.move_type,sm1_0.note,sm1_0.product_id,p1_0.id,p1_0.category,p1_0.name,p1_0.sku,p1_0.unit_of_measure,sm1_0.quantity_change,sm1_0.status,sm1_0.supplier_name,sm1_0.timestamp from stock_moves sm1_0 join products p1_0 on p1_0.id=sm1_0.product_id join locations l1_0 on l1_0.id=sm1_0.location_id where sm1_0.move_type=? order by sm1_0.timestamp desc fetch first ? rows only
2026-09-26T22:45:24.791+05:30 DEBUG 23996 --- [nio-8080-exec-2] o.s.w.s.m.m.a.HttpEntityMethodProcessor  : Using 'application/json', given [*/*] and supported [application/json, application/*+json]
2026-09-26T22:45:24.795+05:30 DEBUG 23996 --- [nio-8080-exec-2] o.s.w.s.m.m.a.HttpEntityMethodProcessor  : Writing [[com.stocksense.model.Location@20, com.stocksense.model.Location@40]]
2026-09-26T22:45:24.795+05:30 DEBUG 23996 --- [nio-8080-exec-4] org.hibernate.SQL                        : select sm1_0.product_id,sm1_0.location_id,l1_0.name,cast(coalesce(sum(sm1_0.quantity_change),0) as integer) from stock_moves sm1_0 join locations l1_0 on l1_0.id=sm1_0.location_id where sm1_0.status='CONFIRMED' group by sm1_0.product_id,sm1_0.location_id,l1_0.name
2026-09-26T22:45:24.797+05:30 DEBUG 23996 --- [nio-8080-exec-2] o.s.web.servlet.DispatcherServlet        : Completed 200 OK
2026-09-26T22:45:24.805+05:30 DEBUG 23996 --- [nio-8080-exec-6] o.s.w.s.m.m.a.HttpEntityMethodProcessor  : Using 'application/json', given [*/*] and supported [application/json, application/*+json]
2026-09-26T22:45:24.807+05:30 DEBUG 23996 --- [nio-8080-exec-6] o.s.w.s.m.m.a.HttpEntityMethodProcessor  : Writing [[com.stocksense.dto.StockMoveResponseDto@20bda74e, com.stocksense.dto.StockMoveResponseDto@a167839,  (truncated)...]
2026-09-26T22:45:24.807+05:30 DEBUG 23996 --- [nio-8080-exec-4] o.s.w.s.m.m.a.HttpEntityMethodProcessor  : Using 'application/json', given [*/*] and supported [application/json, application/*+json]
2026-09-26T22:45:24.811+05:30 DEBUG 23996 --- [nio-8080-exec-4] o.s.w.s.m.m.a.HttpEntityMethodProcessor  : Writing [[com.stocksense.dto.ProductResponseDto@215737fd, com.stocksense.dto.ProductResponseDto@215652b1, com (truncated)...]
2026-09-26T22:45:24.811+05:30 DEBUG 23996 --- [nio-8080-exec-6] o.s.web.servlet.DispatcherServlet        : Completed 200 OK
2026-09-26T22:45:24.814+05:30 DEBUG 23996 --- [nio-8080-exec-4] o.s.web.servlet.DispatcherServlet        : Completed 200 OK
2026-09-26T22:45:24.853+05:30 DEBUG 23996 --- [io-8080-exec-10] o.s.web.servlet.DispatcherServlet        : GET "/favicon.ico", parameters={}
2026-09-26T22:45:24.853+05:30 DEBUG 23996 --- [io-8080-exec-10] o.s.w.s.handler.SimpleUrlHandlerMapping  : Mapped to ResourceHttpRequestHandler [URL [file:frontend/], classpath [static/]]
2026-09-26T22:45:24.859+05:30 DEBUG 23996 --- [io-8080-exec-10] o.s.w.s.r.ResourceHttpRequestHandler     : Resource not found
2026-09-26T22:45:24.862+05:30 DEBUG 23996 --- [io-8080-exec-10] .m.m.a.ExceptionHandlerExceptionResolver : Using @ExceptionHandler com.stocksense.controller.GlobalExceptionHandler#handleGenericException(Exception)
2026-09-26T22:45:24.864+05:30 DEBUG 23996 --- [io-8080-exec-10] o.s.w.s.m.m.a.HttpEntityMethodProcessor  : Using 'application/json;q=0.8', given [image/avif, image/webp, image/apng, image/svg+xml, image/*, */*;q=0.8] and supported [application/json, application/*+json]
2026-09-26T22:45:24.866+05:30 DEBUG 23996 --- [io-8080-exec-10] o.s.w.s.m.m.a.HttpEntityMethodProcessor  : Writing [com.stocksense.dto.ErrorResponseDto@7dbd4909]
2026-09-26T22:45:24.868+05:30 DEBUG 23996 --- [io-8080-exec-10] .m.m.a.ExceptionHandlerExceptionResolver : Resolved [org.springframework.web.servlet.resource.NoResourceFoundException: No static resource favicon.ico.]
2026-09-26T22:45:24.869+05:30 DEBUG 23996 --- [io-8080-exec-10] o.s.web.servlet.DispatcherServlet        : Completed 500 INTERNAL_SERVER_ERROR
2026-09-26T22:45:48.414+05:30 DEBUG 23996 --- [nio-8080-exec-5] o.s.web.servlet.DispatcherServlet        : POST "/moves/receipt/draft", parameters={}
2026-09-26T22:45:48.418+05:30 DEBUG 23996 --- [nio-8080-exec-5] s.w.s.m.m.a.RequestMappingHandlerMapping : Mapped to com.stocksense.controller.StockMoveController#saveReceiptDraft(ReceiptRequestDto)
2026-09-26T22:45:48.424+05:30 DEBUG 23996 --- [nio-8080-exec-5] m.m.a.RequestResponseBodyMethodProcessor : Read "application/json;charset=UTF-8" to [com.stocksense.dto.ReceiptRequestDto@1625fc31]
2026-09-26T22:45:48.439+05:30 DEBUG 23996 --- [nio-8080-exec-5] org.hibernate.SQL                        : select p1_0.id,p1_0.category,p1_0.name,p1_0.sku,p1_0.unit_of_measure from products p1_0 where p1_0.id=?
2026-09-26T22:45:48.439+05:30 DEBUG 23996 --- [nio-8080-exec-5] org.hibernate.SQL                        : select l1_0.id,l1_0.name from locations l1_0 where l1_0.id=?
2026-09-26T22:45:48.455+05:30 DEBUG 23996 --- [nio-8080-exec-5] org.hibernate.SQL                        : insert into stock_moves (location_id,move_type,note,product_id,quantity_change,status,supplier_name,timestamp,id) values (?,?,?,?,?,?,?,?,default)
2026-09-26T22:45:48.485+05:30 DEBUG 23996 --- [nio-8080-exec-5] o.s.w.s.m.m.a.HttpEntityMethodProcessor  : Using 'application/json', given [*/*] and supported [application/json, application/*+json]
2026-09-26T22:45:48.485+05:30 DEBUG 23996 --- [nio-8080-exec-5] o.s.w.s.m.m.a.HttpEntityMethodProcessor  : Writing [com.stocksense.dto.StockMoveResponseDto@41228fdb]
2026-09-26T22:45:48.485+05:30 DEBUG 23996 --- [nio-8080-exec-5] o.s.web.servlet.DispatcherServlet        : Completed 201 CREATED
2026-09-26T22:45:48.497+05:30 DEBUG 23996 --- [nio-8080-exec-8] o.s.web.servlet.DispatcherServlet        : GET "/products", parameters={}
2026-09-26T22:45:48.497+05:30 DEBUG 23996 --- [nio-8080-exec-3] o.s.web.servlet.DispatcherServlet        : GET "/moves/recent?limit=5&type=receipt", parameters={masked}
2026-09-26T22:45:48.501+05:30 DEBUG 23996 --- [nio-8080-exec-8] s.w.s.m.m.a.RequestMappingHandlerMapping : Mapped to com.stocksense.controller.ProductController#listProducts()
2026-09-26T22:45:48.501+05:30 DEBUG 23996 --- [nio-8080-exec-3] s.w.s.m.m.a.RequestMappingHandlerMapping : Mapped to com.stocksense.controller.StockMoveController#getRecentMoves(String, int)
2026-09-26T22:45:48.507+05:30 DEBUG 23996 --- [nio-8080-exec-8] org.hibernate.SQL                        : select p1_0.id,p1_0.category,p1_0.name,p1_0.sku,p1_0.unit_of_measure from products p1_0 order by p1_0.name
2026-09-26T22:45:48.507+05:30 DEBUG 23996 --- [nio-8080-exec-3] org.hibernate.SQL                        : select sm1_0.id,sm1_0.location_id,l1_0.id,l1_0.name,sm1_0.move_type,sm1_0.note,sm1_0.product_id,p1_0.id,p1_0.category,p1_0.name,p1_0.sku,p1_0.unit_of_measure,sm1_0.quantity_change,sm1_0.status,sm1_0.supplier_name,sm1_0.timestamp from stock_moves sm1_0 join products p1_0 on p1_0.id=sm1_0.product_id join locations l1_0 on l1_0.id=sm1_0.location_id where sm1_0.move_type=? order by sm1_0.timestamp desc fetch first ? rows only
2026-09-26T22:45:48.512+05:30 DEBUG 23996 --- [nio-8080-exec-8] org.hibernate.SQL                        : select sm1_0.product_id,cast(coalesce(sum(sm1_0.quantity_change),0) as integer) from stock_moves sm1_0 where sm1_0.status='CONFIRMED' group by sm1_0.product_id
2026-09-26T22:45:48.516+05:30 DEBUG 23996 --- [nio-8080-exec-3] o.s.w.s.m.m.a.HttpEntityMethodProcessor  : Using 'application/json', given [*/*] and supported [application/json, application/*+json]
2026-09-26T22:45:48.517+05:30 DEBUG 23996 --- [nio-8080-exec-3] o.s.w.s.m.m.a.HttpEntityMethodProcessor  : Writing [[com.stocksense.dto.StockMoveResponseDto@1adaf139, com.stocksense.dto.StockMoveResponseDto@562a2e0c, (truncated)...]
2026-09-26T22:45:48.519+05:30 DEBUG 23996 --- [nio-8080-exec-8] org.hibernate.SQL                        : select sm1_0.product_id,sm1_0.location_id,l1_0.name,cast(coalesce(sum(sm1_0.quantity_change),0) as integer) from stock_moves sm1_0 join locations l1_0 on l1_0.id=sm1_0.location_id where sm1_0.status='CONFIRMED' group by sm1_0.product_id,sm1_0.location_id,l1_0.name
2026-09-26T22:45:48.521+05:30 DEBUG 23996 --- [nio-8080-exec-3] o.s.web.servlet.DispatcherServlet        : Completed 200 OK
2026-09-26T22:45:48.525+05:30 DEBUG 23996 --- [nio-8080-exec-8] o.s.w.s.m.m.a.HttpEntityMethodProcessor  : Using 'application/json', given [*/*] and supported [application/json, application/*+json]
2026-09-26T22:45:48.525+05:30 DEBUG 23996 --- [nio-8080-exec-8] o.s.w.s.m.m.a.HttpEntityMethodProcessor  : Writing [[com.stocksense.dto.ProductResponseDto@d07e8c9, com.stocksense.dto.ProductResponseDto@75e045f3, com. (truncated)...]
2026-09-26T22:45:48.525+05:30 DEBUG 23996 --- [nio-8080-exec-8] o.s.web.servlet.DispatcherServlet        : Completed 200 OK
2026-09-26T22:45:49.708+05:30 DEBUG 23996 --- [nio-8080-exec-7] o.s.web.servlet.DispatcherServlet        : GET "/pending.html", parameters={}
2026-09-26T22:45:49.708+05:30 DEBUG 23996 --- [nio-8080-exec-7] o.s.w.s.handler.SimpleUrlHandlerMapping  : Mapped to ResourceHttpRequestHandler [URL [file:frontend/], classpath [static/]]
2026-09-26T22:45:49.708+05:30 DEBUG 23996 --- [nio-8080-exec-7] o.s.web.servlet.DispatcherServlet        : Completed 200 OK
2026-09-26T22:45:49.746+05:30 DEBUG 23996 --- [nio-8080-exec-9] o.s.web.servlet.DispatcherServlet        : GET "/style.css", parameters={}
2026-09-26T22:45:49.746+05:30 DEBUG 23996 --- [nio-8080-exec-9] o.s.w.s.handler.SimpleUrlHandlerMapping  : Mapped to ResourceHttpRequestHandler [URL [file:frontend/], classpath [static/]]
2026-09-26T22:45:49.755+05:30 DEBUG 23996 --- [nio-8080-exec-9] o.s.web.servlet.DispatcherServlet        : Completed 200 OK
2026-09-26T22:45:49.768+05:30 DEBUG 23996 --- [nio-8080-exec-1] o.s.web.servlet.DispatcherServlet        : GET "/api.js", parameters={}
2026-09-26T22:45:49.768+05:30 DEBUG 23996 --- [nio-8080-exec-2] o.s.web.servlet.DispatcherServlet        : GET "/utils.js", parameters={}
2026-09-26T22:45:49.768+05:30 DEBUG 23996 --- [nio-8080-exec-1] o.s.w.s.handler.SimpleUrlHandlerMapping  : Mapped to ResourceHttpRequestHandler [URL [file:frontend/], classpath [static/]]
2026-09-26T22:45:49.768+05:30 DEBUG 23996 --- [nio-8080-exec-2] o.s.w.s.handler.SimpleUrlHandlerMapping  : Mapped to ResourceHttpRequestHandler [URL [file:frontend/], classpath [static/]]
2026-09-26T22:45:49.777+05:30 DEBUG 23996 --- [nio-8080-exec-1] o.s.web.servlet.DispatcherServlet        : Completed 200 OK
2026-09-26T22:45:49.777+05:30 DEBUG 23996 --- [nio-8080-exec-2] o.s.web.servlet.DispatcherServlet        : Completed 200 OK
2026-09-26T22:45:49.796+05:30 DEBUG 23996 --- [nio-8080-exec-6] o.s.web.servlet.DispatcherServlet        : GET "/moves/pending", parameters={}
2026-09-26T22:45:49.798+05:30 DEBUG 23996 --- [nio-8080-exec-6] s.w.s.m.m.a.RequestMappingHandlerMapping : Mapped to com.stocksense.controller.StockMoveController#getPendingMoves()
2026-09-26T22:45:49.803+05:30 DEBUG 23996 --- [nio-8080-exec-6] org.hibernate.SQL                        : select sm1_0.id,sm1_0.location_id,l1_0.id,l1_0.name,sm1_0.move_type,sm1_0.note,sm1_0.product_id,p1_0.id,p1_0.category,p1_0.name,p1_0.sku,p1_0.unit_of_measure,sm1_0.quantity_change,sm1_0.status,sm1_0.supplier_name,sm1_0.timestamp from stock_moves sm1_0 join products p1_0 on p1_0.id=sm1_0.product_id join locations l1_0 on l1_0.id=sm1_0.location_id where sm1_0.status=? order by sm1_0.timestamp desc
2026-09-26T22:45:49.812+05:30 DEBUG 23996 --- [nio-8080-exec-6] o.s.w.s.m.m.a.HttpEntityMethodProcessor  : Using 'application/json', given [*/*] and supported [application/json, application/*+json]
2026-09-26T22:45:49.816+05:30 DEBUG 23996 --- [nio-8080-exec-6] o.s.w.s.m.m.a.HttpEntityMethodProcessor  : Writing [[com.stocksense.dto.StockMoveResponseDto@26005988]]
2026-09-26T22:45:49.822+05:30 DEBUG 23996 --- [nio-8080-exec-6] o.s.web.servlet.DispatcherServlet        : Completed 200 OK
2026-09-26T22:45:49.832+05:30 DEBUG 23996 --- [nio-8080-exec-4] o.s.web.servlet.DispatcherServlet        : GET "/favicon.ico", parameters={}
2026-09-26T22:45:49.838+05:30 DEBUG 23996 --- [nio-8080-exec-4] o.s.w.s.handler.SimpleUrlHandlerMapping  : Mapped to ResourceHttpRequestHandler [URL [file:frontend/], classpath [static/]]
2026-09-26T22:45:49.843+05:30 DEBUG 23996 --- [nio-8080-exec-4] o.s.w.s.r.ResourceHttpRequestHandler     : Resource not found
2026-09-26T22:45:49.844+05:30 DEBUG 23996 --- [nio-8080-exec-4] .m.m.a.ExceptionHandlerExceptionResolver : Using @ExceptionHandler com.stocksense.controller.GlobalExceptionHandler#handleGenericException(Exception)
2026-09-26T22:45:49.846+05:30 DEBUG 23996 --- [nio-8080-exec-4] o.s.w.s.m.m.a.HttpEntityMethodProcessor  : Using 'application/json;q=0.8', given [image/avif, image/webp, image/apng, image/svg+xml, image/*, */*;q=0.8] and supported [application/json, application/*+json]
2026-09-26T22:45:49.848+05:30 DEBUG 23996 --- [nio-8080-exec-4] o.s.w.s.m.m.a.HttpEntityMethodProcessor  : Writing [com.stocksense.dto.ErrorResponseDto@6f1d0d46]
2026-09-26T22:45:49.849+05:30 DEBUG 23996 --- [nio-8080-exec-4] .m.m.a.ExceptionHandlerExceptionResolver : Resolved [org.springframework.web.servlet.resource.NoResourceFoundException: No static resource favicon.ico.]
2026-09-26T22:45:49.851+05:30 DEBUG 23996 --- [nio-8080-exec-4] o.s.web.servlet.DispatcherServlet        : Completed 500 INTERNAL_SERVER_ERROR
2026-09-26T22:45:58.945+05:30 DEBUG 23996 --- [io-8080-exec-10] o.s.web.servlet.DispatcherServlet        : GET "/settings.html", parameters={}
2026-09-26T22:45:58.946+05:30 DEBUG 23996 --- [io-8080-exec-10] o.s.w.s.handler.SimpleUrlHandlerMapping  : Mapped to ResourceHttpRequestHandler [URL [file:frontend/], classpath [static/]]
2026-09-26T22:45:58.949+05:30 DEBUG 23996 --- [io-8080-exec-10] o.s.web.servlet.DispatcherServlet        : Completed 200 OK
2026-09-26T22:45:58.969+05:30 DEBUG 23996 --- [nio-8080-exec-5] o.s.web.servlet.DispatcherServlet        : GET "/style.css", parameters={}
2026-09-26T22:45:58.971+05:30 DEBUG 23996 --- [nio-8080-exec-5] o.s.w.s.handler.SimpleUrlHandlerMapping  : Mapped to ResourceHttpRequestHandler [URL [file:frontend/], classpath [static/]]
2026-09-26T22:45:58.976+05:30 DEBUG 23996 --- [nio-8080-exec-5] o.s.web.servlet.DispatcherServlet        : Completed 200 OK
2026-09-26T22:45:58.979+05:30 DEBUG 23996 --- [nio-8080-exec-3] o.s.web.servlet.DispatcherServlet        : GET "/api.js", parameters={}
2026-09-26T22:45:58.979+05:30 DEBUG 23996 --- [nio-8080-exec-8] o.s.web.servlet.DispatcherServlet        : GET "/utils.js", parameters={}
2026-09-26T22:45:58.982+05:30 DEBUG 23996 --- [nio-8080-exec-3] o.s.w.s.handler.SimpleUrlHandlerMapping  : Mapped to ResourceHttpRequestHandler [URL [file:frontend/], classpath [static/]]
2026-09-26T22:45:58.984+05:30 DEBUG 23996 --- [nio-8080-exec-8] o.s.w.s.handler.SimpleUrlHandlerMapping  : Mapped to ResourceHttpRequestHandler [URL [file:frontend/], classpath [static/]]
2026-09-26T22:45:58.984+05:30 DEBUG 23996 --- [nio-8080-exec-3] o.s.web.servlet.DispatcherServlet        : Completed 200 OK
2026-09-26T22:45:58.987+05:30 DEBUG 23996 --- [nio-8080-exec-8] o.s.web.servlet.DispatcherServlet        : Completed 200 OK
2026-09-26T22:45:59.002+05:30 DEBUG 23996 --- [nio-8080-exec-7] o.s.web.servlet.DispatcherServlet        : GET "/locations", parameters={}
2026-09-26T22:45:59.003+05:30 DEBUG 23996 --- [nio-8080-exec-7] s.w.s.m.m.a.RequestMappingHandlerMapping : Mapped to com.stocksense.controller.LocationController#getAllLocations()
2026-09-26T22:45:59.006+05:30 DEBUG 23996 --- [nio-8080-exec-7] org.hibernate.SQL                        : select l1_0.id,l1_0.name from locations l1_0 order by l1_0.name
2026-09-26T22:45:59.009+05:30 DEBUG 23996 --- [nio-8080-exec-7] o.s.w.s.m.m.a.HttpEntityMethodProcessor  : Using 'application/json', given [*/*] and supported [application/json, application/*+json]
2026-09-26T22:45:59.009+05:30 DEBUG 23996 --- [nio-8080-exec-7] o.s.w.s.m.m.a.HttpEntityMethodProcessor  : Writing [[com.stocksense.model.Location@20, com.stocksense.model.Location@40]]
2026-09-26T22:45:59.009+05:30 DEBUG 23996 --- [nio-8080-exec-7] o.s.web.servlet.DispatcherServlet        : Completed 200 OK
2026-09-26T22:45:59.037+05:30 DEBUG 23996 --- [nio-8080-exec-9] o.s.web.servlet.DispatcherServlet        : GET "/favicon.ico", parameters={}
2026-09-26T22:45:59.045+05:30 DEBUG 23996 --- [nio-8080-exec-9] o.s.w.s.handler.SimpleUrlHandlerMapping  : Mapped to ResourceHttpRequestHandler [URL [file:frontend/], classpath [static/]]
2026-09-26T22:45:59.045+05:30 DEBUG 23996 --- [nio-8080-exec-9] o.s.w.s.r.ResourceHttpRequestHandler     : Resource not found
2026-09-26T22:45:59.048+05:30 DEBUG 23996 --- [nio-8080-exec-9] .m.m.a.ExceptionHandlerExceptionResolver : Using @ExceptionHandler com.stocksense.controller.GlobalExceptionHandler#handleGenericException(Exception)
2026-09-26T22:45:59.050+05:30 DEBUG 23996 --- [nio-8080-exec-9] o.s.w.s.m.m.a.HttpEntityMethodProcessor  : Using 'application/json;q=0.8', given [image/avif, image/webp, image/apng, image/svg+xml, image/*, */*;q=0.8] and supported [application/json, application/*+json]
2026-09-26T22:45:59.052+05:30 DEBUG 23996 --- [nio-8080-exec-9] o.s.w.s.m.m.a.HttpEntityMethodProcessor  : Writing [com.stocksense.dto.ErrorResponseDto@2c1b6ad4]
2026-09-26T22:45:59.053+05:30 DEBUG 23996 --- [nio-8080-exec-9] .m.m.a.ExceptionHandlerExceptionResolver : Resolved [org.springframework.web.servlet.resource.NoResourceFoundException: No static resource favicon.ico.]
2026-09-26T22:45:59.055+05:30 DEBUG 23996 --- [nio-8080-exec-9] o.s.web.servlet.DispatcherServlet        : Completed 500 INTERNAL_SERVER_ERROR
2026-09-26T22:46:18.167+05:30 DEBUG 23996 --- [nio-8080-exec-1] o.s.web.servlet.DispatcherServlet        : GET "/profile.html", parameters={}
2026-09-26T22:46:18.167+05:30 DEBUG 23996 --- [nio-8080-exec-1] o.s.w.s.handler.SimpleUrlHandlerMapping  : Mapped to ResourceHttpRequestHandler [URL [file:frontend/], classpath [static/]]
2026-09-26T22:46:18.167+05:30 DEBUG 23996 --- [nio-8080-exec-1] o.s.web.servlet.DispatcherServlet        : Completed 200 OK
2026-09-26T22:46:18.185+05:30 DEBUG 23996 --- [nio-8080-exec-2] o.s.web.servlet.DispatcherServlet        : GET "/style.css", parameters={}
2026-09-26T22:46:18.185+05:30 DEBUG 23996 --- [nio-8080-exec-2] o.s.w.s.handler.SimpleUrlHandlerMapping  : Mapped to ResourceHttpRequestHandler [URL [file:frontend/], classpath [static/]]
2026-09-26T22:46:18.188+05:30 DEBUG 23996 --- [nio-8080-exec-2] o.s.web.servlet.DispatcherServlet        : Completed 200 OK
2026-09-26T22:46:18.195+05:30 DEBUG 23996 --- [nio-8080-exec-6] o.s.web.servlet.DispatcherServlet        : GET "/api.js", parameters={}
2026-09-26T22:46:18.195+05:30 DEBUG 23996 --- [nio-8080-exec-4] o.s.web.servlet.DispatcherServlet        : GET "/utils.js", parameters={}
2026-09-26T22:46:18.195+05:30 DEBUG 23996 --- [nio-8080-exec-6] o.s.w.s.handler.SimpleUrlHandlerMapping  : Mapped to ResourceHttpRequestHandler [URL [file:frontend/], classpath [static/]]
2026-09-26T22:46:18.195+05:30 DEBUG 23996 --- [nio-8080-exec-4] o.s.w.s.handler.SimpleUrlHandlerMapping  : Mapped to ResourceHttpRequestHandler [URL [file:frontend/], classpath [static/]]
2026-09-26T22:46:18.197+05:30 DEBUG 23996 --- [nio-8080-exec-6] o.s.web.servlet.DispatcherServlet        : Completed 200 OK
2026-09-26T22:46:18.197+05:30 DEBUG 23996 --- [nio-8080-exec-4] o.s.web.servlet.DispatcherServlet        : Completed 200 OK
2026-09-26T22:46:18.207+05:30 DEBUG 23996 --- [io-8080-exec-10] o.s.web.servlet.DispatcherServlet        : GET "/auth/me", parameters={}
2026-09-26T22:46:18.207+05:30 DEBUG 23996 --- [io-8080-exec-10] s.w.s.m.m.a.RequestMappingHandlerMapping : Mapped to com.stocksense.controller.AuthController#getCurrentUser(String)
2026-09-26T22:46:18.224+05:30 DEBUG 23996 --- [io-8080-exec-10] org.hibernate.SQL                        : select u1_0.id,u1_0.created_at,u1_0.email,u1_0.password_hash from users u1_0 where upper(u1_0.email)=upper(?)
2026-09-26T22:46:18.228+05:30 DEBUG 23996 --- [io-8080-exec-10] o.s.w.s.m.m.a.HttpEntityMethodProcessor  : Using 'application/json', given [*/*] and supported [application/json, application/*+json]
2026-09-26T22:46:18.231+05:30 DEBUG 23996 --- [io-8080-exec-10] o.s.w.s.m.m.a.HttpEntityMethodProcessor  : Writing [{created_at=2026-09-26T16:22:16.784362, email=vjkingv7@gmail.com, id=34}]
2026-09-26T22:46:18.231+05:30 DEBUG 23996 --- [io-8080-exec-10] o.s.web.servlet.DispatcherServlet        : Completed 200 OK
2026-09-26T22:46:18.235+05:30 DEBUG 23996 --- [nio-8080-exec-5] o.s.web.servlet.DispatcherServlet        : GET "/favicon.ico", parameters={}
2026-09-26T22:46:18.235+05:30 DEBUG 23996 --- [nio-8080-exec-5] o.s.w.s.handler.SimpleUrlHandlerMapping  : Mapped to ResourceHttpRequestHandler [URL [file:frontend/], classpath [static/]]
2026-09-26T22:46:18.239+05:30 DEBUG 23996 --- [nio-8080-exec-5] o.s.w.s.r.ResourceHttpRequestHandler     : Resource not found
2026-09-26T22:46:18.240+05:30 DEBUG 23996 --- [nio-8080-exec-5] .m.m.a.ExceptionHandlerExceptionResolver : Using @ExceptionHandler com.stocksense.controller.GlobalExceptionHandler#handleGenericException(Exception)
2026-09-26T22:46:18.241+05:30 DEBUG 23996 --- [nio-8080-exec-5] o.s.w.s.m.m.a.HttpEntityMethodProcessor  : Using 'application/json;q=0.8', given [image/avif, image/webp, image/apng, image/svg+xml, image/*, */*;q=0.8] and supported [application/json, application/*+json]
2026-09-26T22:46:18.243+05:30 DEBUG 23996 --- [nio-8080-exec-5] o.s.w.s.m.m.a.HttpEntityMethodProcessor  : Writing [com.stocksense.dto.ErrorResponseDto@18c5cca5]
2026-09-26T22:46:18.246+05:30 DEBUG 23996 --- [nio-8080-exec-5] .m.m.a.ExceptionHandlerExceptionResolver : Resolved [org.springframework.web.servlet.resource.NoResourceFoundException: No static resource favicon.ico.]
2026-09-26T22:46:18.247+05:30 DEBUG 23996 --- [nio-8080-exec-5] o.s.web.servlet.DispatcherServlet        : Completed 500 INTERNAL_SERVER_ERROR
